Periode,Wilayah,Kode Wilayah,Kota/Kab,Kode Kota/Kab,Status Sekolah,Tingkat - I,Tingkat - II,Tingkat - III,Tingkat - IV,Tingkat - V,Tingkat - VI,Jumlah
2016,PROV. ACEH,11,KAB. ACEH SELATAN,1101,Negeri,16,11,4,6,8,10,55
2016,PROV. ACEH,11,KAB. ACEH SELATAN,1101,Swasta,0,0,0,0,0,0,0
2016,PROV. ACEH,11,KAB. ACEH TENGGARA,1102,Swasta,3,2,5,7,4,1,22
2016,PROV. ACEH,11,KAB. ACEH TENGGARA,1102,Negeri,13,11,11,9,7,2,53
2016,PROV. ACEH,11,KAB. ACEH TIMUR,1103,Swasta,1,1,0,0,0,0,2
2016,PROV. ACEH,11,KAB. ACEH TIMUR,1103,Negeri,32,18,16,23,26,31,146
2016,PROV. ACEH,11,KAB. ACEH TENGAH,1104,Swasta,0,0,0,1,0,0,1
2016,PROV. ACEH,11,KAB. ACEH TENGAH,1104,Negeri,8,14,8,4,9,7,50
2016,PROV. ACEH,11,KAB. ACEH BARAT,1105,Swasta,0,0,0,0,0,0,0
2016,PROV. ACEH,11,KAB. ACEH BARAT,1105,Negeri,8,7,7,7,5,5,39
2016,PROV. ACEH,11,KAB. ACEH BESAR,1106,Swasta,0,0,0,0,0,0,0
2016,PROV. ACEH,11,KAB. ACEH BESAR,1106,Negeri,11,8,7,7,9,6,48
2016,PROV. ACEH,11,KAB. PIDIE,1107,Swasta,0,1,1,0,0,0,2
2016,PROV. ACEH,11,KAB. PIDIE,1107,Negeri,28,18,10,15,4,2,77
2016,PROV. ACEH,11,KAB. ACEH UTARA,1108,Swasta,0,0,0,0,0,0,0
2016,PROV. ACEH,11,KAB. ACEH UTARA,1108,Negeri,15,25,20,11,10,5,86
2016,PROV. ACEH,11,KAB. SIMEULUE,1109,Swasta,0,0,0,0,0,0,0
2016,PROV. ACEH,11,KAB. SIMEULUE,1109,Negeri,2,4,7,3,2,3,21
2016,PROV. ACEH,11,KAB. ACEH SINGKIL,1110,Negeri,10,10,8,5,7,7,47
2016,PROV. ACEH,11,KAB. ACEH SINGKIL,1110,Swasta,0,0,0,0,0,0,0
2016,PROV. ACEH,11,KAB. BIREUEN,1111,Swasta,0,0,0,0,1,0,1
2016,PROV. ACEH,11,KAB. BIREUEN,1111,Negeri,15,13,18,7,6,11,70
2016,PROV. ACEH,11,KAB. ACEH BARAT DAYA,1112,Swasta,0,0,0,0,0,0,0
2016,PROV. ACEH,11,KAB. ACEH BARAT DAYA,1112,Negeri,4,1,3,2,1,2,13
2016,PROV. ACEH,11,KAB. GAYO LUES,1113,Swasta,0,1,0,0,0,0,1
2016,PROV. ACEH,11,KAB. GAYO LUES,1113,Negeri,15,13,6,5,1,20,60
2016,PROV. ACEH,11,KAB. ACEH JAYA,1114,Negeri,2,5,4,4,0,3,18
2016,PROV. ACEH,11,KAB. ACEH JAYA,1114,Swasta,0,0,0,0,0,0,0
2016,PROV. ACEH,11,KAB. NAGAN RAYA,1115,Negeri,6,12,7,3,9,1,38
2016,PROV. ACEH,11,KAB. NAGAN RAYA,1115,Swasta,0,0,0,0,0,0,0
2016,PROV. ACEH,11,KAB. ACEH TAMIANG,1116,Negeri,3,5,2,4,6,2,22
2016,PROV. ACEH,11,KAB. ACEH TAMIANG,1116,Swasta,0,0,0,0,0,0,0
2016,PROV. ACEH,11,KAB. BENER MERIAH,1117,Swasta,0,0,0,0,0,0,0
2016,PROV. ACEH,11,KAB. BENER MERIAH,1117,Negeri,12,7,6,5,6,1,37
2016,PROV. ACEH,11,KAB. PIDIE JAYA,1118,Swasta,0,0,0,0,0,0,0
2016,PROV. ACEH,11,KAB. PIDIE JAYA,1118,Negeri,3,9,6,1,4,1,24
2016,PROV. ACEH,11,KOTA BANDA ACEH,1171,Negeri,6,8,7,2,5,1,29
2016,PROV. ACEH,11,KOTA BANDA ACEH,1171,Swasta,0,1,0,1,0,0,2
2016,PROV. ACEH,11,KOTA SABANG,1172,Swasta,0,0,0,0,0,0,0
2016,PROV. ACEH,11,KOTA SABANG,1172,Negeri,2,1,0,1,2,0,6
2016,PROV. ACEH,11,KOTA LHOKSEUMAWE,1173,Swasta,0,0,0,0,0,0,0
2016,PROV. ACEH,11,KOTA LHOKSEUMAWE,1173,Negeri,2,3,0,2,0,2,9
2016,PROV. ACEH,11,KOTA LANGSA,1174,Negeri,6,2,2,3,2,2,17
2016,PROV. ACEH,11,KOTA LANGSA,1174,Swasta,1,0,0,1,1,0,3
2016,PROV. ACEH,11,KOTA SUBULUSSALAM,1175,Negeri,3,7,3,1,5,3,22
2016,PROV. ACEH,11,KOTA SUBULUSSALAM,1175,Swasta,0,0,0,0,0,0,0
2016,PROV. SUMATERA UTARA,12,KAB. TAPANULI TENGAH,1201,Negeri,31,31,25,24,25,7,143
2016,PROV. SUMATERA UTARA,12,KAB. TAPANULI TENGAH,1201,Swasta,0,0,0,2,1,0,3
2016,PROV. SUMATERA UTARA,12,KAB. TAPANULI UTARA,1202,Negeri,17,14,7,7,9,10,64
2016,PROV. SUMATERA UTARA,12,KAB. TAPANULI UTARA,1202,Swasta,0,2,0,0,0,0,2
2016,PROV. SUMATERA UTARA,12,KAB. TAPANULI SELATAN,1203,Swasta,0,0,1,0,0,0,1
2016,PROV. SUMATERA UTARA,12,KAB. TAPANULI SELATAN,1203,Negeri,13,20,14,19,23,13,102
2016,PROV. SUMATERA UTARA,12,KAB. NIAS,1204,Negeri,21,17,12,20,7,10,87
2016,PROV. SUMATERA UTARA,12,KAB. NIAS,1204,Swasta,0,0,0,0,0,0,0
2016,PROV. SUMATERA UTARA,12,KAB. LANGKAT,1205,Negeri,38,40,22,22,24,39,185
2016,PROV. SUMATERA UTARA,12,KAB. LANGKAT,1205,Swasta,4,2,0,4,4,1,15
2016,PROV. SUMATERA UTARA,12,KAB. KARO,1206,Swasta,1,2,4,2,0,0,9
2016,PROV. SUMATERA UTARA,12,KAB. KARO,1206,Negeri,20,24,14,13,10,7,88
2016,PROV. SUMATERA UTARA,12,KAB. DELI SERDANG,1207,Swasta,37,34,30,25,16,19,161
2016,PROV. SUMATERA UTARA,12,KAB. DELI SERDANG,1207,Negeri,92,76,66,42,72,65,413
2016,PROV. SUMATERA UTARA,12,KAB. SIMALUNGUN,1208,Swasta,2,3,4,0,2,2,13
2016,PROV. SUMATERA UTARA,12,KAB. SIMALUNGUN,1208,Negeri,55,31,19,15,14,25,159
2016,PROV. SUMATERA UTARA,12,KAB. ASAHAN,1209,Swasta,3,5,1,2,4,4,19
2016,PROV. SUMATERA UTARA,12,KAB. ASAHAN,1209,Negeri,36,39,30,40,49,33,227
2016,PROV. SUMATERA UTARA,12,KAB. LABUHANBATU,1210,Negeri,11,24,29,20,21,14,119
2016,PROV. SUMATERA UTARA,12,KAB. LABUHANBATU,1210,Swasta,9,2,3,3,3,6,26
2016,PROV. SUMATERA UTARA,12,KAB. DAIRI,1211,Negeri,14,18,13,18,18,17,98
2016,PROV. SUMATERA UTARA,12,KAB. DAIRI,1211,Swasta,1,0,2,1,1,1,6
2016,PROV. SUMATERA UTARA,12,KAB. TOBA,1212,Swasta,2,2,1,2,3,0,10
2016,PROV. SUMATERA UTARA,12,KAB. TOBA,1212,Negeri,10,9,7,4,7,2,39
2016,PROV. SUMATERA UTARA,12,KAB. MANDAILING NATAL,1213,Swasta,1,0,2,0,0,0,3
2016,PROV. SUMATERA UTARA,12,KAB. MANDAILING NATAL,1213,Negeri,29,18,18,16,10,25,116
2016,PROV. SUMATERA UTARA,12,KAB. NIAS SELATAN,1214,Swasta,0,0,0,0,0,0,0
2016,PROV. SUMATERA UTARA,12,KAB. NIAS SELATAN,1214,Negeri,64,55,42,32,44,61,298
2016,PROV. SUMATERA UTARA,12,KAB. PAKPAK BHARAT,1215,Swasta,0,0,0,0,0,0,0
2016,PROV. SUMATERA UTARA,12,KAB. PAKPAK BHARAT,1215,Negeri,2,2,5,1,2,0,12
2016,PROV. SUMATERA UTARA,12,KAB. HUMBANG HASUNDUTAN,1216,Negeri,13,6,6,3,8,3,39
2016,PROV. SUMATERA UTARA,12,KAB. HUMBANG HASUNDUTAN,1216,Swasta,1,0,0,0,0,0,1
2016,PROV. SUMATERA UTARA,12,KAB. SAMOSIR,1217,Negeri,6,4,5,5,5,3,28
2016,PROV. SUMATERA UTARA,12,KAB. SAMOSIR,1217,Swasta,0,1,2,1,3,2,9
2016,PROV. SUMATERA UTARA,12,KAB. SERDANG BEDAGAI,1218,Negeri,28,14,9,12,10,10,83
2016,PROV. SUMATERA UTARA,12,KAB. SERDANG BEDAGAI,1218,Swasta,2,0,1,0,0,0,3
2016,PROV. SUMATERA UTARA,12,KAB. BATU BARA,1219,Negeri,22,38,39,30,30,19,178
2016,PROV. SUMATERA UTARA,12,KAB. BATU BARA,1219,Swasta,1,1,0,0,0,0,2
2016,PROV. SUMATERA UTARA,12,KAB. PADANG LAWAS UTARA,1220,Swasta,1,3,6,2,1,3,16
2016,PROV. SUMATERA UTARA,12,KAB. PADANG LAWAS UTARA,1220,Negeri,24,17,27,37,42,24,171
2016,PROV. SUMATERA UTARA,12,KAB. PADANG LAWAS,1221,Swasta,0,1,0,0,0,0,1
2016,PROV. SUMATERA UTARA,12,KAB. PADANG LAWAS,1221,Negeri,15,15,6,18,11,8,73
2016,PROV. SUMATERA UTARA,12,KAB. LABUHANBATU SELATAN,1222,Negeri,11,8,8,12,7,12,58
2016,PROV. SUMATERA UTARA,12,KAB. LABUHANBATU SELATAN,1222,Swasta,6,9,27,2,3,0,47
2016,PROV. SUMATERA UTARA,12,KAB. LABUHANBATU UTARA,1223,Negeri,16,15,7,8,10,10,66
2016,PROV. SUMATERA UTARA,12,KAB. LABUHANBATU UTARA,1223,Swasta,7,5,2,0,3,2,19
2016,PROV. SUMATERA UTARA,12,KAB. NIAS UTARA,1224,Negeri,17,14,20,23,22,36,132
2016,PROV. SUMATERA UTARA,12,KAB. NIAS UTARA,1224,Swasta,0,1,6,0,0,0,7
2016,PROV. SUMATERA UTARA,12,KAB. NIAS BARAT,1225,Negeri,13,3,5,1,8,1,31
2016,PROV. SUMATERA UTARA,12,KAB. NIAS BARAT,1225,Swasta,0,0,0,0,0,0,0
2016,PROV. SUMATERA UTARA,12,KOTA MEDAN,1271,Swasta,37,40,69,18,27,21,212
2016,PROV. SUMATERA UTARA,12,KOTA MEDAN,1271,Negeri,28,58,42,36,34,40,238
2016,PROV. SUMATERA UTARA,12,KOTA PEMATANGSIANTAR,1272,Negeri,3,2,2,2,1,2,12
2016,PROV. SUMATERA UTARA,12,KOTA PEMATANGSIANTAR,1272,Swasta,4,2,1,1,1,0,9
2016,PROV. SUMATERA UTARA,12,KOTA SIBOLGA,1273,Swasta,0,0,1,0,0,0,1
2016,PROV. SUMATERA UTARA,12,KOTA SIBOLGA,1273,Negeri,5,10,1,5,3,1,25
2016,PROV. SUMATERA UTARA,12,KOTA TANJUNG BALAI,1274,Negeri,0,2,2,2,1,0,7
2016,PROV. SUMATERA UTARA,12,KOTA TANJUNG BALAI,1274,Swasta,1,1,0,1,1,0,4
2016,PROV. SUMATERA UTARA,12,KOTA BINJAI,1275,Negeri,3,11,4,6,1,3,28
2016,PROV. SUMATERA UTARA,12,KOTA BINJAI,1275,Swasta,3,1,2,0,1,3,10
2016,PROV. SUMATERA UTARA,12,KOTA TEBING TINGGI,1276,Negeri,4,3,2,2,0,1,12
2016,PROV. SUMATERA UTARA,12,KOTA TEBING TINGGI,1276,Swasta,2,0,0,0,0,0,2
2016,PROV. SUMATERA UTARA,12,KOTA PADANG SIDEMPUAN,1277,Negeri,5,6,15,7,4,6,43
2016,PROV. SUMATERA UTARA,12,KOTA PADANG SIDEMPUAN,1277,Swasta,7,2,0,1,1,0,11
2016,PROV. SUMATERA UTARA,12,KOTA GUNUNGSITOLI,1278,Swasta,0,0,0,1,0,0,1
2016,PROV. SUMATERA UTARA,12,KOTA GUNUNGSITOLI,1278,Negeri,21,4,7,6,10,4,52
2016,PROV. SUMATERA BARAT,13,KAB. PESISIR SELATAN,1301,Negeri,20,18,11,12,14,10,85
2016,PROV. SUMATERA BARAT,13,KAB. PESISIR SELATAN,1301,Swasta,0,0,0,0,0,0,0
2016,PROV. SUMATERA BARAT,13,KAB. SOLOK,1302,Swasta,0,2,0,0,1,0,3
2016,PROV. SUMATERA BARAT,13,KAB. SOLOK,1302,Negeri,7,13,7,14,20,6,67
2016,PROV. SUMATERA BARAT,13,KAB. SIJUNJUNG,1303,Negeri,9,7,4,9,6,1,36
2016,PROV. SUMATERA BARAT,13,KAB. SIJUNJUNG,1303,Swasta,0,0,0,0,0,0,0
2016,PROV. SUMATERA BARAT,13,KAB. TANAH DATAR,1304,Swasta,2,2,1,1,0,0,6
2016,PROV. SUMATERA BARAT,13,KAB. TANAH DATAR,1304,Negeri,10,5,4,6,4,2,31
2016,PROV. SUMATERA BARAT,13,KAB. PADANG PARIAMAN,1305,Negeri,14,13,12,6,5,6,56
2016,PROV. SUMATERA BARAT,13,KAB. PADANG PARIAMAN,1305,Swasta,1,0,0,0,0,0,1
2016,PROV. SUMATERA BARAT,13,KAB. AGAM,1306,Swasta,3,0,0,0,0,1,4
2016,PROV. SUMATERA BARAT,13,KAB. AGAM,1306,Negeri,23,8,11,11,13,11,77
2016,PROV. SUMATERA BARAT,13,KAB. LIMA PULUH KOTA,1307,Negeri,20,16,12,19,36,6,109
2016,PROV. SUMATERA BARAT,13,KAB. LIMA PULUH KOTA,1307,Swasta,1,0,1,0,0,0,2
2016,PROV. SUMATERA BARAT,13,KAB. PASAMAN,1308,Swasta,1,2,0,0,0,0,3
2016,PROV. SUMATERA BARAT,13,KAB. PASAMAN,1308,Negeri,20,3,7,7,10,7,54
2016,PROV. SUMATERA BARAT,13,KAB. KEPULAUAN MENTAWAI,1309,Negeri,8,7,4,4,5,2,30
2016,PROV. SUMATERA BARAT,13,KAB. KEPULAUAN MENTAWAI,1309,Swasta,1,0,0,1,2,0,4
2016,PROV. SUMATERA BARAT,13,KAB. DHARMASRAYA,1310,Swasta,0,0,1,0,0,0,1
2016,PROV. SUMATERA BARAT,13,KAB. DHARMASRAYA,1310,Negeri,16,6,6,3,12,5,48
2016,PROV. SUMATERA BARAT,13,KAB. SOLOK SELATAN,1311,Negeri,2,1,2,5,1,1,12
2016,PROV. SUMATERA BARAT,13,KAB. SOLOK SELATAN,1311,Swasta,1,0,0,0,0,0,1
2016,PROV. SUMATERA BARAT,13,KAB. PASAMAN BARAT,1312,Negeri,17,7,8,14,17,20,83
2016,PROV. SUMATERA BARAT,13,KAB. PASAMAN BARAT,1312,Swasta,1,0,1,0,0,1,3
2016,PROV. SUMATERA BARAT,13,KOTA PADANG,1371,Negeri,16,19,10,15,11,6,77
2016,PROV. SUMATERA BARAT,13,KOTA PADANG,1371,Swasta,12,3,5,3,2,2,27
2016,PROV. SUMATERA BARAT,13,KOTA SOLOK,1372,Negeri,3,0,1,0,0,3,7
2016,PROV. SUMATERA BARAT,13,KOTA SOLOK,1372,Swasta,0,0,0,0,0,0,0
2016,PROV. SUMATERA BARAT,13,KOTA SAWAHLUNTO,1373,Swasta,0,0,0,0,0,0,0
2016,PROV. SUMATERA BARAT,13,KOTA SAWAHLUNTO,1373,Negeri,0,0,1,0,0,0,1
2016,PROV. SUMATERA BARAT,13,KOTA PADANG PANJANG,1374,Negeri,0,0,0,3,1,0,4
2016,PROV. SUMATERA BARAT,13,KOTA PADANG PANJANG,1374,Swasta,0,0,0,0,0,0,0
2016,PROV. SUMATERA BARAT,13,KOTA BUKITTINGGI,1375,Swasta,0,0,0,0,0,1,1
2016,PROV. SUMATERA BARAT,13,KOTA BUKITTINGGI,1375,Negeri,0,1,0,1,1,0,3
2016,PROV. SUMATERA BARAT,13,KOTA PAYAKUMBUH,1376,Swasta,0,0,1,0,4,1,6
2016,PROV. SUMATERA BARAT,13,KOTA PAYAKUMBUH,1376,Negeri,2,1,2,1,5,1,12
2016,PROV. SUMATERA BARAT,13,KOTA PARIAMAN,1377,Swasta,0,0,0,0,0,0,0
2016,PROV. SUMATERA BARAT,13,KOTA PARIAMAN,1377,Negeri,1,0,0,0,2,0,3
2016,PROV. RIAU,14,KAB. KAMPAR,1401,Negeri,29,20,15,14,19,30,127
2016,PROV. RIAU,14,KAB. KAMPAR,1401,Swasta,1,1,3,2,1,1,9
2016,PROV. RIAU,14,KAB. INDRAGIRI HULU,1402,Negeri,27,12,11,10,13,15,88
2016,PROV. RIAU,14,KAB. INDRAGIRI HULU,1402,Swasta,1,1,0,0,0,1,3
2016,PROV. RIAU,14,KAB. BENGKALIS,1403,Swasta,1,3,2,2,2,3,13
2016,PROV. RIAU,14,KAB. BENGKALIS,1403,Negeri,26,16,15,16,23,13,109
2016,PROV. RIAU,14,KAB. INDRAGIRI HILIR,1404,Negeri,24,34,28,20,33,31,170
2016,PROV. RIAU,14,KAB. INDRAGIRI HILIR,1404,Swasta,2,4,2,3,1,10,22
2016,PROV. RIAU,14,KAB. PELALAWAN,1405,Negeri,15,10,5,5,10,7,52
2016,PROV. RIAU,14,KAB. PELALAWAN,1405,Swasta,4,1,0,0,0,4,9
2016,PROV. RIAU,14,KAB. ROKAN HULU,1406,Negeri,26,20,13,13,23,17,112
2016,PROV. RIAU,14,KAB. ROKAN HULU,1406,Swasta,10,7,11,13,6,2,49
2016,PROV. RIAU,14,KAB. ROKAN HILIR,1407,Swasta,12,4,11,6,5,0,38
2016,PROV. RIAU,14,KAB. ROKAN HILIR,1407,Negeri,28,25,12,16,24,18,123
2016,PROV. RIAU,14,KAB. SIAK,1408,Negeri,35,23,21,16,19,9,123
2016,PROV. RIAU,14,KAB. SIAK,1408,Swasta,9,18,6,6,10,2,51
2016,PROV. RIAU,14,KAB. KUANTAN SINGINGI,1409,Negeri,21,19,10,14,9,7,80
2016,PROV. RIAU,14,KAB. KUANTAN SINGINGI,1409,Swasta,2,2,1,0,0,0,5
2016,PROV. RIAU,14,KAB. KEPULAUAN MERANTI,1410,Swasta,0,0,0,0,0,0,0
2016,PROV. RIAU,14,KAB. KEPULAUAN MERANTI,1410,Negeri,8,8,5,3,3,5,32
2016,PROV. RIAU,14,KOTA PEKANBARU,1471,Swasta,11,5,4,11,6,0,37
2016,PROV. RIAU,14,KOTA PEKANBARU,1471,Negeri,22,16,30,17,16,12,113
2016,PROV. RIAU,14,KOTA DUMAI,1472,Negeri,5,4,5,3,9,8,34
2016,PROV. RIAU,14,KOTA DUMAI,1472,Swasta,0,0,1,0,1,0,2
2016,PROV. JAMBI,15,KAB. KERINCI,1501,Swasta,0,0,1,1,0,0,2
2016,PROV. JAMBI,15,KAB. KERINCI,1501,Negeri,32,27,42,22,24,19,166
2016,PROV. JAMBI,15,KAB. MERANGIN,1502,Swasta,1,2,0,1,0,0,4
2016,PROV. JAMBI,15,KAB. MERANGIN,1502,Negeri,11,16,17,13,11,15,83
2016,PROV. JAMBI,15,KAB. SAROLANGUN,1503,Negeri,11,7,11,12,8,11,60
2016,PROV. JAMBI,15,KAB. SAROLANGUN,1503,Swasta,0,0,0,0,0,0,0
2016,PROV. JAMBI,15,KAB. BATANGHARI,1504,Negeri,11,9,12,14,13,8,67
2016,PROV. JAMBI,15,KAB. BATANGHARI,1504,Swasta,2,0,0,0,0,1,3
2016,PROV. JAMBI,15,KAB. MUARO JAMBI,1505,Swasta,1,0,0,0,0,0,1
2016,PROV. JAMBI,15,KAB. MUARO JAMBI,1505,Negeri,7,15,11,7,11,10,61
2016,PROV. JAMBI,15,KAB. TANJUNG JABUNG BARAT,1506,Swasta,5,4,5,3,4,1,22
2016,PROV. JAMBI,15,KAB. TANJUNG JABUNG BARAT,1506,Negeri,9,3,4,2,4,1,23
2016,PROV. JAMBI,15,KAB. TANJUNG JABUNG TIMUR,1507,Negeri,3,8,7,4,3,7,32
2016,PROV. JAMBI,15,KAB. TANJUNG JABUNG TIMUR,1507,Swasta,0,0,0,0,0,0,0
2016,PROV. JAMBI,15,KAB. BUNGO,1508,Swasta,0,2,2,0,0,0,4
2016,PROV. JAMBI,15,KAB. BUNGO,1508,Negeri,14,10,6,4,10,6,50
2016,PROV. JAMBI,15,KAB. TEBO,1509,Negeri,17,9,9,20,8,8,71
2016,PROV. JAMBI,15,KAB. TEBO,1509,Swasta,2,0,0,0,0,0,2
2016,PROV. JAMBI,15,KOTA JAMBI,1571,Negeri,15,22,31,10,7,8,93
2016,PROV. JAMBI,15,KOTA JAMBI,1571,Swasta,3,4,3,0,1,0,11
2016,PROV. JAMBI,15,KOTA SUNGAI PENUH,1572,Swasta,0,0,0,0,0,0,0
2016,PROV. JAMBI,15,KOTA SUNGAI PENUH,1572,Negeri,2,6,1,1,3,3,16
2016,PROV. SUMATERA SELATAN,16,KAB. OGAN KOMERING ULU,1601,Swasta,0,0,0,0,0,0,0
2016,PROV. SUMATERA SELATAN,16,KAB. OGAN KOMERING ULU,1601,Negeri,21,16,14,9,29,13,102
2016,PROV. SUMATERA SELATAN,16,KAB. OGAN KOMERING ILIR,1602,Negeri,33,79,51,31,42,25,261
2016,PROV. SUMATERA SELATAN,16,KAB. OGAN KOMERING ILIR,1602,Swasta,1,0,1,1,0,0,3
2016,PROV. SUMATERA SELATAN,16,KAB. MUARA ENIM,1603,Swasta,3,0,0,0,0,1,4
2016,PROV. SUMATERA SELATAN,16,KAB. MUARA ENIM,1603,Negeri,41,33,29,31,27,28,189
2016,PROV. SUMATERA SELATAN,16,KAB. LAHAT,1604,Swasta,5,1,5,2,2,2,17
2016,PROV. SUMATERA SELATAN,16,KAB. LAHAT,1604,Negeri,17,7,12,10,6,8,60
2016,PROV. SUMATERA SELATAN,16,KAB. MUSI RAWAS,1605,Negeri,15,17,10,13,5,6,66
2016,PROV. SUMATERA SELATAN,16,KAB. MUSI RAWAS,1605,Swasta,0,0,1,0,0,2,3
2016,PROV. SUMATERA SELATAN,16,KAB. MUSI BANYUASIN,1606,Negeri,49,34,29,25,44,16,197
2016,PROV. SUMATERA SELATAN,16,KAB. MUSI BANYUASIN,1606,Swasta,13,6,3,1,3,0,26
2016,PROV. SUMATERA SELATAN,16,KAB. BANYUASIN,1607,Swasta,1,1,0,1,0,0,3
2016,PROV. SUMATERA SELATAN,16,KAB. BANYUASIN,1607,Negeri,48,55,49,65,71,34,322
2016,PROV. SUMATERA SELATAN,16,KAB. OGAN KOMERING ULU TIMUR,1608,Swasta,0,0,0,1,0,0,1
2016,PROV. SUMATERA SELATAN,16,KAB. OGAN KOMERING ULU TIMUR,1608,Negeri,11,16,16,7,11,19,80
2016,PROV. SUMATERA SELATAN,16,KAB. OGAN KOMERING ULU SELATAN,1609,Negeri,40,18,17,17,11,14,117
2016,PROV. SUMATERA SELATAN,16,KAB. OGAN KOMERING ULU SELATAN,1609,Swasta,8,0,0,0,0,0,8
2016,PROV. SUMATERA SELATAN,16,KAB. OGAN ILIR,1610,Swasta,0,0,0,1,0,0,1
2016,PROV. SUMATERA SELATAN,16,KAB. OGAN ILIR,1610,Negeri,10,10,18,9,11,13,71
2016,PROV. SUMATERA SELATAN,16,KAB. EMPAT LAWANG,1611,Swasta,0,1,0,0,0,0,1
2016,PROV. SUMATERA SELATAN,16,KAB. EMPAT LAWANG,1611,Negeri,10,28,9,3,1,6,57
2016,PROV. SUMATERA SELATAN,16,KAB. PENUKAL ABAB LEMATANG ILIR,1612,Swasta,1,0,0,0,0,1,2
2016,PROV. SUMATERA SELATAN,16,KAB. PENUKAL ABAB LEMATANG ILIR,1612,Negeri,12,8,5,3,4,8,40
2016,PROV. SUMATERA SELATAN,16,KAB. MUSI RAWAS UTARA,1613,Swasta,0,0,0,1,0,0,1
2016,PROV. SUMATERA SELATAN,16,KAB. MUSI RAWAS UTARA,1613,Negeri,16,12,4,2,12,15,61
2016,PROV. SUMATERA SELATAN,16,KOTA PALEMBANG,1671,Negeri,51,24,20,10,19,15,139
2016,PROV. SUMATERA SELATAN,16,KOTA PALEMBANG,1671,Swasta,5,5,8,2,4,0,24
2016,PROV. SUMATERA SELATAN,16,KOTA PAGAR ALAM,1672,Negeri,9,3,1,5,3,1,22
2016,PROV. SUMATERA SELATAN,16,KOTA PAGAR ALAM,1672,Swasta,0,0,0,0,1,0,1
2016,PROV. SUMATERA SELATAN,16,KOTA LUBUK LINGGAU,1673,Negeri,2,9,5,4,4,5,29
2016,PROV. SUMATERA SELATAN,16,KOTA LUBUK LINGGAU,1673,Swasta,4,1,2,1,0,0,8
2016,PROV. SUMATERA SELATAN,16,KOTA PRABUMULIH,1674,Negeri,7,5,6,4,3,3,28
2016,PROV. SUMATERA SELATAN,16,KOTA PRABUMULIH,1674,Swasta,0,0,0,0,0,0,0
2016,PROV. BENGKULU,17,KAB. BENGKULU SELATAN,1701,Negeri,4,3,5,1,1,3,17
2016,PROV. BENGKULU,17,KAB. BENGKULU SELATAN,1701,Swasta,0,0,0,0,0,0,0
2016,PROV. BENGKULU,17,KAB. REJANG LEBONG,1702,Negeri,20,11,8,4,7,8,58
2016,PROV. BENGKULU,17,KAB. REJANG LEBONG,1702,Swasta,0,0,1,2,1,0,4
2016,PROV. BENGKULU,17,KAB. BENGKULU UTARA,1703,Swasta,0,0,0,0,0,0,0
2016,PROV. BENGKULU,17,KAB. BENGKULU UTARA,1703,Negeri,15,11,5,13,17,10,71
2016,PROV. BENGKULU,17,KAB. KAUR,1704,Swasta,1,0,0,0,0,0,1
2016,PROV. BENGKULU,17,KAB. KAUR,1704,Negeri,11,10,2,1,5,3,32
2016,PROV. BENGKULU,17,KAB. SELUMA,1705,Negeri,9,11,13,13,10,2,58
2016,PROV. BENGKULU,17,KAB. SELUMA,1705,Swasta,0,0,0,0,0,0,0
2016,PROV. BENGKULU,17,KAB. MUKOMUKO,1706,Swasta,1,0,0,0,0,0,1
2016,PROV. BENGKULU,17,KAB. MUKOMUKO,1706,Negeri,6,3,4,8,2,1,24
2016,PROV. BENGKULU,17,KAB. LEBONG,1707,Negeri,1,1,5,0,1,2,10
2016,PROV. BENGKULU,17,KAB. LEBONG,1707,Swasta,0,0,0,0,1,0,1
2016,PROV. BENGKULU,17,KAB. KEPAHIANG,1708,Negeri,6,4,0,2,3,2,17
2016,PROV. BENGKULU,17,KAB. KEPAHIANG,1708,Swasta,0,0,0,0,0,0,0
2016,PROV. BENGKULU,17,KAB. BENGKULU TENGAH,1709,Swasta,0,0,0,0,0,0,0
2016,PROV. BENGKULU,17,KAB. BENGKULU TENGAH,1709,Negeri,8,9,5,7,10,6,45
2016,PROV. BENGKULU,17,KOTA BENGKULU,1771,Negeri,12,22,16,17,13,9,89
2016,PROV. BENGKULU,17,KOTA BENGKULU,1771,Swasta,3,9,2,4,5,0,23
2016,PROV. LAMPUNG,18,KAB. LAMPUNG SELATAN,1801,Negeri,30,27,21,18,19,29,144
2016,PROV. LAMPUNG,18,KAB. LAMPUNG SELATAN,1801,Swasta,0,1,2,0,1,0,4
2016,PROV. LAMPUNG,18,KAB. LAMPUNG TENGAH,1802,Swasta,2,1,1,2,3,4,13
2016,PROV. LAMPUNG,18,KAB. LAMPUNG TENGAH,1802,Negeri,30,33,27,20,26,34,170
2016,PROV. LAMPUNG,18,KAB. LAMPUNG UTARA,1803,Negeri,10,13,18,8,19,17,85
2016,PROV. LAMPUNG,18,KAB. LAMPUNG UTARA,1803,Swasta,3,3,2,3,7,1,19
2016,PROV. LAMPUNG,18,KAB. LAMPUNG BARAT,1804,Swasta,1,1,0,1,2,0,5
2016,PROV. LAMPUNG,18,KAB. LAMPUNG BARAT,1804,Negeri,12,7,9,3,4,4,39
2016,PROV. LAMPUNG,18,KAB. TULANG BAWANG,1805,Negeri,19,15,21,17,23,24,119
2016,PROV. LAMPUNG,18,KAB. TULANG BAWANG,1805,Swasta,2,17,7,2,1,0,29
2016,PROV. LAMPUNG,18,KAB. TANGGAMUS,1806,Swasta,0,2,0,0,0,0,2
2016,PROV. LAMPUNG,18,KAB. TANGGAMUS,1806,Negeri,27,15,12,12,15,7,88
2016,PROV. LAMPUNG,18,KAB. LAMPUNG TIMUR,1807,Swasta,3,2,0,0,0,0,5
2016,PROV. LAMPUNG,18,KAB. LAMPUNG TIMUR,1807,Negeri,18,12,23,10,14,14,91
2016,PROV. LAMPUNG,18,KAB. WAY KANAN,1808,Negeri,14,9,13,16,13,6,71
2016,PROV. LAMPUNG,18,KAB. WAY KANAN,1808,Swasta,1,0,0,1,1,0,3
2016,PROV. LAMPUNG,18,KAB. PESAWARAN,1809,Negeri,13,18,3,3,9,5,51
2016,PROV. LAMPUNG,18,KAB. PESAWARAN,1809,Swasta,2,0,1,1,1,0,5
2016,PROV. LAMPUNG,18,KAB. PRINGSEWU,1810,Swasta,9,6,13,12,5,5,50
2016,PROV. LAMPUNG,18,KAB. PRINGSEWU,1810,Negeri,9,1,6,2,4,2,24
2016,PROV. LAMPUNG,18,KAB. MESUJI,1811,Swasta,0,0,2,0,2,1,5
2016,PROV. LAMPUNG,18,KAB. MESUJI,1811,Negeri,21,10,8,20,16,12,87
2016,PROV. LAMPUNG,18,KAB. TULANG BAWANG BARAT,1812,Negeri,16,9,8,5,13,2,53
2016,PROV. LAMPUNG,18,KAB. TULANG BAWANG BARAT,1812,Swasta,6,2,5,6,3,0,22
2016,PROV. LAMPUNG,18,KAB. PESISIR BARAT,1813,Swasta,0,0,0,0,0,0,0
2016,PROV. LAMPUNG,18,KAB. PESISIR BARAT,1813,Negeri,5,3,3,4,5,22,42
2016,PROV. LAMPUNG,18,KOTA BANDAR LAMPUNG,1871,Swasta,5,11,5,3,1,0,25
2016,PROV. LAMPUNG,18,KOTA BANDAR LAMPUNG,1871,Negeri,38,18,13,8,11,5,93
2016,PROV. LAMPUNG,18,KOTA METRO,1872,Negeri,0,1,0,1,4,0,6
2016,PROV. LAMPUNG,18,KOTA METRO,1872,Swasta,0,0,0,0,0,0,0
2016,PROV. KEPULAUAN BANGKA BELITUNG,19,KAB. BANGKA,1901,Negeri,11,5,3,7,8,7,41
2016,PROV. KEPULAUAN BANGKA BELITUNG,19,KAB. BANGKA,1901,Swasta,0,0,0,0,0,0,0
2016,PROV. KEPULAUAN BANGKA BELITUNG,19,KAB. BELITUNG,1902,Negeri,3,1,4,0,4,3,15
2016,PROV. KEPULAUAN BANGKA BELITUNG,19,KAB. BELITUNG,1902,Swasta,0,1,0,0,1,1,3
2016,PROV. KEPULAUAN BANGKA BELITUNG,19,KAB. BANGKA SELATAN,1903,Negeri,22,15,10,17,17,9,90
2016,PROV. KEPULAUAN BANGKA BELITUNG,19,KAB. BANGKA SELATAN,1903,Swasta,1,0,0,0,0,0,1
2016,PROV. KEPULAUAN BANGKA BELITUNG,19,KAB. BANGKA TENGAH,1904,Negeri,8,10,6,5,12,6,47
2016,PROV. KEPULAUAN BANGKA BELITUNG,19,KAB. BANGKA TENGAH,1904,Swasta,0,0,0,0,0,0,0
2016,PROV. KEPULAUAN BANGKA BELITUNG,19,KAB. BANGKA BARAT,1905,Swasta,0,0,0,0,0,0,0
2016,PROV. KEPULAUAN BANGKA BELITUNG,19,KAB. BANGKA BARAT,1905,Negeri,7,6,3,5,9,3,33
2016,PROV. KEPULAUAN BANGKA BELITUNG,19,KAB. BELITUNG TIMUR,1906,Negeri,1,0,1,0,1,1,4
2016,PROV. KEPULAUAN BANGKA BELITUNG,19,KAB. BELITUNG TIMUR,1906,Swasta,0,0,0,0,0,0,0
2016,PROV. KEPULAUAN BANGKA BELITUNG,19,KOTA PANGKAL PINANG,1971,Negeri,5,2,3,2,3,2,17
2016,PROV. KEPULAUAN BANGKA BELITUNG,19,KOTA PANGKAL PINANG,1971,Swasta,0,8,0,1,0,0,9
2016,PROV. KEPULAUAN RIAU,21,KAB. BINTAN,2101,Negeri,10,2,0,1,2,1,16
2016,PROV. KEPULAUAN RIAU,21,KAB. BINTAN,2101,Swasta,0,0,1,0,0,0,1
2016,PROV. KEPULAUAN RIAU,21,KAB. KARIMUN,2102,Negeri,5,4,4,3,2,8,26
2016,PROV. KEPULAUAN RIAU,21,KAB. KARIMUN,2102,Swasta,0,0,0,1,2,0,3
2016,PROV. KEPULAUAN RIAU,21,KAB. NATUNA,2103,Negeri,2,0,2,0,1,0,5
2016,PROV. KEPULAUAN RIAU,21,KAB. NATUNA,2103,Swasta,0,0,0,0,0,0,0
2016,PROV. KEPULAUAN RIAU,21,KAB. LINGGA,2104,Swasta,0,0,1,0,0,0,1
2016,PROV. KEPULAUAN RIAU,21,KAB. LINGGA,2104,Negeri,8,4,5,3,6,2,28
2016,PROV. KEPULAUAN RIAU,21,KAB. KEPULAUAN ANAMBAS,2105,Swasta,0,0,0,0,0,0,0
2016,PROV. KEPULAUAN RIAU,21,KAB. KEPULAUAN ANAMBAS,2105,Negeri,0,1,2,2,0,0,5
2016,PROV. KEPULAUAN RIAU,21,KOTA BATAM,2171,Negeri,14,6,10,11,10,13,64
2016,PROV. KEPULAUAN RIAU,21,KOTA BATAM,2171,Swasta,26,41,21,14,15,4,121
2016,PROV. KEPULAUAN RIAU,21,KOTA TANJUNG PINANG,2172,Negeri,4,0,1,0,0,0,5
2016,PROV. KEPULAUAN RIAU,21,KOTA TANJUNG PINANG,2172,Swasta,1,1,1,0,0,0,3
2016,PROV. D.K.I. JAKARTA,31,KAB. ADM. KEP. SERIBU,3101,Negeri,0,0,0,0,0,0,0
2016,PROV. D.K.I. JAKARTA,31,KOTA ADM. JAKARTA PUSAT,3171,Swasta,6,2,2,6,3,1,20
2016,PROV. D.K.I. JAKARTA,31,KOTA ADM. JAKARTA PUSAT,3171,Negeri,15,13,7,9,14,5,63
2016,PROV. D.K.I. JAKARTA,31,KOTA ADM. JAKARTA UTARA,3172,Swasta,20,12,23,15,13,22,105
2016,PROV. D.K.I. JAKARTA,31,KOTA ADM. JAKARTA UTARA,3172,Negeri,11,15,7,8,7,3,51
2016,PROV. D.K.I. JAKARTA,31,KOTA ADM. JAKARTA BARAT,3173,Negeri,29,18,16,25,30,24,142
2016,PROV. D.K.I. JAKARTA,31,KOTA ADM. JAKARTA BARAT,3173,Swasta,14,19,20,29,15,3,100
2016,PROV. D.K.I. JAKARTA,31,KOTA ADM. JAKARTA SELATAN,3174,Swasta,13,21,15,14,11,6,80
2016,PROV. D.K.I. JAKARTA,31,KOTA ADM. JAKARTA SELATAN,3174,Negeri,25,16,22,22,26,30,141
2016,PROV. D.K.I. JAKARTA,31,KOTA ADM. JAKARTA TIMUR,3175,Swasta,13,13,20,18,14,10,88
2016,PROV. D.K.I. JAKARTA,31,KOTA ADM. JAKARTA TIMUR,3175,Negeri,44,19,20,27,29,16,155
2016,PROV. JAWA BARAT,32,KAB. BOGOR,3201,Swasta,17,19,11,13,8,8,76
2016,PROV. JAWA BARAT,32,KAB. BOGOR,3201,Negeri,143,147,139,148,182,181,940
2016,PROV. JAWA BARAT,32,KAB. SUKABUMI,3202,Swasta,4,3,4,2,1,0,14
2016,PROV. JAWA BARAT,32,KAB. SUKABUMI,3202,Negeri,23,18,14,8,7,17,87
2016,PROV. JAWA BARAT,32,KAB. CIANJUR,3203,Negeri,42,24,19,27,40,41,193
2016,PROV. JAWA BARAT,32,KAB. CIANJUR,3203,Swasta,0,0,0,0,1,0,1
2016,PROV. JAWA BARAT,32,KAB. BANDUNG,3204,Swasta,2,8,5,6,7,7,35
2016,PROV. JAWA BARAT,32,KAB. BANDUNG,3204,Negeri,48,62,55,47,48,58,318
2016,PROV. JAWA BARAT,32,KAB. GARUT,3205,Swasta,1,4,3,0,0,0,8
2016,PROV. JAWA BARAT,32,KAB. GARUT,3205,Negeri,39,49,24,26,42,87,267
2016,PROV. JAWA BARAT,32,KAB. TASIKMALAYA,3206,Negeri,10,8,8,5,8,10,49
2016,PROV. JAWA BARAT,32,KAB. TASIKMALAYA,3206,Swasta,0,0,0,0,1,0,1
2016,PROV. JAWA BARAT,32,KAB. CIAMIS,3207,Negeri,8,9,5,9,11,5,47
2016,PROV. JAWA BARAT,32,KAB. CIAMIS,3207,Swasta,0,0,0,0,0,0,0
2016,PROV. JAWA BARAT,32,KAB. KUNINGAN,3208,Swasta,1,0,0,1,0,0,2
2016,PROV. JAWA BARAT,32,KAB. KUNINGAN,3208,Negeri,18,8,16,4,4,4,54
2016,PROV. JAWA BARAT,32,KAB. CIREBON,3209,Swasta,0,1,0,0,0,0,1
2016,PROV. JAWA BARAT,32,KAB. CIREBON,3209,Negeri,59,36,38,46,50,45,274
2016,PROV. JAWA BARAT,32,KAB. MAJALENGKA,3210,Swasta,0,0,0,0,0,0,0
2016,PROV. JAWA BARAT,32,KAB. MAJALENGKA,3210,Negeri,8,9,3,5,8,5,38
2016,PROV. JAWA BARAT,32,KAB. SUMEDANG,3211,Negeri,9,10,5,6,15,6,51
2016,PROV. JAWA BARAT,32,KAB. SUMEDANG,3211,Swasta,0,1,0,0,1,0,2
2016,PROV. JAWA BARAT,32,KAB. INDRAMAYU,3212,Negeri,28,37,24,24,23,17,153
2016,PROV. JAWA BARAT,32,KAB. INDRAMAYU,3212,Swasta,1,0,1,0,0,0,2
2016,PROV. JAWA BARAT,32,KAB. SUBANG,3213,Negeri,21,19,18,12,18,25,113
2016,PROV. JAWA BARAT,32,KAB. SUBANG,3213,Swasta,0,0,1,1,1,0,3
2016,PROV. JAWA BARAT,32,KAB. PURWAKARTA,3214,Negeri,30,11,15,10,26,11,103
2016,PROV. JAWA BARAT,32,KAB. PURWAKARTA,3214,Swasta,2,3,1,2,1,1,10
2016,PROV. JAWA BARAT,32,KAB. KARAWANG,3215,Swasta,4,5,8,7,2,1,27
2016,PROV. JAWA BARAT,32,KAB. KARAWANG,3215,Negeri,57,52,41,25,34,99,308
2016,PROV. JAWA BARAT,32,KAB. BEKASI,3216,Negeri,102,65,47,45,31,30,320
2016,PROV. JAWA BARAT,32,KAB. BEKASI,3216,Swasta,16,23,28,25,20,9,121
2016,PROV. JAWA BARAT,32,KAB. BANDUNG BARAT,3217,Swasta,0,0,0,1,2,0,3
2016,PROV. JAWA BARAT,32,KAB. BANDUNG BARAT,3217,Negeri,29,15,15,7,15,29,110
2016,PROV. JAWA BARAT,32,KAB. PANGANDARAN,3218,Swasta,0,0,0,0,0,0,0
2016,PROV. JAWA BARAT,32,KAB. PANGANDARAN,3218,Negeri,5,1,2,1,3,0,12
2016,PROV. JAWA BARAT,32,KOTA BOGOR,3271,Swasta,4,3,2,0,0,1,10
2016,PROV. JAWA BARAT,32,KOTA BOGOR,3271,Negeri,10,18,9,7,7,5,56
2016,PROV. JAWA BARAT,32,KOTA SUKABUMI,3272,Swasta,0,1,2,2,3,0,8
2016,PROV. JAWA BARAT,32,KOTA SUKABUMI,3272,Negeri,6,0,5,0,1,3,15
2016,PROV. JAWA BARAT,32,KOTA BANDUNG,3273,Negeri,23,19,7,23,24,14,110
2016,PROV. JAWA BARAT,32,KOTA BANDUNG,3273,Swasta,6,8,11,4,6,11,46
2016,PROV. JAWA BARAT,32,KOTA CIREBON,3274,Negeri,0,0,0,3,3,1,7
2016,PROV. JAWA BARAT,32,KOTA CIREBON,3274,Swasta,1,1,0,0,0,1,3
2016,PROV. JAWA BARAT,32,KOTA BEKASI,3275,Swasta,19,30,26,27,21,6,129
2016,PROV. JAWA BARAT,32,KOTA BEKASI,3275,Negeri,53,58,47,36,41,44,279
2016,PROV. JAWA BARAT,32,KOTA DEPOK,3276,Swasta,11,4,9,10,9,4,47
2016,PROV. JAWA BARAT,32,KOTA DEPOK,3276,Negeri,20,16,12,17,9,22,96
2016,PROV. JAWA BARAT,32,KOTA CIMAHI,3277,Negeri,9,4,1,5,5,10,34
2016,PROV. JAWA BARAT,32,KOTA CIMAHI,3277,Swasta,1,0,0,0,3,1,5
2016,PROV. JAWA BARAT,32,KOTA TASIKMALAYA,3278,Swasta,2,0,1,0,1,0,4
2016,PROV. JAWA BARAT,32,KOTA TASIKMALAYA,3278,Negeri,1,6,7,3,5,5,27
2016,PROV. JAWA BARAT,32,KOTA BANJAR,3279,Swasta,0,0,0,0,0,0,0
2016,PROV. JAWA BARAT,32,KOTA BANJAR,3279,Negeri,3,1,0,1,1,1,7
2016,PROV. JAWA TENGAH,33,KAB. CILACAP,3301,Swasta,1,1,3,0,1,1,7
2016,PROV. JAWA TENGAH,33,KAB. CILACAP,3301,Negeri,49,16,21,24,22,18,150
2016,PROV. JAWA TENGAH,33,KAB. BANYUMAS,3302,Swasta,1,3,3,3,3,2,15
2016,PROV. JAWA TENGAH,33,KAB. BANYUMAS,3302,Negeri,18,10,8,16,14,31,97
2016,PROV. JAWA TENGAH,33,KAB. PURBALINGGA,3303,Negeri,8,12,5,13,10,6,54
2016,PROV. JAWA TENGAH,33,KAB. PURBALINGGA,3303,Swasta,0,0,0,0,0,0,0
2016,PROV. JAWA TENGAH,33,KAB. BANJARNEGARA,3304,Swasta,3,2,1,0,1,0,7
2016,PROV. JAWA TENGAH,33,KAB. BANJARNEGARA,3304,Negeri,14,5,8,6,6,8,47
2016,PROV. JAWA TENGAH,33,KAB. KEBUMEN,3305,Swasta,0,2,0,2,2,0,6
2016,PROV. JAWA TENGAH,33,KAB. KEBUMEN,3305,Negeri,10,9,11,10,10,8,58
2016,PROV. JAWA TENGAH,33,KAB. PURWOREJO,3306,Negeri,10,5,3,4,4,4,30
2016,PROV. JAWA TENGAH,33,KAB. PURWOREJO,3306,Swasta,0,1,0,0,0,0,1
2016,PROV. JAWA TENGAH,33,KAB. WONOSOBO,3307,Negeri,14,7,9,3,6,4,43
2016,PROV. JAWA TENGAH,33,KAB. WONOSOBO,3307,Swasta,1,0,0,0,0,0,1
2016,PROV. JAWA TENGAH,33,KAB. MAGELANG,3308,Swasta,0,1,1,1,2,1,6
2016,PROV. JAWA TENGAH,33,KAB. MAGELANG,3308,Negeri,12,8,11,7,20,8,66
2016,PROV. JAWA TENGAH,33,KAB. BOYOLALI,3309,Negeri,9,6,10,5,10,13,53
2016,PROV. JAWA TENGAH,33,KAB. BOYOLALI,3309,Swasta,3,3,0,2,1,1,10
2016,PROV. JAWA TENGAH,33,KAB. KLATEN,3310,Swasta,5,2,3,2,2,1,15
2016,PROV. JAWA TENGAH,33,KAB. KLATEN,3310,Negeri,6,6,10,5,13,1,41
2016,PROV. JAWA TENGAH,33,KAB. SUKOHARJO,3311,Swasta,0,3,1,7,1,1,13
2016,PROV. JAWA TENGAH,33,KAB. SUKOHARJO,3311,Negeri,8,1,5,7,12,0,33
2016,PROV. JAWA TENGAH,33,KAB. WONOGIRI,3312,Swasta,1,0,3,0,0,0,4
2016,PROV. JAWA TENGAH,33,KAB. WONOGIRI,3312,Negeri,16,8,7,6,3,0,40
2016,PROV. JAWA TENGAH,33,KAB. KARANGANYAR,3313,Swasta,1,1,0,0,0,0,2
2016,PROV. JAWA TENGAH,33,KAB. KARANGANYAR,3313,Negeri,3,8,3,4,7,8,33
2016,PROV. JAWA TENGAH,33,KAB. SRAGEN,3314,Negeri,8,8,14,10,11,6,57
2016,PROV. JAWA TENGAH,33,KAB. SRAGEN,3314,Swasta,0,1,2,0,1,1,5
2016,PROV. JAWA TENGAH,33,KAB. GROBOGAN,3315,Swasta,0,0,0,0,0,0,0
2016,PROV. JAWA TENGAH,33,KAB. GROBOGAN,3315,Negeri,17,8,0,10,10,11,56
2016,PROV. JAWA TENGAH,33,KAB. BLORA,3316,Swasta,1,3,6,1,4,0,15
2016,PROV. JAWA TENGAH,33,KAB. BLORA,3316,Negeri,8,1,2,6,7,6,30
2016,PROV. JAWA TENGAH,33,KAB. REMBANG,3317,Negeri,3,2,1,1,4,3,14
2016,PROV. JAWA TENGAH,33,KAB. REMBANG,3317,Swasta,1,0,1,1,0,0,3
2016,PROV. JAWA TENGAH,33,KAB. PATI,3318,Negeri,13,4,6,3,9,4,39
2016,PROV. JAWA TENGAH,33,KAB. PATI,3318,Swasta,1,1,1,0,1,0,4
2016,PROV. JAWA TENGAH,33,KAB. KUDUS,3319,Negeri,5,0,2,3,1,1,12
2016,PROV. JAWA TENGAH,33,KAB. KUDUS,3319,Swasta,0,0,0,1,0,0,1
2016,PROV. JAWA TENGAH,33,KAB. JEPARA,3320,Negeri,12,13,5,7,12,10,59
2016,PROV. JAWA TENGAH,33,KAB. JEPARA,3320,Swasta,2,0,0,2,0,0,4
2016,PROV. JAWA TENGAH,33,KAB. DEMAK,3321,Negeri,4,3,5,2,7,9,30
2016,PROV. JAWA TENGAH,33,KAB. DEMAK,3321,Swasta,4,2,1,0,1,0,8
2016,PROV. JAWA TENGAH,33,KAB. SEMARANG,3322,Swasta,1,0,0,1,1,1,4
2016,PROV. JAWA TENGAH,33,KAB. SEMARANG,3322,Negeri,14,4,3,2,5,8,36
2016,PROV. JAWA TENGAH,33,KAB. TEMANGGUNG,3323,Swasta,0,2,1,0,1,1,5
2016,PROV. JAWA TENGAH,33,KAB. TEMANGGUNG,3323,Negeri,8,1,7,7,7,5,35
2016,PROV. JAWA TENGAH,33,KAB. KENDAL,3324,Swasta,0,0,0,0,0,0,0
2016,PROV. JAWA TENGAH,33,KAB. KENDAL,3324,Negeri,5,7,4,4,4,4,28
2016,PROV. JAWA TENGAH,33,KAB. BATANG,3325,Swasta,0,0,0,0,1,0,1
2016,PROV. JAWA TENGAH,33,KAB. BATANG,3325,Negeri,6,10,3,5,3,2,29
2016,PROV. JAWA TENGAH,33,KAB. PEKALONGAN,3326,Swasta,2,0,3,0,2,0,7
2016,PROV. JAWA TENGAH,33,KAB. PEKALONGAN,3326,Negeri,16,12,5,8,13,8,62
2016,PROV. JAWA TENGAH,33,KAB. PEMALANG,3327,Negeri,30,16,23,8,25,21,123
2016,PROV. JAWA TENGAH,33,KAB. PEMALANG,3327,Swasta,2,0,0,0,2,0,4
2016,PROV. JAWA TENGAH,33,KAB. TEGAL,3328,Swasta,2,0,0,0,1,0,3
2016,PROV. JAWA TENGAH,33,KAB. TEGAL,3328,Negeri,33,31,31,11,27,22,155
2016,PROV. JAWA TENGAH,33,KAB. BREBES,3329,Swasta,5,0,0,3,0,1,9
2016,PROV. JAWA TENGAH,33,KAB. BREBES,3329,Negeri,24,34,23,21,28,28,158
2016,PROV. JAWA TENGAH,33,KOTA MAGELANG,3371,Negeri,1,0,0,3,0,0,4
2016,PROV. JAWA TENGAH,33,KOTA MAGELANG,3371,Swasta,1,3,1,1,2,1,9
2016,PROV. JAWA TENGAH,33,KOTA SURAKARTA,3372,Negeri,4,8,17,3,6,5,43
2016,PROV. JAWA TENGAH,33,KOTA SURAKARTA,3372,Swasta,8,13,5,6,6,6,44
2016,PROV. JAWA TENGAH,33,KOTA SALATIGA,3373,Swasta,2,3,1,5,1,2,14
2016,PROV. JAWA TENGAH,33,KOTA SALATIGA,3373,Negeri,3,3,4,0,1,0,11
2016,PROV. JAWA TENGAH,33,KOTA SEMARANG,3374,Negeri,6,16,22,23,15,13,95
2016,PROV. JAWA TENGAH,33,KOTA SEMARANG,3374,Swasta,13,11,18,27,20,6,95
2016,PROV. JAWA TENGAH,33,KOTA PEKALONGAN,3375,Negeri,2,2,0,1,0,0,5
2016,PROV. JAWA TENGAH,33,KOTA PEKALONGAN,3375,Swasta,1,0,2,2,0,1,6
2016,PROV. JAWA TENGAH,33,KOTA TEGAL,3376,Swasta,0,0,0,0,2,0,2
2016,PROV. JAWA TENGAH,33,KOTA TEGAL,3376,Negeri,6,8,6,5,6,2,33
2016,PROV. D.I. YOGYAKARTA,34,KAB. KULON PROGO,3401,Swasta,1,0,1,0,0,0,2
2016,PROV. D.I. YOGYAKARTA,34,KAB. KULON PROGO,3401,Negeri,1,3,1,6,5,3,19
2016,PROV. D.I. YOGYAKARTA,34,KAB. BANTUL,3402,Swasta,1,1,0,1,2,1,6
2016,PROV. D.I. YOGYAKARTA,34,KAB. BANTUL,3402,Negeri,3,3,7,3,4,5,25
2016,PROV. D.I. YOGYAKARTA,34,KAB. GUNUNGKIDUL,3403,Swasta,2,2,0,2,1,0,7
2016,PROV. D.I. YOGYAKARTA,34,KAB. GUNUNGKIDUL,3403,Negeri,5,7,1,2,4,2,21
2016,PROV. D.I. YOGYAKARTA,34,KAB. SLEMAN,3404,Negeri,4,6,6,3,4,0,23
2016,PROV. D.I. YOGYAKARTA,34,KAB. SLEMAN,3404,Swasta,5,10,6,6,3,2,32
2016,PROV. D.I. YOGYAKARTA,34,KOTA YOGYAKARTA,3471,Negeri,0,3,6,3,3,5,20
2016,PROV. D.I. YOGYAKARTA,34,KOTA YOGYAKARTA,3471,Swasta,2,1,3,4,2,3,15
2016,PROV. JAWA TIMUR,35,KAB. PACITAN,3501,Negeri,3,1,2,4,2,1,13
2016,PROV. JAWA TIMUR,35,KAB. PACITAN,3501,Swasta,0,0,1,0,0,0,1
2016,PROV. JAWA TIMUR,35,KAB. PONOROGO,3502,Negeri,2,5,5,2,3,6,23
2016,PROV. JAWA TIMUR,35,KAB. PONOROGO,3502,Swasta,0,0,0,0,1,0,1
2016,PROV. JAWA TIMUR,35,KAB. TRENGGALEK,3503,Negeri,2,5,0,5,2,3,17
2016,PROV. JAWA TIMUR,35,KAB. TRENGGALEK,3503,Swasta,0,0,0,0,0,0,0
2016,PROV. JAWA TIMUR,35,KAB. TULUNGAGUNG,3504,Negeri,5,9,4,2,9,5,34
2016,PROV. JAWA TIMUR,35,KAB. TULUNGAGUNG,3504,Swasta,0,0,1,1,1,1,4
2016,PROV. JAWA TIMUR,35,KAB. BLITAR,3505,Swasta,1,0,0,1,0,0,2
2016,PROV. JAWA TIMUR,35,KAB. BLITAR,3505,Negeri,6,6,1,5,5,5,28
2016,PROV. JAWA TIMUR,35,KAB. KEDIRI,3506,Swasta,2,0,0,0,0,1,3
2016,PROV. JAWA TIMUR,35,KAB. KEDIRI,3506,Negeri,5,6,5,6,11,6,39
2016,PROV. JAWA TIMUR,35,KAB. MALANG,3507,Negeri,39,23,23,17,25,34,161
2016,PROV. JAWA TIMUR,35,KAB. MALANG,3507,Swasta,6,1,0,1,2,2,12
2016,PROV. JAWA TIMUR,35,KAB. LUMAJANG,3508,Swasta,2,1,0,2,2,3,10
2016,PROV. JAWA TIMUR,35,KAB. LUMAJANG,3508,Negeri,11,4,5,6,12,4,42
2016,PROV. JAWA TIMUR,35,KAB. JEMBER,3509,Swasta,2,4,0,1,2,1,10
2016,PROV. JAWA TIMUR,35,KAB. JEMBER,3509,Negeri,24,26,16,23,19,24,132
2016,PROV. JAWA TIMUR,35,KAB. BANYUWANGI,3510,Swasta,0,2,0,0,0,8,10
2016,PROV. JAWA TIMUR,35,KAB. BANYUWANGI,3510,Negeri,4,6,9,10,3,5,37
2016,PROV. JAWA TIMUR,35,KAB. BONDOWOSO,3511,Negeri,8,7,3,7,3,1,29
2016,PROV. JAWA TIMUR,35,KAB. BONDOWOSO,3511,Swasta,0,2,0,0,0,0,2
2016,PROV. JAWA TIMUR,35,KAB. SITUBONDO,3512,Swasta,0,0,1,1,0,0,2
2016,PROV. JAWA TIMUR,35,KAB. SITUBONDO,3512,Negeri,0,2,4,2,4,4,16
2016,PROV. JAWA TIMUR,35,KAB. PROBOLINGGO,3513,Swasta,2,2,0,0,0,0,4
2016,PROV. JAWA TIMUR,35,KAB. PROBOLINGGO,3513,Negeri,10,8,1,3,5,4,31
2016,PROV. JAWA TIMUR,35,KAB. PASURUAN,3514,Swasta,1,2,0,3,1,1,8
2016,PROV. JAWA TIMUR,35,KAB. PASURUAN,3514,Negeri,10,18,9,5,12,12,66
2016,PROV. JAWA TIMUR,35,KAB. SIDOARJO,3515,Negeri,12,9,12,5,8,6,52
2016,PROV. JAWA TIMUR,35,KAB. SIDOARJO,3515,Swasta,4,8,2,0,2,0,16
2016,PROV. JAWA TIMUR,35,KAB. MOJOKERTO,3516,Negeri,7,2,6,10,10,5,40
2016,PROV. JAWA TIMUR,35,KAB. MOJOKERTO,3516,Swasta,2,1,1,1,2,2,9
2016,PROV. JAWA TIMUR,35,KAB. JOMBANG,3517,Swasta,0,0,1,1,0,0,2
2016,PROV. JAWA TIMUR,35,KAB. JOMBANG,3517,Negeri,8,4,1,3,4,3,23
2016,PROV. JAWA TIMUR,35,KAB. NGANJUK,3518,Swasta,0,0,0,0,1,0,1
2016,PROV. JAWA TIMUR,35,KAB. NGANJUK,3518,Negeri,1,4,5,2,4,3,19
2016,PROV. JAWA TIMUR,35,KAB. MADIUN,3519,Swasta,0,0,1,0,0,0,1
2016,PROV. JAWA TIMUR,35,KAB. MADIUN,3519,Negeri,2,2,1,1,0,0,6
2016,PROV. JAWA TIMUR,35,KAB. MAGETAN,3520,Negeri,1,4,4,0,2,2,13
2016,PROV. JAWA TIMUR,35,KAB. MAGETAN,3520,Swasta,0,0,0,0,0,1,1
2016,PROV. JAWA TIMUR,35,KAB. NGAWI,3521,Swasta,1,1,1,0,1,1,5
2016,PROV. JAWA TIMUR,35,KAB. NGAWI,3521,Negeri,7,5,3,4,3,5,27
2016,PROV. JAWA TIMUR,35,KAB. BOJONEGORO,3522,Negeri,3,2,2,4,3,1,15
2016,PROV. JAWA TIMUR,35,KAB. BOJONEGORO,3522,Swasta,0,0,0,0,0,0,0
2016,PROV. JAWA TIMUR,35,KAB. TUBAN,3523,Swasta,0,0,0,0,0,0,0
2016,PROV. JAWA TIMUR,35,KAB. TUBAN,3523,Negeri,0,7,6,5,0,3,21
2016,PROV. JAWA TIMUR,35,KAB. LAMONGAN,3524,Swasta,0,0,0,0,0,0,0
2016,PROV. JAWA TIMUR,35,KAB. LAMONGAN,3524,Negeri,0,0,0,2,1,2,5
2016,PROV. JAWA TIMUR,35,KAB. GRESIK,3525,Swasta,3,2,2,1,1,0,9
2016,PROV. JAWA TIMUR,35,KAB. GRESIK,3525,Negeri,3,6,8,6,7,6,36
2016,PROV. JAWA TIMUR,35,KAB. BANGKALAN,3526,Swasta,13,9,9,3,5,3,42
2016,PROV. JAWA TIMUR,35,KAB. BANGKALAN,3526,Negeri,25,35,39,35,35,31,200
2016,PROV. JAWA TIMUR,35,KAB. SAMPANG,3527,Swasta,0,2,2,2,3,7,16
2016,PROV. JAWA TIMUR,35,KAB. SAMPANG,3527,Negeri,7,10,8,7,14,33,79
2016,PROV. JAWA TIMUR,35,KAB. PAMEKASAN,3528,Negeri,23,18,15,16,36,43,151
2016,PROV. JAWA TIMUR,35,KAB. PAMEKASAN,3528,Swasta,8,7,3,2,3,2,25
2016,PROV. JAWA TIMUR,35,KAB. SUMENEP,3529,Negeri,13,6,14,7,9,11,60
2016,PROV. JAWA TIMUR,35,KAB. SUMENEP,3529,Swasta,0,0,0,0,0,0,0
2016,PROV. JAWA TIMUR,35,KOTA KEDIRI,3571,Swasta,0,0,0,0,0,2,2
2016,PROV. JAWA TIMUR,35,KOTA KEDIRI,3571,Negeri,4,1,1,1,1,0,8
2016,PROV. JAWA TIMUR,35,KOTA BLITAR,3572,Negeri,0,1,2,0,2,0,5
2016,PROV. JAWA TIMUR,35,KOTA BLITAR,3572,Swasta,0,0,0,0,0,0,0
2016,PROV. JAWA TIMUR,35,KOTA MALANG,3573,Swasta,2,2,2,2,2,1,11
2016,PROV. JAWA TIMUR,35,KOTA MALANG,3573,Negeri,2,3,4,3,2,2,16
2016,PROV. JAWA TIMUR,35,KOTA PROBOLINGGO,3574,Negeri,1,0,0,0,1,0,2
2016,PROV. JAWA TIMUR,35,KOTA PROBOLINGGO,3574,Swasta,0,0,1,0,0,0,1
2016,PROV. JAWA TIMUR,35,KOTA PASURUAN,3575,Swasta,3,0,0,1,0,4,8
2016,PROV. JAWA TIMUR,35,KOTA PASURUAN,3575,Negeri,2,0,0,0,0,0,2
2016,PROV. JAWA TIMUR,35,KOTA MOJOKERTO,3576,Negeri,4,1,2,1,0,0,8
2016,PROV. JAWA TIMUR,35,KOTA MOJOKERTO,3576,Swasta,0,0,0,0,0,0,0
2016,PROV. JAWA TIMUR,35,KOTA MADIUN,3577,Negeri,1,2,0,0,1,0,4
2016,PROV. JAWA TIMUR,35,KOTA MADIUN,3577,Swasta,0,0,0,0,1,0,1
2016,PROV. JAWA TIMUR,35,KOTA SURABAYA,3578,Swasta,14,20,10,12,5,10,71
2016,PROV. JAWA TIMUR,35,KOTA SURABAYA,3578,Negeri,15,9,7,6,7,8,52
2016,PROV. JAWA TIMUR,35,KOTA BATU,3579,Swasta,0,0,0,0,1,0,1
2016,PROV. JAWA TIMUR,35,KOTA BATU,3579,Negeri,1,0,1,0,1,1,4
2016,PROV. BANTEN,36,KAB. PANDEGLANG,3601,Negeri,28,34,18,13,22,29,144
2016,PROV. BANTEN,36,KAB. PANDEGLANG,3601,Swasta,0,0,0,0,0,0,0
2016,PROV. BANTEN,36,KAB. LEBAK,3602,Negeri,40,36,52,41,32,71,272
2016,PROV. BANTEN,36,KAB. LEBAK,3602,Swasta,4,1,0,0,0,0,5
2016,PROV. BANTEN,36,KAB. TANGERANG,3603,Swasta,13,18,16,16,10,6,79
2016,PROV. BANTEN,36,KAB. TANGERANG,3603,Negeri,104,79,47,43,52,50,375
2016,PROV. BANTEN,36,KAB. SERANG,3604,Swasta,0,1,1,0,0,1,3
2016,PROV. BANTEN,36,KAB. SERANG,3604,Negeri,43,30,20,15,26,20,154
2016,PROV. BANTEN,36,KOTA TANGERANG,3671,Swasta,9,13,15,5,7,1,50
2016,PROV. BANTEN,36,KOTA TANGERANG,3671,Negeri,47,47,40,52,39,29,254
2016,PROV. BANTEN,36,KOTA CILEGON,3672,Swasta,1,0,1,1,0,0,3
2016,PROV. BANTEN,36,KOTA CILEGON,3672,Negeri,5,3,4,4,2,2,20
2016,PROV. BANTEN,36,KOTA SERANG,3673,Negeri,17,21,13,20,17,22,110
2016,PROV. BANTEN,36,KOTA SERANG,3673,Swasta,6,4,5,4,0,0,19
2016,PROV. BANTEN,36,KOTA TANGERANG SELATAN,3674,Swasta,10,16,14,22,19,10,91
2016,PROV. BANTEN,36,KOTA TANGERANG SELATAN,3674,Negeri,20,21,7,11,12,14,85
2016,PROV. BALI,51,KAB. JEMBRANA,5101,Negeri,1,1,2,1,1,1,7
2016,PROV. BALI,51,KAB. JEMBRANA,5101,Swasta,0,0,0,0,0,0,0
2016,PROV. BALI,51,KAB. TABANAN,5102,Swasta,1,0,0,0,0,0,1
2016,PROV. BALI,51,KAB. TABANAN,5102,Negeri,1,3,3,3,3,1,14
2016,PROV. BALI,51,KAB. BADUNG,5103,Swasta,0,2,0,0,2,1,5
2016,PROV. BALI,51,KAB. BADUNG,5103,Negeri,2,1,2,0,4,1,10
2016,PROV. BALI,51,KAB. GIANYAR,5104,Swasta,0,1,0,0,0,0,1
2016,PROV. BALI,51,KAB. GIANYAR,5104,Negeri,11,5,6,4,3,1,30
2016,PROV. BALI,51,KAB. KLUNGKUNG,5105,Swasta,0,0,0,0,0,0,0
2016,PROV. BALI,51,KAB. KLUNGKUNG,5105,Negeri,3,0,1,2,0,1,7
2016,PROV. BALI,51,KAB. BANGLI,5106,Negeri,1,2,1,1,1,1,7
2016,PROV. BALI,51,KAB. BANGLI,5106,Swasta,0,0,0,0,0,0,0
2016,PROV. BALI,51,KAB. KARANGASEM,5107,Swasta,0,0,0,0,0,0,0
2016,PROV. BALI,51,KAB. KARANGASEM,5107,Negeri,9,10,10,8,5,3,45
2016,PROV. BALI,51,KAB. BULELENG,5108,Negeri,5,6,9,9,4,4,37
2016,PROV. BALI,51,KAB. BULELENG,5108,Swasta,0,0,0,0,0,0,0
2016,PROV. BALI,51,KOTA DENPASAR,5171,Negeri,3,6,3,2,0,6,20
2016,PROV. BALI,51,KOTA DENPASAR,5171,Swasta,0,0,1,1,2,0,4
2016,PROV. NUSA TENGGARA BARAT,52,KAB. LOMBOK BARAT,5201,Negeri,8,8,5,12,13,3,49
2016,PROV. NUSA TENGGARA BARAT,52,KAB. LOMBOK BARAT,5201,Swasta,0,0,0,0,0,0,0
2016,PROV. NUSA TENGGARA BARAT,52,KAB. LOMBOK TENGAH,5202,Swasta,2,1,0,1,0,0,4
2016,PROV. NUSA TENGGARA BARAT,52,KAB. LOMBOK TENGAH,5202,Negeri,30,20,19,14,21,18,122
2016,PROV. NUSA TENGGARA BARAT,52,KAB. LOMBOK TIMUR,5203,Negeri,31,20,20,18,10,19,118
2016,PROV. NUSA TENGGARA BARAT,52,KAB. LOMBOK TIMUR,5203,Swasta,4,5,0,4,3,3,19
2016,PROV. NUSA TENGGARA BARAT,52,KAB. SUMBAWA,5204,Swasta,0,0,0,0,0,0,0
2016,PROV. NUSA TENGGARA BARAT,52,KAB. SUMBAWA,5204,Negeri,10,6,6,5,5,5,37
2016,PROV. NUSA TENGGARA BARAT,52,KAB. DOMPU,5205,Negeri,19,24,19,8,3,10,83
2016,PROV. NUSA TENGGARA BARAT,52,KAB. DOMPU,5205,Swasta,1,0,0,0,0,0,1
2016,PROV. NUSA TENGGARA BARAT,52,KAB. BIMA,5206,Negeri,41,23,23,24,16,29,156
2016,PROV. NUSA TENGGARA BARAT,52,KAB. BIMA,5206,Swasta,0,0,0,0,0,0,0
2016,PROV. NUSA TENGGARA BARAT,52,KAB. SUMBAWA BARAT,5207,Swasta,0,0,0,0,0,0,0
2016,PROV. NUSA TENGGARA BARAT,52,KAB. SUMBAWA BARAT,5207,Negeri,1,2,0,1,2,0,6
2016,PROV. NUSA TENGGARA BARAT,52,KAB. LOMBOK UTARA,5208,Negeri,5,2,5,5,7,3,27
2016,PROV. NUSA TENGGARA BARAT,52,KAB. LOMBOK UTARA,5208,Swasta,5,6,9,11,0,0,31
2016,PROV. NUSA TENGGARA BARAT,52,KOTA MATARAM,5271,Swasta,0,0,2,0,0,2,4
2016,PROV. NUSA TENGGARA BARAT,52,KOTA MATARAM,5271,Negeri,2,3,2,4,3,1,15
2016,PROV. NUSA TENGGARA BARAT,52,KOTA BIMA,5272,Swasta,0,0,0,0,0,0,0
2016,PROV. NUSA TENGGARA BARAT,52,KOTA BIMA,5272,Negeri,10,7,4,1,3,5,30
2016,PROV. NUSA TENGGARA TIMUR,53,KAB. KUPANG,5301,Swasta,2,5,1,2,3,1,14
2016,PROV. NUSA TENGGARA TIMUR,53,KAB. KUPANG,5301,Negeri,23,22,13,15,13,13,99
2016,PROV. NUSA TENGGARA TIMUR,53,KAB. TIMOR TENGAH SELATAN,5302,Negeri,39,21,15,23,21,19,138
2016,PROV. NUSA TENGGARA TIMUR,53,KAB. TIMOR TENGAH SELATAN,5302,Swasta,39,15,17,9,12,11,103
2016,PROV. NUSA TENGGARA TIMUR,53,KAB. TIMOR TENGAH UTARA,5303,Swasta,10,7,12,8,4,1,42
2016,PROV. NUSA TENGGARA TIMUR,53,KAB. TIMOR TENGAH UTARA,5303,Negeri,28,14,9,7,5,5,68
2016,PROV. NUSA TENGGARA TIMUR,53,KAB. BELU,5304,Swasta,9,0,1,1,2,5,18
2016,PROV. NUSA TENGGARA TIMUR,53,KAB. BELU,5304,Negeri,22,2,5,4,2,5,40
2016,PROV. NUSA TENGGARA TIMUR,53,KAB. ALOR,5305,Negeri,20,21,8,9,5,15,78
2016,PROV. NUSA TENGGARA TIMUR,53,KAB. ALOR,5305,Swasta,8,7,17,10,12,5,59
2016,PROV. NUSA TENGGARA TIMUR,53,KAB. FLORES TIMUR,5306,Negeri,7,3,0,3,8,7,28
2016,PROV. NUSA TENGGARA TIMUR,53,KAB. FLORES TIMUR,5306,Swasta,5,3,7,4,3,3,25
2016,PROV. NUSA TENGGARA TIMUR,53,KAB. SIKKA,5307,Negeri,22,10,14,12,18,5,81
2016,PROV. NUSA TENGGARA TIMUR,53,KAB. SIKKA,5307,Swasta,4,5,5,6,7,0,27
2016,PROV. NUSA TENGGARA TIMUR,53,KAB. ENDE,5308,Swasta,15,5,4,1,7,11,43
2016,PROV. NUSA TENGGARA TIMUR,53,KAB. ENDE,5308,Negeri,11,4,5,3,7,2,32
2016,PROV. NUSA TENGGARA TIMUR,53,KAB. NGADA,5309,Negeri,2,0,1,1,1,0,5
2016,PROV. NUSA TENGGARA TIMUR,53,KAB. NGADA,5309,Swasta,2,0,0,0,0,5,7
2016,PROV. NUSA TENGGARA TIMUR,53,KAB. MANGGARAI,5310,Swasta,5,1,0,4,5,1,16
2016,PROV. NUSA TENGGARA TIMUR,53,KAB. MANGGARAI,5310,Negeri,16,7,9,9,17,6,64
2016,PROV. NUSA TENGGARA TIMUR,53,KAB. SUMBA TIMUR,5311,Swasta,11,6,0,1,4,1,23
2016,PROV. NUSA TENGGARA TIMUR,53,KAB. SUMBA TIMUR,5311,Negeri,4,5,3,9,0,4,25
2016,PROV. NUSA TENGGARA TIMUR,53,KAB. SUMBA BARAT,5312,Negeri,2,9,5,3,4,2,25
2016,PROV. NUSA TENGGARA TIMUR,53,KAB. SUMBA BARAT,5312,Swasta,3,0,0,3,1,0,7
2016,PROV. NUSA TENGGARA TIMUR,53,KAB. LEMBATA,5313,Negeri,2,2,4,3,3,2,16
2016,PROV. NUSA TENGGARA TIMUR,53,KAB. LEMBATA,5313,Swasta,2,2,2,1,3,0,10
2016,PROV. NUSA TENGGARA TIMUR,53,KAB. ROTE NDAO,5314,Negeri,5,1,6,3,8,6,29
2016,PROV. NUSA TENGGARA TIMUR,53,KAB. ROTE NDAO,5314,Swasta,2,0,2,1,1,0,6
2016,PROV. NUSA TENGGARA TIMUR,53,KAB. MANGGARAI BARAT,5315,Negeri,12,11,7,14,12,15,71
2016,PROV. NUSA TENGGARA TIMUR,53,KAB. MANGGARAI BARAT,5315,Swasta,8,5,0,1,3,6,23
2016,PROV. NUSA TENGGARA TIMUR,53,KAB. NAGEKEO,5316,Negeri,3,3,0,3,6,6,21
2016,PROV. NUSA TENGGARA TIMUR,53,KAB. NAGEKEO,5316,Swasta,2,1,0,0,4,1,8
2016,PROV. NUSA TENGGARA TIMUR,53,KAB. SUMBA TENGAH,5317,Swasta,0,0,0,0,0,2,2
2016,PROV. NUSA TENGGARA TIMUR,53,KAB. SUMBA TENGAH,5317,Negeri,0,1,0,0,1,0,2
2016,PROV. NUSA TENGGARA TIMUR,53,KAB. SUMBA BARAT DAYA,5318,Negeri,22,28,32,21,30,53,186
2016,PROV. NUSA TENGGARA TIMUR,53,KAB. SUMBA BARAT DAYA,5318,Swasta,51,22,29,17,19,9,147
2016,PROV. NUSA TENGGARA TIMUR,53,KAB. MANGGARAI TIMUR,5319,Negeri,28,12,6,7,10,13,76
2016,PROV. NUSA TENGGARA TIMUR,53,KAB. MANGGARAI TIMUR,5319,Swasta,11,4,4,3,7,9,38
2016,PROV. NUSA TENGGARA TIMUR,53,KAB. SABU RAIJUA,5320,Swasta,0,3,1,2,2,1,9
2016,PROV. NUSA TENGGARA TIMUR,53,KAB. SABU RAIJUA,5320,Negeri,2,2,0,2,2,1,9
2016,PROV. NUSA TENGGARA TIMUR,53,KAB. MALAKA,5321,Swasta,15,20,14,5,9,12,75
2016,PROV. NUSA TENGGARA TIMUR,53,KAB. MALAKA,5321,Negeri,35,17,19,17,11,16,115
2016,PROV. NUSA TENGGARA TIMUR,53,KOTA KUPANG,5371,Swasta,2,4,4,0,1,3,14
2016,PROV. NUSA TENGGARA TIMUR,53,KOTA KUPANG,5371,Negeri,8,6,15,10,6,6,51
2016,PROV. KALIMANTAN BARAT,61,KAB. SAMBAS,6101,Swasta,0,0,0,0,0,1,1
2016,PROV. KALIMANTAN BARAT,61,KAB. SAMBAS,6101,Negeri,42,11,13,21,21,17,125
2016,PROV. KALIMANTAN BARAT,61,KAB. MEMPAWAH,6102,Swasta,0,0,0,0,1,1,2
2016,PROV. KALIMANTAN BARAT,61,KAB. MEMPAWAH,6102,Negeri,8,6,6,6,6,6,38
2016,PROV. KALIMANTAN BARAT,61,KAB. SANGGAU,6103,Negeri,37,16,29,14,22,29,147
2016,PROV. KALIMANTAN BARAT,61,KAB. SANGGAU,6103,Swasta,0,0,1,0,0,0,1
2016,PROV. KALIMANTAN BARAT,61,KAB. KETAPANG,6104,Swasta,4,5,1,2,3,0,15
2016,PROV. KALIMANTAN BARAT,61,KAB. KETAPANG,6104,Negeri,39,27,24,29,26,19,164
2016,PROV. KALIMANTAN BARAT,61,KAB. SINTANG,6105,Swasta,0,1,1,1,0,0,3
2016,PROV. KALIMANTAN BARAT,61,KAB. SINTANG,6105,Negeri,25,20,5,20,16,27,113
2016,PROV. KALIMANTAN BARAT,61,KAB. KAPUAS HULU,6106,Swasta,0,0,1,0,0,0,1
2016,PROV. KALIMANTAN BARAT,61,KAB. KAPUAS HULU,6106,Negeri,5,9,12,9,19,17,71
2016,PROV. KALIMANTAN BARAT,61,KAB. BENGKAYANG,6107,Swasta,0,0,0,0,0,0,0
2016,PROV. KALIMANTAN BARAT,61,KAB. BENGKAYANG,6107,Negeri,24,14,15,9,25,10,97
2016,PROV. KALIMANTAN BARAT,61,KAB. LANDAK,6108,Swasta,0,1,0,0,0,0,1
2016,PROV. KALIMANTAN BARAT,61,KAB. LANDAK,6108,Negeri,20,16,13,11,19,12,91
2016,PROV. KALIMANTAN BARAT,61,KAB. SEKADAU,6109,Negeri,16,6,11,13,10,3,59
2016,PROV. KALIMANTAN BARAT,61,KAB. SEKADAU,6109,Swasta,0,2,0,0,0,0,2
2016,PROV. KALIMANTAN BARAT,61,KAB. MELAWI,6110,Negeri,39,36,15,19,11,57,177
2016,PROV. KALIMANTAN BARAT,61,KAB. MELAWI,6110,Swasta,2,0,1,0,0,0,3
2016,PROV. KALIMANTAN BARAT,61,KAB. KAYONG UTARA,6111,Swasta,0,0,0,0,0,0,0
2016,PROV. KALIMANTAN BARAT,61,KAB. KAYONG UTARA,6111,Negeri,4,10,3,2,3,1,23
2016,PROV. KALIMANTAN BARAT,61,KAB. KUBU RAYA,6112,Negeri,37,36,29,27,28,53,210
2016,PROV. KALIMANTAN BARAT,61,KAB. KUBU RAYA,6112,Swasta,1,2,2,2,1,1,9
2016,PROV. KALIMANTAN BARAT,61,KOTA PONTIANAK,6171,Swasta,1,1,0,1,0,1,4
2016,PROV. KALIMANTAN BARAT,61,KOTA PONTIANAK,6171,Negeri,12,13,9,15,18,9,76
2016,PROV. KALIMANTAN BARAT,61,KOTA SINGKAWANG,6172,Negeri,15,3,5,3,4,7,37
2016,PROV. KALIMANTAN BARAT,61,KOTA SINGKAWANG,6172,Swasta,1,1,0,3,1,0,6
2016,PROV. KALIMANTAN TENGAH,62,KAB. KOTAWARINGIN BARAT,6201,Swasta,0,2,0,0,0,0,2
2016,PROV. KALIMANTAN TENGAH,62,KAB. KOTAWARINGIN BARAT,6201,Negeri,7,10,5,9,8,4,43
2016,PROV. KALIMANTAN TENGAH,62,KAB. KOTAWARINGIN TIMUR,6202,Negeri,15,14,6,9,6,9,59
2016,PROV. KALIMANTAN TENGAH,62,KAB. KOTAWARINGIN TIMUR,6202,Swasta,4,5,2,4,0,1,16
2016,PROV. KALIMANTAN TENGAH,62,KAB. KAPUAS,6203,Negeri,33,28,34,28,25,34,182
2016,PROV. KALIMANTAN TENGAH,62,KAB. KAPUAS,6203,Swasta,3,4,3,0,3,0,13
2016,PROV. KALIMANTAN TENGAH,62,KAB. BARITO SELATAN,6204,Negeri,3,7,1,2,2,7,22
2016,PROV. KALIMANTAN TENGAH,62,KAB. BARITO SELATAN,6204,Swasta,0,0,0,0,0,0,0
2016,PROV. KALIMANTAN TENGAH,62,KAB. BARITO UTARA,6205,Swasta,0,0,0,0,0,0,0
2016,PROV. KALIMANTAN TENGAH,62,KAB. BARITO UTARA,6205,Negeri,12,15,14,4,16,12,73
2016,PROV. KALIMANTAN TENGAH,62,KAB. KATINGAN,6206,Swasta,0,0,0,0,0,0,0
2016,PROV. KALIMANTAN TENGAH,62,KAB. KATINGAN,6206,Negeri,2,14,8,3,11,11,49
2016,PROV. KALIMANTAN TENGAH,62,KAB. SERUYAN,6207,Negeri,4,1,2,0,0,5,12
2016,PROV. KALIMANTAN TENGAH,62,KAB. SERUYAN,6207,Swasta,1,2,1,0,2,1,7
2016,PROV. KALIMANTAN TENGAH,62,KAB. SUKAMARA,6208,Swasta,0,0,0,0,0,0,0
2016,PROV. KALIMANTAN TENGAH,62,KAB. SUKAMARA,6208,Negeri,2,0,1,0,3,6,12
2016,PROV. KALIMANTAN TENGAH,62,KAB. LAMANDAU,6209,Negeri,3,1,1,0,0,0,5
2016,PROV. KALIMANTAN TENGAH,62,KAB. LAMANDAU,6209,Swasta,1,0,1,0,0,0,2
2016,PROV. KALIMANTAN TENGAH,62,KAB. GUNUNG MAS,6210,Swasta,1,0,0,0,0,0,1
2016,PROV. KALIMANTAN TENGAH,62,KAB. GUNUNG MAS,6210,Negeri,5,4,6,4,2,1,22
2016,PROV. KALIMANTAN TENGAH,62,KAB. PULANG PISAU,6211,Swasta,0,0,0,1,0,0,1
2016,PROV. KALIMANTAN TENGAH,62,KAB. PULANG PISAU,6211,Negeri,2,4,2,4,6,5,23
2016,PROV. KALIMANTAN TENGAH,62,KAB. MURUNG RAYA,6212,Negeri,16,20,11,10,8,14,79
2016,PROV. KALIMANTAN TENGAH,62,KAB. MURUNG RAYA,6212,Swasta,0,0,0,0,0,0,0
2016,PROV. KALIMANTAN TENGAH,62,KAB. BARITO TIMUR,6213,Swasta,0,0,0,0,0,0,0
2016,PROV. KALIMANTAN TENGAH,62,KAB. BARITO TIMUR,6213,Negeri,8,0,1,4,2,3,18
2016,PROV. KALIMANTAN TENGAH,62,KOTA PALANGKA RAYA,6271,Swasta,1,0,1,0,1,0,3
2016,PROV. KALIMANTAN TENGAH,62,KOTA PALANGKA RAYA,6271,Negeri,11,4,4,2,2,7,30
2016,PROV. KALIMANTAN SELATAN,63,KAB. TANAH LAUT,6301,Swasta,0,0,0,0,0,0,0
2016,PROV. KALIMANTAN SELATAN,63,KAB. TANAH LAUT,6301,Negeri,6,12,9,5,7,11,50
2016,PROV. KALIMANTAN SELATAN,63,KAB. KOTABARU,6302,Swasta,1,0,0,2,0,0,3
2016,PROV. KALIMANTAN SELATAN,63,KAB. KOTABARU,6302,Negeri,16,6,5,2,15,9,53
2016,PROV. KALIMANTAN SELATAN,63,KAB. BANJAR,6303,Swasta,1,0,0,0,0,0,1
2016,PROV. KALIMANTAN SELATAN,63,KAB. BANJAR,6303,Negeri,15,11,11,25,20,4,86
2016,PROV. KALIMANTAN SELATAN,63,KAB. BARITO KUALA,6304,Swasta,0,0,0,0,0,0,0
2016,PROV. KALIMANTAN SELATAN,63,KAB. BARITO KUALA,6304,Negeri,17,7,2,7,5,8,46
2016,PROV. KALIMANTAN SELATAN,63,KAB. TAPIN,6305,Swasta,0,0,0,0,0,0,0
2016,PROV. KALIMANTAN SELATAN,63,KAB. TAPIN,6305,Negeri,7,2,2,4,2,3,20
2016,PROV. KALIMANTAN SELATAN,63,KAB. HULU SUNGAI SELATAN,6306,Negeri,3,3,1,5,5,6,23
2016,PROV. KALIMANTAN SELATAN,63,KAB. HULU SUNGAI SELATAN,6306,Swasta,1,0,0,0,0,0,1
2016,PROV. KALIMANTAN SELATAN,63,KAB. HULU SUNGAI TENGAH,6307,Negeri,1,3,1,4,3,6,18
2016,PROV. KALIMANTAN SELATAN,63,KAB. HULU SUNGAI TENGAH,6307,Swasta,0,0,0,1,0,0,1
2016,PROV. KALIMANTAN SELATAN,63,KAB. HULU SUNGAI UTARA,6308,Swasta,1,0,0,0,0,0,1
2016,PROV. KALIMANTAN SELATAN,63,KAB. HULU SUNGAI UTARA,6308,Negeri,4,2,4,3,2,3,18
2016,PROV. KALIMANTAN SELATAN,63,KAB. TABALONG,6309,Negeri,9,1,3,5,5,3,26
2016,PROV. KALIMANTAN SELATAN,63,KAB. TABALONG,6309,Swasta,0,2,4,3,2,0,11
2016,PROV. KALIMANTAN SELATAN,63,KAB. TANAH BUMBU,6310,Negeri,12,3,6,4,9,1,35
2016,PROV. KALIMANTAN SELATAN,63,KAB. TANAH BUMBU,6310,Swasta,0,2,0,1,1,1,5
2016,PROV. KALIMANTAN SELATAN,63,KAB. BALANGAN,6311,Swasta,0,0,0,0,0,0,0
2016,PROV. KALIMANTAN SELATAN,63,KAB. BALANGAN,6311,Negeri,1,3,1,1,2,1,9
2016,PROV. KALIMANTAN SELATAN,63,KOTA BANJARMASIN,6371,Negeri,12,14,19,16,18,19,98
2016,PROV. KALIMANTAN SELATAN,63,KOTA BANJARMASIN,6371,Swasta,2,4,3,3,1,1,14
2016,PROV. KALIMANTAN SELATAN,63,KOTA BANJARBARU,6372,Negeri,4,0,1,4,0,2,11
2016,PROV. KALIMANTAN SELATAN,63,KOTA BANJARBARU,6372,Swasta,0,0,0,0,0,0,0
2016,PROV. KALIMANTAN TIMUR,64,KAB. PASER,6401,Negeri,8,4,9,3,10,2,36
2016,PROV. KALIMANTAN TIMUR,64,KAB. PASER,6401,Swasta,0,0,0,0,0,0,0
2016,PROV. KALIMANTAN TIMUR,64,KAB. KUTAI KARTANEGARA,6402,Negeri,29,15,11,16,16,18,105
2016,PROV. KALIMANTAN TIMUR,64,KAB. KUTAI KARTANEGARA,6402,Swasta,2,1,0,0,1,0,4
2016,PROV. KALIMANTAN TIMUR,64,KAB. BERAU,6403,Swasta,1,1,2,1,0,0,5
2016,PROV. KALIMANTAN TIMUR,64,KAB. BERAU,6403,Negeri,8,3,11,13,11,9,55
2016,PROV. KALIMANTAN TIMUR,64,KAB. KUTAI BARAT,6407,Swasta,0,1,1,1,0,0,3
2016,PROV. KALIMANTAN TIMUR,64,KAB. KUTAI BARAT,6407,Negeri,1,4,4,1,5,3,18
2016,PROV. KALIMANTAN TIMUR,64,KAB. KUTAI TIMUR,6408,Negeri,9,9,3,7,7,14,49
2016,PROV. KALIMANTAN TIMUR,64,KAB. KUTAI TIMUR,6408,Swasta,6,5,2,1,3,0,17
2016,PROV. KALIMANTAN TIMUR,64,KAB. PENAJAM PASER UTARA,6409,Swasta,1,2,1,1,0,0,5
2016,PROV. KALIMANTAN TIMUR,64,KAB. PENAJAM PASER UTARA,6409,Negeri,6,0,3,6,2,6,23
2016,PROV. KALIMANTAN TIMUR,64,KAB. MAHAKAM ULU,6411,Swasta,0,0,0,0,0,0,0
2016,PROV. KALIMANTAN TIMUR,64,KAB. MAHAKAM ULU,6411,Negeri,1,2,0,1,0,0,4
2016,PROV. KALIMANTAN TIMUR,64,KOTA BALIKPAPAN,6471,Negeri,9,1,3,4,6,4,27
2016,PROV. KALIMANTAN TIMUR,64,KOTA BALIKPAPAN,6471,Swasta,5,2,1,2,4,0,14
2016,PROV. KALIMANTAN TIMUR,64,KOTA SAMARINDA,6472,Negeri,20,5,5,2,5,6,43
2016,PROV. KALIMANTAN TIMUR,64,KOTA SAMARINDA,6472,Swasta,5,3,1,0,2,0,11
2016,PROV. KALIMANTAN TIMUR,64,KOTA BONTANG,6474,Negeri,5,0,1,0,3,1,10
2016,PROV. KALIMANTAN TIMUR,64,KOTA BONTANG,6474,Swasta,2,1,1,2,3,0,9
2016,PROV. KALIMANTAN UTARA,65,KAB. BULUNGAN,6501,Negeri,8,14,5,5,1,11,44
2016,PROV. KALIMANTAN UTARA,65,KAB. BULUNGAN,6501,Swasta,0,0,0,0,0,0,0
2016,PROV. KALIMANTAN UTARA,65,KAB. MALINAU,6502,Swasta,0,0,0,0,0,0,0
2016,PROV. KALIMANTAN UTARA,65,KAB. MALINAU,6502,Negeri,3,12,13,2,3,0,33
2016,PROV. KALIMANTAN UTARA,65,KAB. NUNUKAN,6503,Negeri,7,12,4,4,10,8,45
2016,PROV. KALIMANTAN UTARA,65,KAB. NUNUKAN,6503,Swasta,2,0,1,0,0,0,3
2016,PROV. KALIMANTAN UTARA,65,KAB. TANA TIDUNG,6504,Negeri,0,1,0,1,1,0,3
2016,PROV. KALIMANTAN UTARA,65,KOTA TARAKAN,6571,Negeri,4,0,2,1,6,1,14
2016,PROV. KALIMANTAN UTARA,65,KOTA TARAKAN,6571,Swasta,1,0,1,0,0,2,4
2016,PROV. SULAWESI UTARA,71,KAB. BOLAANG MONGONDOW,7101,Negeri,5,11,3,3,5,2,29
2016,PROV. SULAWESI UTARA,71,KAB. BOLAANG MONGONDOW,7101,Swasta,3,0,1,0,0,0,4
2016,PROV. SULAWESI UTARA,71,KAB. MINAHASA,7102,Negeri,4,3,3,0,2,2,14
2016,PROV. SULAWESI UTARA,71,KAB. MINAHASA,7102,Swasta,2,7,4,6,3,0,22
2016,PROV. SULAWESI UTARA,71,KAB. KEPULAUAN SANGIHE,7103,Swasta,0,3,0,0,3,1,7
2016,PROV. SULAWESI UTARA,71,KAB. KEPULAUAN SANGIHE,7103,Negeri,1,1,1,1,6,1,11
2016,PROV. SULAWESI UTARA,71,KAB. KEPULAUAN TALAUD,7104,Swasta,0,0,0,2,1,0,3
2016,PROV. SULAWESI UTARA,71,KAB. KEPULAUAN TALAUD,7104,Negeri,2,1,0,1,1,1,6
2016,PROV. SULAWESI UTARA,71,KAB. MINAHASA SELATAN,7105,Swasta,5,5,0,0,0,4,14
2016,PROV. SULAWESI UTARA,71,KAB. MINAHASA SELATAN,7105,Negeri,2,4,2,0,1,2,11
2016,PROV. SULAWESI UTARA,71,KAB. MINAHASA UTARA,7106,Negeri,1,4,1,0,0,0,6
2016,PROV. SULAWESI UTARA,71,KAB. MINAHASA UTARA,7106,Swasta,2,1,0,3,0,0,6
2016,PROV. SULAWESI UTARA,71,KAB. MINAHASA TENGGARA,7107,Negeri,0,0,1,2,0,0,3
2016,PROV. SULAWESI UTARA,71,KAB. MINAHASA TENGGARA,7107,Swasta,0,0,0,0,0,0,0
2016,PROV. SULAWESI UTARA,71,KAB. BOLAANG MONGONDOW UTARA,7108,Negeri,2,5,2,2,5,1,17
2016,PROV. SULAWESI UTARA,71,KAB. BOLAANG MONGONDOW UTARA,7108,Swasta,0,0,0,0,0,0,0
2016,PROV. SULAWESI UTARA,71,KAB. KEP. SIAU TAGULANDANG BIARO,7109,Negeri,0,2,0,0,0,0,2
2016,PROV. SULAWESI UTARA,71,KAB. KEP. SIAU TAGULANDANG BIARO,7109,Swasta,0,2,0,0,1,3,6
2016,PROV. SULAWESI UTARA,71,KAB. BOLAANG MONGONDOW TIMUR,7110,Negeri,9,4,3,0,0,0,16
2016,PROV. SULAWESI UTARA,71,KAB. BOLAANG MONGONDOW TIMUR,7110,Swasta,0,0,0,0,0,0,0
2016,PROV. SULAWESI UTARA,71,KAB. BOLAANG MONGONDOW SELATAN,7111,Swasta,0,0,0,0,0,0,0
2016,PROV. SULAWESI UTARA,71,KAB. BOLAANG MONGONDOW SELATAN,7111,Negeri,2,1,0,1,1,4,9
2016,PROV. SULAWESI UTARA,71,KOTA MANADO,7171,Negeri,3,5,1,6,3,2,20
2016,PROV. SULAWESI UTARA,71,KOTA MANADO,7171,Swasta,2,5,9,4,1,8,29
2016,PROV. SULAWESI UTARA,71,KOTA BITUNG,7172,Negeri,0,3,7,0,2,12,24
2016,PROV. SULAWESI UTARA,71,KOTA BITUNG,7172,Swasta,0,1,0,0,0,3,4
2016,PROV. SULAWESI UTARA,71,KOTA TOMOHON,7173,Swasta,1,0,0,3,0,0,4
2016,PROV. SULAWESI UTARA,71,KOTA TOMOHON,7173,Negeri,0,1,0,0,1,1,3
2016,PROV. SULAWESI UTARA,71,KOTA KOTAMOBAGU,7174,Negeri,0,0,1,1,1,2,5
2016,PROV. SULAWESI UTARA,71,KOTA KOTAMOBAGU,7174,Swasta,0,0,0,0,0,2,2
2016,PROV. SULAWESI TENGAH,72,KAB. BANGGAI,7201,Negeri,15,19,32,23,24,12,125
2016,PROV. SULAWESI TENGAH,72,KAB. BANGGAI,7201,Swasta,0,0,0,0,1,0,1
2016,PROV. SULAWESI TENGAH,72,KAB. POSO,7202,Negeri,9,2,6,5,8,7,37
2016,PROV. SULAWESI TENGAH,72,KAB. POSO,7202,Swasta,2,0,4,1,0,0,7
2016,PROV. SULAWESI TENGAH,72,KAB. DONGGALA,7203,Swasta,2,0,0,0,0,0,2
2016,PROV. SULAWESI TENGAH,72,KAB. DONGGALA,7203,Negeri,15,19,42,10,16,14,116
2016,PROV. SULAWESI TENGAH,72,KAB. TOLITOLI,7204,Negeri,14,5,21,9,3,16,68
2016,PROV. SULAWESI TENGAH,72,KAB. TOLITOLI,7204,Swasta,1,2,0,1,0,0,4
2016,PROV. SULAWESI TENGAH,72,KAB. BUOL,7205,Negeri,6,9,17,12,26,16,86
2016,PROV. SULAWESI TENGAH,72,KAB. BUOL,7205,Swasta,0,0,0,0,0,0,0
2016,PROV. SULAWESI TENGAH,72,KAB. MOROWALI,7206,Swasta,0,0,0,0,0,0,0
2016,PROV. SULAWESI TENGAH,72,KAB. MOROWALI,7206,Negeri,4,8,10,1,4,1,28
2016,PROV. SULAWESI TENGAH,72,KAB. BANGGAI KEPULAUAN,7207,Negeri,14,6,4,17,4,6,51
2016,PROV. SULAWESI TENGAH,72,KAB. BANGGAI KEPULAUAN,7207,Swasta,0,0,0,0,0,0,0
2016,PROV. SULAWESI TENGAH,72,KAB. PARIGI MOUTONG,7208,Swasta,1,0,2,1,3,0,7
2016,PROV. SULAWESI TENGAH,72,KAB. PARIGI MOUTONG,7208,Negeri,24,22,12,20,27,18,123
2016,PROV. SULAWESI TENGAH,72,KAB. TOJO UNA UNA,7209,Swasta,0,0,0,0,0,0,0
2016,PROV. SULAWESI TENGAH,72,KAB. TOJO UNA UNA,7209,Negeri,7,8,3,6,12,0,36
2016,PROV. SULAWESI TENGAH,72,KAB. SIGI,7210,Swasta,0,1,2,2,0,0,5
2016,PROV. SULAWESI TENGAH,72,KAB. SIGI,7210,Negeri,10,6,6,2,4,0,28
2016,PROV. SULAWESI TENGAH,72,KAB. BANGGAI LAUT,7211,Swasta,1,0,0,0,0,0,1
2016,PROV. SULAWESI TENGAH,72,KAB. BANGGAI LAUT,7211,Negeri,9,2,4,5,3,0,23
2016,PROV. SULAWESI TENGAH,72,KAB. MOROWALI UTARA,7212,Negeri,2,6,4,2,2,3,19
2016,PROV. SULAWESI TENGAH,72,KAB. MOROWALI UTARA,7212,Swasta,0,0,0,0,0,0,0
2016,PROV. SULAWESI TENGAH,72,KOTA PALU,7271,Swasta,1,4,0,2,1,0,8
2016,PROV. SULAWESI TENGAH,72,KOTA PALU,7271,Negeri,4,6,3,5,12,9,39
2016,PROV. SULAWESI SELATAN,73,KAB. KEPULAUAN SELAYAR,7301,Negeri,8,13,8,9,10,4,52
2016,PROV. SULAWESI SELATAN,73,KAB. KEPULAUAN SELAYAR,7301,Swasta,0,0,0,0,0,0,0
2016,PROV. SULAWESI SELATAN,73,KAB. BULUKUMBA,7302,Swasta,0,0,0,0,0,0,0
2016,PROV. SULAWESI SELATAN,73,KAB. BULUKUMBA,7302,Negeri,21,25,19,29,17,22,133
2016,PROV. SULAWESI SELATAN,73,KAB. BANTAENG,7303,Negeri,18,8,14,12,14,5,71
2016,PROV. SULAWESI SELATAN,73,KAB. BANTAENG,7303,Swasta,0,0,0,0,0,0,0
2016,PROV. SULAWESI SELATAN,73,KAB. JENEPONTO,7304,Negeri,60,36,61,43,74,72,346
2016,PROV. SULAWESI SELATAN,73,KAB. JENEPONTO,7304,Swasta,0,0,0,0,0,0,0
2016,PROV. SULAWESI SELATAN,73,KAB. TAKALAR,7305,Negeri,25,23,17,21,22,20,128
2016,PROV. SULAWESI SELATAN,73,KAB. TAKALAR,7305,Swasta,0,0,0,0,0,0,0
2016,PROV. SULAWESI SELATAN,73,KAB. GOWA,7306,Negeri,20,40,22,30,45,36,193
2016,PROV. SULAWESI SELATAN,73,KAB. GOWA,7306,Swasta,0,0,0,0,1,0,1
2016,PROV. SULAWESI SELATAN,73,KAB. SINJAI,7307,Swasta,0,0,0,0,0,0,0
2016,PROV. SULAWESI SELATAN,73,KAB. SINJAI,7307,Negeri,9,11,15,14,10,8,67
2016,PROV. SULAWESI SELATAN,73,KAB. BONE,7308,Swasta,0,0,2,0,0,0,2
2016,PROV. SULAWESI SELATAN,73,KAB. BONE,7308,Negeri,26,23,19,15,19,12,114
2016,PROV. SULAWESI SELATAN,73,KAB. MAROS,7309,Negeri,7,15,9,12,9,13,65
2016,PROV. SULAWESI SELATAN,73,KAB. MAROS,7309,Swasta,0,0,1,0,0,0,1
2016,PROV. SULAWESI SELATAN,73,KAB. PANGKAJENE DAN KEPULAUAN,7310,Swasta,1,0,0,0,0,0,1
2016,PROV. SULAWESI SELATAN,73,KAB. PANGKAJENE DAN KEPULAUAN,7310,Negeri,14,13,15,6,16,11,75
2016,PROV. SULAWESI SELATAN,73,KAB. BARRU,7311,Swasta,0,0,0,0,0,0,0
2016,PROV. SULAWESI SELATAN,73,KAB. BARRU,7311,Negeri,1,3,4,2,6,2,18
2016,PROV. SULAWESI SELATAN,73,KAB. SOPPENG,7312,Negeri,5,0,3,4,5,6,23
2016,PROV. SULAWESI SELATAN,73,KAB. SOPPENG,7312,Swasta,0,0,0,0,0,0,0
2016,PROV. SULAWESI SELATAN,73,KAB. WAJO,7313,Swasta,2,1,0,1,0,0,4
2016,PROV. SULAWESI SELATAN,73,KAB. WAJO,7313,Negeri,11,11,11,13,20,6,72
2016,PROV. SULAWESI SELATAN,73,KAB. SIDENRENG RAPPANG,7314,Swasta,0,0,0,0,0,0,0
2016,PROV. SULAWESI SELATAN,73,KAB. SIDENRENG RAPPANG,7314,Negeri,7,4,7,5,6,21,50
2016,PROV. SULAWESI SELATAN,73,KAB. PINRANG,7315,Swasta,0,0,0,0,0,0,0
2016,PROV. SULAWESI SELATAN,73,KAB. PINRANG,7315,Negeri,8,30,10,29,14,25,116
2016,PROV. SULAWESI SELATAN,73,KAB. ENREKANG,7316,Swasta,0,0,0,0,0,0,0
2016,PROV. SULAWESI SELATAN,73,KAB. ENREKANG,7316,Negeri,6,13,7,6,17,6,55
2016,PROV. SULAWESI SELATAN,73,KAB. LUWU,7317,Swasta,0,0,0,0,0,0,0
2016,PROV. SULAWESI SELATAN,73,KAB. LUWU,7317,Negeri,6,22,12,12,12,31,95
2016,PROV. SULAWESI SELATAN,73,KAB. TANA TORAJA,7318,Negeri,17,15,10,14,16,12,84
2016,PROV. SULAWESI SELATAN,73,KAB. TANA TORAJA,7318,Swasta,0,1,1,0,1,0,3
2016,PROV. SULAWESI SELATAN,73,KAB. LUWU UTARA,7322,Swasta,0,0,0,0,0,0,0
2016,PROV. SULAWESI SELATAN,73,KAB. LUWU UTARA,7322,Negeri,13,12,12,19,20,8,84
2016,PROV. SULAWESI SELATAN,73,KAB. LUWU TIMUR,7324,Negeri,1,5,6,12,12,10,46
2016,PROV. SULAWESI SELATAN,73,KAB. LUWU TIMUR,7324,Swasta,1,0,0,0,1,0,2
2016,PROV. SULAWESI SELATAN,73,KAB. TORAJA UTARA,7326,Swasta,0,3,1,2,0,0,6
2016,PROV. SULAWESI SELATAN,73,KAB. TORAJA UTARA,7326,Negeri,28,17,12,21,9,23,110
2016,PROV. SULAWESI SELATAN,73,KOTA MAKASSAR,7371,Negeri,35,62,45,55,97,114,408
2016,PROV. SULAWESI SELATAN,73,KOTA MAKASSAR,7371,Swasta,4,10,9,18,14,7,62
2016,PROV. SULAWESI SELATAN,73,KOTA PAREPARE,7372,Swasta,0,2,0,0,1,0,3
2016,PROV. SULAWESI SELATAN,73,KOTA PAREPARE,7372,Negeri,12,2,6,4,2,6,32
2016,PROV. SULAWESI SELATAN,73,KOTA PALOPO,7373,Negeri,8,1,5,1,5,6,26
2016,PROV. SULAWESI SELATAN,73,KOTA PALOPO,7373,Swasta,1,0,0,0,0,0,1
2016,PROV. SULAWESI TENGGARA,74,KAB. KOLAKA,7401,Negeri,6,17,8,3,6,8,48
2016,PROV. SULAWESI TENGGARA,74,KAB. KOLAKA,7401,Swasta,2,2,1,3,1,0,9
2016,PROV. SULAWESI TENGGARA,74,KAB. KONAWE,7402,Negeri,8,15,14,12,26,37,112
2016,PROV. SULAWESI TENGGARA,74,KAB. KONAWE,7402,Swasta,0,0,0,0,0,0,0
2016,PROV. SULAWESI TENGGARA,74,KAB. MUNA,7403,Swasta,0,0,1,0,1,0,2
2016,PROV. SULAWESI TENGGARA,74,KAB. MUNA,7403,Negeri,15,11,12,6,13,7,64
2016,PROV. SULAWESI TENGGARA,74,KAB. BUTON,7404,Swasta,0,0,0,0,0,0,0
2016,PROV. SULAWESI TENGGARA,74,KAB. BUTON,7404,Negeri,9,12,16,10,9,7,63
2016,PROV. SULAWESI TENGGARA,74,KAB. KONAWE SELATAN,7405,Swasta,0,0,0,0,0,0,0
2016,PROV. SULAWESI TENGGARA,74,KAB. KONAWE SELATAN,7405,Negeri,17,23,19,23,18,35,135
2016,PROV. SULAWESI TENGGARA,74,KAB. BOMBANA,7406,Swasta,0,0,0,0,0,0,0
2016,PROV. SULAWESI TENGGARA,74,KAB. BOMBANA,7406,Negeri,10,13,9,10,22,16,80
2016,PROV. SULAWESI TENGGARA,74,KAB. WAKATOBI,7407,Negeri,17,8,17,8,9,9,68
2016,PROV. SULAWESI TENGGARA,74,KAB. WAKATOBI,7407,Swasta,0,0,0,0,0,0,0
2016,PROV. SULAWESI TENGGARA,74,KAB. KOLAKA UTARA,7408,Swasta,0,0,0,0,0,0,0
2016,PROV. SULAWESI TENGGARA,74,KAB. KOLAKA UTARA,7408,Negeri,9,21,4,8,11,6,59
2016,PROV. SULAWESI TENGGARA,74,KAB. KONAWE UTARA,7409,Negeri,2,4,11,10,5,2,34
2016,PROV. SULAWESI TENGGARA,74,KAB. KONAWE UTARA,7409,Swasta,0,0,0,0,0,0,0
2016,PROV. SULAWESI TENGGARA,74,KAB. BUTON UTARA,7410,Negeri,6,1,3,1,1,6,18
2016,PROV. SULAWESI TENGGARA,74,KAB. BUTON UTARA,7410,Swasta,0,0,0,0,0,0,0
2016,PROV. SULAWESI TENGGARA,74,KAB. KOLAKA TIMUR,7411,Swasta,0,0,0,0,0,0,0
2016,PROV. SULAWESI TENGGARA,74,KAB. KOLAKA TIMUR,7411,Negeri,9,13,15,15,10,7,69
2016,PROV. SULAWESI TENGGARA,74,KAB. KONAWE KEPULAUAN,7412,Swasta,0,0,0,0,0,0,0
2016,PROV. SULAWESI TENGGARA,74,KAB. KONAWE KEPULAUAN,7412,Negeri,0,2,1,0,3,6,12
2016,PROV. SULAWESI TENGGARA,74,KAB. MUNA BARAT,7413,Swasta,0,0,0,0,0,0,0
2016,PROV. SULAWESI TENGGARA,74,KAB. MUNA BARAT,7413,Negeri,1,1,8,6,8,3,27
2016,PROV. SULAWESI TENGGARA,74,KAB. BUTON TENGAH,7414,Swasta,0,0,0,0,0,0,0
2016,PROV. SULAWESI TENGGARA,74,KAB. BUTON TENGAH,7414,Negeri,7,9,3,5,7,6,37
2016,PROV. SULAWESI TENGGARA,74,KAB. BUTON SELATAN,7415,Negeri,12,14,7,6,11,25,75
2016,PROV. SULAWESI TENGGARA,74,KAB. BUTON SELATAN,7415,Swasta,0,0,0,0,0,0,0
2016,PROV. SULAWESI TENGGARA,74,KOTA KENDARI,7471,Swasta,0,0,0,0,0,0,0
2016,PROV. SULAWESI TENGGARA,74,KOTA KENDARI,7471,Negeri,7,9,5,5,7,28,61
2016,PROV. SULAWESI TENGGARA,74,KOTA BAU BAU,7472,Swasta,0,0,0,0,0,0,0
2016,PROV. SULAWESI TENGGARA,74,KOTA BAU BAU,7472,Negeri,6,4,3,3,8,3,27
2016,PROV. GORONTALO,75,KAB. GORONTALO,7501,Swasta,0,0,0,0,0,0,0
2016,PROV. GORONTALO,75,KAB. GORONTALO,7501,Negeri,16,9,32,30,52,13,152
2016,PROV. GORONTALO,75,KAB. BOALEMO,7502,Negeri,8,4,9,7,19,5,52
2016,PROV. GORONTALO,75,KAB. BONE BOLANGO,7503,Negeri,1,3,2,3,3,3,15
2016,PROV. GORONTALO,75,KAB. BONE BOLANGO,7503,Swasta,0,0,0,0,0,0,0
2016,PROV. GORONTALO,75,KAB. POHUWATO,7504,Swasta,0,0,0,0,0,0,0
2016,PROV. GORONTALO,75,KAB. POHUWATO,7504,Negeri,8,9,7,1,6,4,35
2016,PROV. GORONTALO,75,KAB. GORONTALO UTARA,7505,Swasta,0,0,0,0,0,0,0
2016,PROV. GORONTALO,75,KAB. GORONTALO UTARA,7505,Negeri,4,0,1,2,7,7,21
2016,PROV. GORONTALO,75,KOTA GORONTALO,7571,Swasta,0,0,0,0,0,0,0
2016,PROV. GORONTALO,75,KOTA GORONTALO,7571,Negeri,2,2,5,3,1,2,15
2016,PROV. SULAWESI BARAT,76,KAB. PASANGKAYU,7601,Swasta,2,2,2,3,2,0,11
2016,PROV. SULAWESI BARAT,76,KAB. PASANGKAYU,7601,Negeri,10,1,7,6,9,7,40
2016,PROV. SULAWESI BARAT,76,KAB. MAMUJU,7602,Swasta,0,0,0,0,0,0,0
2016,PROV. SULAWESI BARAT,76,KAB. MAMUJU,7602,Negeri,12,12,19,23,25,27,118
2016,PROV. SULAWESI BARAT,76,KAB. MAMASA,7603,Swasta,0,0,0,0,0,0,0
2016,PROV. SULAWESI BARAT,76,KAB. MAMASA,7603,Negeri,6,11,4,6,18,6,51
2016,PROV. SULAWESI BARAT,76,KAB. POLEWALI MANDAR,7604,Negeri,12,15,18,26,21,17,109
2016,PROV. SULAWESI BARAT,76,KAB. POLEWALI MANDAR,7604,Swasta,0,0,1,0,0,0,1
2016,PROV. SULAWESI BARAT,76,KAB. MAJENE,7605,Swasta,0,0,0,0,0,0,0
2016,PROV. SULAWESI BARAT,76,KAB. MAJENE,7605,Negeri,10,8,16,7,14,6,61
2016,PROV. SULAWESI BARAT,76,KAB. MAMUJU TENGAH,7606,Negeri,2,5,11,7,14,20,59
2016,PROV. SULAWESI BARAT,76,KAB. MAMUJU TENGAH,7606,Swasta,0,0,0,0,0,0,0
2016,PROV. MALUKU,81,KAB. MALUKU TENGAH,8101,Swasta,0,1,0,1,1,1,4
2016,PROV. MALUKU,81,KAB. MALUKU TENGAH,8101,Negeri,23,9,8,5,4,5,54
2016,PROV. MALUKU,81,KAB. MALUKU TENGGARA,8102,Negeri,6,8,2,2,4,2,24
2016,PROV. MALUKU,81,KAB. MALUKU TENGGARA,8102,Swasta,9,3,7,0,7,4,30
2016,PROV. MALUKU,81,KAB. KEPULAUAN TANIMBAR,8103,Negeri,4,1,2,0,0,0,7
2016,PROV. MALUKU,81,KAB. KEPULAUAN TANIMBAR,8103,Swasta,7,9,3,0,2,1,22
2016,PROV. MALUKU,81,KAB. BURU,8104,Swasta,3,0,1,1,1,0,6
2016,PROV. MALUKU,81,KAB. BURU,8104,Negeri,8,14,5,4,4,5,40
2016,PROV. MALUKU,81,KAB. SERAM BAGIAN TIMUR,8105,Negeri,8,14,9,8,10,0,49
2016,PROV. MALUKU,81,KAB. SERAM BAGIAN TIMUR,8105,Swasta,0,0,0,0,0,0,0
2016,PROV. MALUKU,81,KAB. SERAM BAGIAN BARAT,8106,Swasta,1,7,5,2,1,4,20
2016,PROV. MALUKU,81,KAB. SERAM BAGIAN BARAT,8106,Negeri,1,5,2,1,5,3,17
2016,PROV. MALUKU,81,KAB. KEPULAUAN ARU,8107,Swasta,1,2,2,0,0,3,8
2016,PROV. MALUKU,81,KAB. KEPULAUAN ARU,8107,Negeri,1,2,17,4,4,2,30
2016,PROV. MALUKU,81,KAB. MALUKU BARAT DAYA,8108,Negeri,4,1,0,0,2,0,7
2016,PROV. MALUKU,81,KAB. MALUKU BARAT DAYA,8108,Swasta,2,4,0,0,3,1,10
2016,PROV. MALUKU,81,KAB. BURU SELATAN,8109,Negeri,5,4,2,0,0,0,11
2016,PROV. MALUKU,81,KAB. BURU SELATAN,8109,Swasta,1,0,0,0,0,0,1
2016,PROV. MALUKU,81,KOTA AMBON,8171,Negeri,3,4,1,3,0,0,11
2016,PROV. MALUKU,81,KOTA AMBON,8171,Swasta,1,6,1,2,0,1,11
2016,PROV. MALUKU,81,KOTA TUAL,8172,Negeri,1,2,1,1,3,4,12
2016,PROV. MALUKU,81,KOTA TUAL,8172,Swasta,0,0,0,0,1,0,1
2016,PROV. MALUKU UTARA,82,KAB. HALMAHERA BARAT,8201,Swasta,1,1,1,1,4,0,8
2016,PROV. MALUKU UTARA,82,KAB. HALMAHERA BARAT,8201,Negeri,10,5,1,12,11,0,39
2016,PROV. MALUKU UTARA,82,KAB. HALMAHERA TENGAH,8202,Negeri,3,11,14,10,2,10,50
2016,PROV. MALUKU UTARA,82,KAB. HALMAHERA TENGAH,8202,Swasta,0,0,0,0,0,0,0
2016,PROV. MALUKU UTARA,82,KAB. HALMAHERA UTARA,8203,Negeri,13,5,5,1,3,6,33
2016,PROV. MALUKU UTARA,82,KAB. HALMAHERA UTARA,8203,Swasta,5,6,2,3,4,2,22
2016,PROV. MALUKU UTARA,82,KAB. HALMAHERA SELATAN,8204,Negeri,15,16,19,11,8,11,80
2016,PROV. MALUKU UTARA,82,KAB. HALMAHERA SELATAN,8204,Swasta,0,1,2,0,0,1,4
2016,PROV. MALUKU UTARA,82,KAB. KEPULAUAN SULA,8205,Negeri,8,16,6,9,5,2,46
2016,PROV. MALUKU UTARA,82,KAB. KEPULAUAN SULA,8205,Swasta,0,0,0,0,0,0,0
2016,PROV. MALUKU UTARA,82,KAB. HALMAHERA TIMUR,8206,Swasta,0,0,0,0,0,0,0
2016,PROV. MALUKU UTARA,82,KAB. HALMAHERA TIMUR,8206,Negeri,2,16,12,8,4,5,47
2016,PROV. MALUKU UTARA,82,KAB. PULAU MOROTAI,8207,Negeri,4,5,0,3,2,1,15
2016,PROV. MALUKU UTARA,82,KAB. PULAU MOROTAI,8207,Swasta,0,7,1,3,0,2,13
2016,PROV. MALUKU UTARA,82,KAB. PULAU TALIABU,8208,Negeri,17,13,13,8,9,26,86
2016,PROV. MALUKU UTARA,82,KAB. PULAU TALIABU,8208,Swasta,0,8,4,3,0,1,16
2016,PROV. MALUKU UTARA,82,KOTA TERNATE,8271,Swasta,1,0,1,1,0,0,3
2016,PROV. MALUKU UTARA,82,KOTA TERNATE,8271,Negeri,2,2,1,3,4,3,15
2016,PROV. MALUKU UTARA,82,KOTA TIDORE KEPULAUAN,8272,Swasta,0,0,0,0,0,0,0
2016,PROV. MALUKU UTARA,82,KOTA TIDORE KEPULAUAN,8272,Negeri,6,2,3,3,2,0,16
2016,PROV. PAPUA,91,KAB. JAYAPURA,9103,Negeri,16,19,13,4,5,5,62
2016,PROV. PAPUA,91,KAB. JAYAPURA,9103,Swasta,5,6,5,7,7,0,30
2016,PROV. PAPUA,91,KAB. KEPULAUAN YAPEN,9105,Negeri,20,4,4,4,5,5,42
2016,PROV. PAPUA,91,KAB. KEPULAUAN YAPEN,9105,Swasta,16,5,5,7,12,0,45
2016,PROV. PAPUA,91,KAB. BIAK NUMFOR,9106,Negeri,4,0,2,3,3,2,14
2016,PROV. PAPUA,91,KAB. BIAK NUMFOR,9106,Swasta,7,2,5,4,3,5,26
2016,PROV. PAPUA,91,KAB. SARMI,9110,Swasta,1,5,0,0,1,0,7
2016,PROV. PAPUA,91,KAB. SARMI,9110,Negeri,0,12,0,3,2,1,18
2016,PROV. PAPUA,91,KAB. KEEROM,9111,Swasta,3,0,1,0,1,1,6
2016,PROV. PAPUA,91,KAB. KEEROM,9111,Negeri,9,6,9,8,1,4,37
2016,PROV. PAPUA,91,KAB. WAROPEN,9115,Negeri,8,3,7,2,9,1,30
2016,PROV. PAPUA,91,KAB. WAROPEN,9115,Swasta,4,3,1,0,4,0,12
2016,PROV. PAPUA,91,KAB. SUPIORI,9119,Negeri,1,0,0,0,0,0,1
2016,PROV. PAPUA,91,KAB. SUPIORI,9119,Swasta,4,2,1,1,0,2,10
2016,PROV. PAPUA,91,KAB. MAMBERAMO RAYA,9120,Negeri,11,3,0,0,2,1,17
2016,PROV. PAPUA,91,KAB. MAMBERAMO RAYA,9120,Swasta,0,0,0,0,1,0,1
2016,PROV. PAPUA,91,KOTA JAYAPURA,9171,Swasta,1,4,3,0,1,0,9
2016,PROV. PAPUA,91,KOTA JAYAPURA,9171,Negeri,5,6,4,1,3,3,22
2016,PROV. PAPUA BARAT,92,KAB. MANOKWARI,9202,Negeri,0,6,13,2,6,7,34
2016,PROV. PAPUA BARAT,92,KAB. MANOKWARI,9202,Swasta,0,1,1,0,1,14,17
2016,PROV. PAPUA BARAT,92,KAB. FAK FAK,9203,Negeri,8,4,0,1,0,2,15
2016,PROV. PAPUA BARAT,92,KAB. FAK FAK,9203,Swasta,1,0,1,1,0,0,3
2016,PROV. PAPUA BARAT,92,KAB. TELUK BINTUNI,9206,Swasta,7,0,1,4,2,5,19
2016,PROV. PAPUA BARAT,92,KAB. TELUK BINTUNI,9206,Negeri,9,13,16,13,2,4,57
2016,PROV. PAPUA BARAT,92,KAB. TELUK WONDAMA,9207,Swasta,1,0,1,2,2,0,6
2016,PROV. PAPUA BARAT,92,KAB. TELUK WONDAMA,9207,Negeri,1,0,0,3,3,3,10
2016,PROV. PAPUA BARAT,92,KAB. KAIMANA,9208,Swasta,9,1,1,0,1,1,13
2016,PROV. PAPUA BARAT,92,KAB. KAIMANA,9208,Negeri,4,6,2,0,2,0,14
2016,PROV. PAPUA BARAT,92,KAB. MANOKWARI SELATAN,9211,Negeri,2,4,4,4,8,0,22
2016,PROV. PAPUA BARAT,92,KAB. MANOKWARI SELATAN,9211,Swasta,1,2,6,1,0,9,19
2016,PROV. PAPUA BARAT,92,KAB. PEGUNUNGAN ARFAK,9212,Swasta,3,3,1,0,1,3,11
2016,PROV. PAPUA BARAT,92,KAB. PEGUNUNGAN ARFAK,9212,Negeri,3,4,0,5,1,0,13
2017,PROV. ACEH,11,KAB. ACEH SELATAN,1101,Swasta,0,0,0,0,0,0,0
2017,PROV. ACEH,11,KAB. ACEH SELATAN,1101,Negeri,5,3,3,0,3,3,17
2017,PROV. ACEH,11,KAB. ACEH TENGGARA,1102,Swasta,0,0,1,2,0,0,3
2017,PROV. ACEH,11,KAB. ACEH TENGGARA,1102,Negeri,7,1,2,7,4,5,26
2017,PROV. ACEH,11,KAB. ACEH TIMUR,1103,Negeri,12,17,14,27,25,25,120
2017,PROV. ACEH,11,KAB. ACEH TIMUR,1103,Swasta,0,2,0,0,0,0,2
2017,PROV. ACEH,11,KAB. ACEH TENGAH,1104,Swasta,0,0,0,0,0,0,0
2017,PROV. ACEH,11,KAB. ACEH TENGAH,1104,Negeri,1,10,0,10,2,12,35
2017,PROV. ACEH,11,KAB. ACEH BARAT,1105,Negeri,6,1,2,2,3,4,18
2017,PROV. ACEH,11,KAB. ACEH BARAT,1105,Swasta,0,0,0,0,0,0,0
2017,PROV. ACEH,11,KAB. ACEH BESAR,1106,Negeri,7,5,2,1,4,1,20
2017,PROV. ACEH,11,KAB. ACEH BESAR,1106,Swasta,0,0,0,0,0,0,0
2017,PROV. ACEH,11,KAB. PIDIE,1107,Swasta,0,0,0,0,0,0,0
2017,PROV. ACEH,11,KAB. PIDIE,1107,Negeri,10,8,4,3,8,2,35
2017,PROV. ACEH,11,KAB. ACEH UTARA,1108,Negeri,9,8,6,2,2,9,36
2017,PROV. ACEH,11,KAB. ACEH UTARA,1108,Swasta,0,0,0,0,0,0,0
2017,PROV. ACEH,11,KAB. SIMEULUE,1109,Swasta,0,0,0,0,0,0,0
2017,PROV. ACEH,11,KAB. SIMEULUE,1109,Negeri,0,1,1,6,6,0,14
2017,PROV. ACEH,11,KAB. ACEH SINGKIL,1110,Swasta,0,0,0,0,0,0,0
2017,PROV. ACEH,11,KAB. ACEH SINGKIL,1110,Negeri,0,3,3,2,5,4,17
2017,PROV. ACEH,11,KAB. BIREUEN,1111,Negeri,1,6,7,5,11,9,39
2017,PROV. ACEH,11,KAB. BIREUEN,1111,Swasta,0,0,0,0,0,0,0
2017,PROV. ACEH,11,KAB. ACEH BARAT DAYA,1112,Swasta,0,0,0,0,0,0,0
2017,PROV. ACEH,11,KAB. ACEH BARAT DAYA,1112,Negeri,1,4,5,4,6,1,21
2017,PROV. ACEH,11,KAB. GAYO LUES,1113,Swasta,0,0,0,0,0,0,0
2017,PROV. ACEH,11,KAB. GAYO LUES,1113,Negeri,2,8,1,2,3,2,18
2017,PROV. ACEH,11,KAB. ACEH JAYA,1114,Swasta,0,0,0,0,0,0,0
2017,PROV. ACEH,11,KAB. ACEH JAYA,1114,Negeri,2,2,0,1,1,0,6
2017,PROV. ACEH,11,KAB. NAGAN RAYA,1115,Swasta,0,0,0,0,0,0,0
2017,PROV. ACEH,11,KAB. NAGAN RAYA,1115,Negeri,1,2,3,3,8,9,26
2017,PROV. ACEH,11,KAB. ACEH TAMIANG,1116,Swasta,0,0,0,0,0,0,0
2017,PROV. ACEH,11,KAB. ACEH TAMIANG,1116,Negeri,4,7,0,2,4,7,24
2017,PROV. ACEH,11,KAB. BENER MERIAH,1117,Negeri,1,1,2,3,1,4,12
2017,PROV. ACEH,11,KAB. BENER MERIAH,1117,Swasta,0,0,0,0,0,0,0
2017,PROV. ACEH,11,KAB. PIDIE JAYA,1118,Negeri,7,2,4,3,4,2,22
2017,PROV. ACEH,11,KAB. PIDIE JAYA,1118,Swasta,0,0,0,0,0,0,0
2017,PROV. ACEH,11,KOTA BANDA ACEH,1171,Negeri,0,2,1,0,3,2,8
2017,PROV. ACEH,11,KOTA BANDA ACEH,1171,Swasta,1,0,0,0,0,0,1
2017,PROV. ACEH,11,KOTA SABANG,1172,Negeri,0,0,0,0,0,0,0
2017,PROV. ACEH,11,KOTA SABANG,1172,Swasta,0,0,0,0,0,0,0
2017,PROV. ACEH,11,KOTA LHOKSEUMAWE,1173,Swasta,0,1,0,0,0,1,2
2017,PROV. ACEH,11,KOTA LHOKSEUMAWE,1173,Negeri,5,2,3,8,5,4,27
2017,PROV. ACEH,11,KOTA LANGSA,1174,Swasta,1,0,0,0,1,0,2
2017,PROV. ACEH,11,KOTA LANGSA,1174,Negeri,1,0,0,2,3,1,7
2017,PROV. ACEH,11,KOTA SUBULUSSALAM,1175,Negeri,12,3,4,3,1,12,35
2017,PROV. ACEH,11,KOTA SUBULUSSALAM,1175,Swasta,0,0,0,1,0,0,1
2017,PROV. SUMATERA UTARA,12,KAB. TAPANULI TENGAH,1201,Swasta,1,0,0,0,0,0,1
2017,PROV. SUMATERA UTARA,12,KAB. TAPANULI TENGAH,1201,Negeri,12,18,21,16,13,23,103
2017,PROV. SUMATERA UTARA,12,KAB. TAPANULI UTARA,1202,Negeri,9,2,2,4,5,23,45
2017,PROV. SUMATERA UTARA,12,KAB. TAPANULI UTARA,1202,Swasta,1,1,1,0,0,2,5
2017,PROV. SUMATERA UTARA,12,KAB. TAPANULI SELATAN,1203,Swasta,0,0,0,1,0,2,3
2017,PROV. SUMATERA UTARA,12,KAB. TAPANULI SELATAN,1203,Negeri,20,25,44,38,33,36,196
2017,PROV. SUMATERA UTARA,12,KAB. NIAS,1204,Swasta,0,0,0,0,0,0,0
2017,PROV. SUMATERA UTARA,12,KAB. NIAS,1204,Negeri,16,15,24,16,23,21,115
2017,PROV. SUMATERA UTARA,12,KAB. LANGKAT,1205,Swasta,1,1,0,0,0,31,33
2017,PROV. SUMATERA UTARA,12,KAB. LANGKAT,1205,Negeri,17,25,16,16,13,42,129
2017,PROV. SUMATERA UTARA,12,KAB. KARO,1206,Swasta,6,0,0,4,1,4,15
2017,PROV. SUMATERA UTARA,12,KAB. KARO,1206,Negeri,10,28,30,27,37,16,148
2017,PROV. SUMATERA UTARA,12,KAB. DELI SERDANG,1207,Swasta,13,19,23,8,11,56,130
2017,PROV. SUMATERA UTARA,12,KAB. DELI SERDANG,1207,Negeri,39,51,33,42,23,81,269
2017,PROV. SUMATERA UTARA,12,KAB. SIMALUNGUN,1208,Swasta,0,2,4,0,3,2,11
2017,PROV. SUMATERA UTARA,12,KAB. SIMALUNGUN,1208,Negeri,27,39,32,29,13,21,161
2017,PROV. SUMATERA UTARA,12,KAB. ASAHAN,1209,Swasta,9,1,5,3,9,0,27
2017,PROV. SUMATERA UTARA,12,KAB. ASAHAN,1209,Negeri,22,20,4,7,5,10,68
2017,PROV. SUMATERA UTARA,12,KAB. LABUHANBATU,1210,Negeri,12,5,6,5,5,62,95
2017,PROV. SUMATERA UTARA,12,KAB. LABUHANBATU,1210,Swasta,1,1,1,1,0,9,13
2017,PROV. SUMATERA UTARA,12,KAB. DAIRI,1211,Swasta,1,0,2,0,0,1,4
2017,PROV. SUMATERA UTARA,12,KAB. DAIRI,1211,Negeri,5,6,9,6,4,85,115
2017,PROV. SUMATERA UTARA,12,KAB. TOBA,1212,Swasta,0,0,0,0,0,0,0
2017,PROV. SUMATERA UTARA,12,KAB. TOBA,1212,Negeri,11,0,1,1,0,3,16
2017,PROV. SUMATERA UTARA,12,KAB. MANDAILING NATAL,1213,Negeri,8,24,13,18,26,27,116
2017,PROV. SUMATERA UTARA,12,KAB. MANDAILING NATAL,1213,Swasta,0,0,0,0,0,0,0
2017,PROV. SUMATERA UTARA,12,KAB. NIAS SELATAN,1214,Negeri,50,54,86,100,105,160,555
2017,PROV. SUMATERA UTARA,12,KAB. NIAS SELATAN,1214,Swasta,0,0,0,0,0,0,0
2017,PROV. SUMATERA UTARA,12,KAB. PAKPAK BHARAT,1215,Negeri,1,2,1,4,0,0,8
2017,PROV. SUMATERA UTARA,12,KAB. PAKPAK BHARAT,1215,Swasta,0,0,0,0,0,0,0
2017,PROV. SUMATERA UTARA,12,KAB. HUMBANG HASUNDUTAN,1216,Negeri,7,2,1,0,5,1,16
2017,PROV. SUMATERA UTARA,12,KAB. HUMBANG HASUNDUTAN,1216,Swasta,2,1,1,1,0,0,5
2017,PROV. SUMATERA UTARA,12,KAB. SAMOSIR,1217,Swasta,1,0,0,0,0,0,1
2017,PROV. SUMATERA UTARA,12,KAB. SAMOSIR,1217,Negeri,4,4,2,2,2,1,15
2017,PROV. SUMATERA UTARA,12,KAB. SERDANG BEDAGAI,1218,Negeri,14,21,14,18,16,47,130
2017,PROV. SUMATERA UTARA,12,KAB. SERDANG BEDAGAI,1218,Swasta,8,5,2,5,4,2,26
2017,PROV. SUMATERA UTARA,12,KAB. BATU BARA,1219,Negeri,9,5,9,18,14,31,86
2017,PROV. SUMATERA UTARA,12,KAB. BATU BARA,1219,Swasta,1,0,0,0,0,0,1
2017,PROV. SUMATERA UTARA,12,KAB. PADANG LAWAS UTARA,1220,Negeri,2,14,7,7,4,12,46
2017,PROV. SUMATERA UTARA,12,KAB. PADANG LAWAS UTARA,1220,Swasta,0,0,0,0,0,0,0
2017,PROV. SUMATERA UTARA,12,KAB. PADANG LAWAS,1221,Swasta,8,2,4,1,0,0,15
2017,PROV. SUMATERA UTARA,12,KAB. PADANG LAWAS,1221,Negeri,7,13,8,12,8,14,62
2017,PROV. SUMATERA UTARA,12,KAB. LABUHANBATU SELATAN,1222,Swasta,3,0,2,3,0,8,16
2017,PROV. SUMATERA UTARA,12,KAB. LABUHANBATU SELATAN,1222,Negeri,23,12,7,7,13,28,90
2017,PROV. SUMATERA UTARA,12,KAB. LABUHANBATU UTARA,1223,Negeri,66,11,21,7,11,9,125
2017,PROV. SUMATERA UTARA,12,KAB. LABUHANBATU UTARA,1223,Swasta,1,4,1,2,1,0,9
2017,PROV. SUMATERA UTARA,12,KAB. NIAS UTARA,1224,Swasta,1,0,0,0,0,0,1
2017,PROV. SUMATERA UTARA,12,KAB. NIAS UTARA,1224,Negeri,2,9,6,7,8,22,54
2017,PROV. SUMATERA UTARA,12,KAB. NIAS BARAT,1225,Negeri,10,14,14,20,23,21,102
2017,PROV. SUMATERA UTARA,12,KAB. NIAS BARAT,1225,Swasta,0,0,0,0,0,0,0
2017,PROV. SUMATERA UTARA,12,KOTA MEDAN,1271,Negeri,35,20,20,25,18,86,204
2017,PROV. SUMATERA UTARA,12,KOTA MEDAN,1271,Swasta,33,40,26,37,52,73,261
2017,PROV. SUMATERA UTARA,12,KOTA PEMATANGSIANTAR,1272,Swasta,1,2,1,2,1,0,7
2017,PROV. SUMATERA UTARA,12,KOTA PEMATANGSIANTAR,1272,Negeri,17,4,2,8,8,14,53
2017,PROV. SUMATERA UTARA,12,KOTA SIBOLGA,1273,Negeri,4,1,1,1,0,12,19
2017,PROV. SUMATERA UTARA,12,KOTA SIBOLGA,1273,Swasta,3,0,0,0,0,4,7
2017,PROV. SUMATERA UTARA,12,KOTA TANJUNG BALAI,1274,Swasta,0,2,2,4,0,0,8
2017,PROV. SUMATERA UTARA,12,KOTA TANJUNG BALAI,1274,Negeri,3,3,1,0,0,1,8
2017,PROV. SUMATERA UTARA,12,KOTA BINJAI,1275,Swasta,1,2,1,2,0,3,9
2017,PROV. SUMATERA UTARA,12,KOTA BINJAI,1275,Negeri,2,4,1,3,0,3,13
2017,PROV. SUMATERA UTARA,12,KOTA TEBING TINGGI,1276,Swasta,1,3,0,0,2,0,6
2017,PROV. SUMATERA UTARA,12,KOTA TEBING TINGGI,1276,Negeri,1,1,0,2,2,2,8
2017,PROV. SUMATERA UTARA,12,KOTA PADANG SIDEMPUAN,1277,Swasta,0,0,1,0,0,0,1
2017,PROV. SUMATERA UTARA,12,KOTA PADANG SIDEMPUAN,1277,Negeri,3,21,0,0,2,2,28
2017,PROV. SUMATERA UTARA,12,KOTA GUNUNGSITOLI,1278,Swasta,1,0,0,0,0,2,3
2017,PROV. SUMATERA UTARA,12,KOTA GUNUNGSITOLI,1278,Negeri,15,6,8,9,9,10,57
2017,PROV. SUMATERA BARAT,13,KAB. PESISIR SELATAN,1301,Swasta,0,0,0,0,0,0,0
2017,PROV. SUMATERA BARAT,13,KAB. PESISIR SELATAN,1301,Negeri,10,8,6,7,7,11,49
2017,PROV. SUMATERA BARAT,13,KAB. SOLOK,1302,Swasta,0,0,1,0,0,0,1
2017,PROV. SUMATERA BARAT,13,KAB. SOLOK,1302,Negeri,16,8,7,9,9,9,58
2017,PROV. SUMATERA BARAT,13,KAB. SIJUNJUNG,1303,Swasta,0,0,0,0,0,0,0
2017,PROV. SUMATERA BARAT,13,KAB. SIJUNJUNG,1303,Negeri,5,2,4,4,12,5,32
2017,PROV. SUMATERA BARAT,13,KAB. TANAH DATAR,1304,Negeri,11,0,4,2,4,2,23
2017,PROV. SUMATERA BARAT,13,KAB. TANAH DATAR,1304,Swasta,0,0,0,0,0,0,0
2017,PROV. SUMATERA BARAT,13,KAB. PADANG PARIAMAN,1305,Negeri,22,11,12,8,11,12,76
2017,PROV. SUMATERA BARAT,13,KAB. PADANG PARIAMAN,1305,Swasta,0,0,1,0,2,0,3
2017,PROV. SUMATERA BARAT,13,KAB. AGAM,1306,Swasta,0,0,0,0,0,0,0
2017,PROV. SUMATERA BARAT,13,KAB. AGAM,1306,Negeri,10,5,5,11,6,5,42
2017,PROV. SUMATERA BARAT,13,KAB. LIMA PULUH KOTA,1307,Negeri,14,7,4,13,17,9,64
2017,PROV. SUMATERA BARAT,13,KAB. LIMA PULUH KOTA,1307,Swasta,1,0,0,0,1,0,2
2017,PROV. SUMATERA BARAT,13,KAB. PASAMAN,1308,Swasta,0,0,1,0,0,0,1
2017,PROV. SUMATERA BARAT,13,KAB. PASAMAN,1308,Negeri,10,4,9,5,8,9,45
2017,PROV. SUMATERA BARAT,13,KAB. KEPULAUAN MENTAWAI,1309,Negeri,2,0,1,0,1,1,5
2017,PROV. SUMATERA BARAT,13,KAB. KEPULAUAN MENTAWAI,1309,Swasta,0,0,0,0,0,0,0
2017,PROV. SUMATERA BARAT,13,KAB. DHARMASRAYA,1310,Negeri,5,4,2,2,4,3,20
2017,PROV. SUMATERA BARAT,13,KAB. DHARMASRAYA,1310,Swasta,1,0,0,1,0,1,3
2017,PROV. SUMATERA BARAT,13,KAB. SOLOK SELATAN,1311,Swasta,0,0,0,0,0,0,0
2017,PROV. SUMATERA BARAT,13,KAB. SOLOK SELATAN,1311,Negeri,4,6,6,10,4,6,36
2017,PROV. SUMATERA BARAT,13,KAB. PASAMAN BARAT,1312,Swasta,6,1,0,1,2,1,11
2017,PROV. SUMATERA BARAT,13,KAB. PASAMAN BARAT,1312,Negeri,18,9,12,3,10,6,58
2017,PROV. SUMATERA BARAT,13,KOTA PADANG,1371,Negeri,20,12,12,9,9,8,70
2017,PROV. SUMATERA BARAT,13,KOTA PADANG,1371,Swasta,4,4,3,0,3,2,16
2017,PROV. SUMATERA BARAT,13,KOTA SOLOK,1372,Negeri,0,2,1,1,1,2,7
2017,PROV. SUMATERA BARAT,13,KOTA SOLOK,1372,Swasta,0,0,0,0,0,0,0
2017,PROV. SUMATERA BARAT,13,KOTA SAWAHLUNTO,1373,Negeri,1,1,4,1,0,0,7
2017,PROV. SUMATERA BARAT,13,KOTA SAWAHLUNTO,1373,Swasta,0,0,0,0,0,0,0
2017,PROV. SUMATERA BARAT,13,KOTA PADANG PANJANG,1374,Swasta,1,0,0,0,0,0,1
2017,PROV. SUMATERA BARAT,13,KOTA PADANG PANJANG,1374,Negeri,0,0,0,1,1,2,4
2017,PROV. SUMATERA BARAT,13,KOTA BUKITTINGGI,1375,Negeri,2,2,0,0,1,2,7
2017,PROV. SUMATERA BARAT,13,KOTA BUKITTINGGI,1375,Swasta,0,0,0,0,1,0,1
2017,PROV. SUMATERA BARAT,13,KOTA PAYAKUMBUH,1376,Swasta,0,0,0,0,0,0,0
2017,PROV. SUMATERA BARAT,13,KOTA PAYAKUMBUH,1376,Negeri,0,0,0,1,0,3,4
2017,PROV. SUMATERA BARAT,13,KOTA PARIAMAN,1377,Swasta,0,0,0,0,0,0,0
2017,PROV. SUMATERA BARAT,13,KOTA PARIAMAN,1377,Negeri,0,2,0,1,0,0,3
2017,PROV. RIAU,14,KAB. KAMPAR,1401,Negeri,28,16,17,16,18,53,148
2017,PROV. RIAU,14,KAB. KAMPAR,1401,Swasta,1,1,1,2,3,0,8
2017,PROV. RIAU,14,KAB. INDRAGIRI HULU,1402,Swasta,0,1,1,0,1,1,4
2017,PROV. RIAU,14,KAB. INDRAGIRI HULU,1402,Negeri,12,5,8,11,17,55,108
2017,PROV. RIAU,14,KAB. BENGKALIS,1403,Negeri,11,15,11,14,16,19,86
2017,PROV. RIAU,14,KAB. BENGKALIS,1403,Swasta,8,2,1,0,0,2,13
2017,PROV. RIAU,14,KAB. INDRAGIRI HILIR,1404,Negeri,17,16,16,14,16,29,108
2017,PROV. RIAU,14,KAB. INDRAGIRI HILIR,1404,Swasta,0,1,0,0,1,1,3
2017,PROV. RIAU,14,KAB. PELALAWAN,1405,Swasta,6,2,3,2,0,2,15
2017,PROV. RIAU,14,KAB. PELALAWAN,1405,Negeri,10,8,5,16,3,18,60
2017,PROV. RIAU,14,KAB. ROKAN HULU,1406,Swasta,10,22,19,24,1,10,86
2017,PROV. RIAU,14,KAB. ROKAN HULU,1406,Negeri,77,34,30,34,26,34,235
2017,PROV. RIAU,14,KAB. ROKAN HILIR,1407,Negeri,14,10,15,10,11,32,92
2017,PROV. RIAU,14,KAB. ROKAN HILIR,1407,Swasta,6,3,5,1,1,3,19
2017,PROV. RIAU,14,KAB. SIAK,1408,Negeri,9,13,7,5,9,27,70
2017,PROV. RIAU,14,KAB. SIAK,1408,Swasta,2,6,5,3,1,2,19
2017,PROV. RIAU,14,KAB. KUANTAN SINGINGI,1409,Swasta,0,1,0,0,0,0,1
2017,PROV. RIAU,14,KAB. KUANTAN SINGINGI,1409,Negeri,4,7,6,6,6,4,33
2017,PROV. RIAU,14,KAB. KEPULAUAN MERANTI,1410,Negeri,13,8,8,10,8,25,72
2017,PROV. RIAU,14,KAB. KEPULAUAN MERANTI,1410,Swasta,3,0,0,0,0,0,3
2017,PROV. RIAU,14,KOTA PEKANBARU,1471,Swasta,5,8,9,8,7,2,39
2017,PROV. RIAU,14,KOTA PEKANBARU,1471,Negeri,9,12,8,11,10,50,100
2017,PROV. RIAU,14,KOTA DUMAI,1472,Swasta,3,5,4,0,3,2,17
2017,PROV. RIAU,14,KOTA DUMAI,1472,Negeri,2,4,4,0,2,6,18
2017,PROV. JAMBI,15,KAB. KERINCI,1501,Swasta,0,0,0,0,0,0,0
2017,PROV. JAMBI,15,KAB. KERINCI,1501,Negeri,3,0,4,5,12,38,62
2017,PROV. JAMBI,15,KAB. MERANGIN,1502,Swasta,0,3,0,0,1,0,4
2017,PROV. JAMBI,15,KAB. MERANGIN,1502,Negeri,28,14,11,8,7,24,92
2017,PROV. JAMBI,15,KAB. SAROLANGUN,1503,Swasta,0,0,0,0,0,1,1
2017,PROV. JAMBI,15,KAB. SAROLANGUN,1503,Negeri,7,6,14,5,12,50,94
2017,PROV. JAMBI,15,KAB. BATANGHARI,1504,Negeri,4,10,9,7,7,8,45
2017,PROV. JAMBI,15,KAB. BATANGHARI,1504,Swasta,1,0,0,0,0,0,1
2017,PROV. JAMBI,15,KAB. MUARO JAMBI,1505,Swasta,0,0,0,0,0,1,1
2017,PROV. JAMBI,15,KAB. MUARO JAMBI,1505,Negeri,4,1,2,4,6,5,22
2017,PROV. JAMBI,15,KAB. TANJUNG JABUNG BARAT,1506,Negeri,5,5,2,4,6,12,34
2017,PROV. JAMBI,15,KAB. TANJUNG JABUNG BARAT,1506,Swasta,0,3,0,1,0,0,4
2017,PROV. JAMBI,15,KAB. TANJUNG JABUNG TIMUR,1507,Negeri,8,8,3,7,4,13,43
2017,PROV. JAMBI,15,KAB. TANJUNG JABUNG TIMUR,1507,Swasta,0,0,0,0,0,0,0
2017,PROV. JAMBI,15,KAB. BUNGO,1508,Swasta,4,2,1,0,3,0,10
2017,PROV. JAMBI,15,KAB. BUNGO,1508,Negeri,6,8,26,17,14,24,95
2017,PROV. JAMBI,15,KAB. TEBO,1509,Negeri,16,11,8,11,13,19,78
2017,PROV. JAMBI,15,KAB. TEBO,1509,Swasta,4,0,1,0,1,0,6
2017,PROV. JAMBI,15,KOTA JAMBI,1571,Negeri,6,6,5,2,2,8,29
2017,PROV. JAMBI,15,KOTA JAMBI,1571,Swasta,6,3,3,0,3,2,17
2017,PROV. JAMBI,15,KOTA SUNGAI PENUH,1572,Negeri,2,2,6,1,2,4,17
2017,PROV. JAMBI,15,KOTA SUNGAI PENUH,1572,Swasta,0,0,0,0,0,0,0
2017,PROV. SUMATERA SELATAN,16,KAB. OGAN KOMERING ULU,1601,Negeri,10,14,14,16,3,13,70
2017,PROV. SUMATERA SELATAN,16,KAB. OGAN KOMERING ULU,1601,Swasta,1,1,0,0,0,0,2
2017,PROV. SUMATERA SELATAN,16,KAB. OGAN KOMERING ILIR,1602,Negeri,86,58,25,23,30,155,377
2017,PROV. SUMATERA SELATAN,16,KAB. OGAN KOMERING ILIR,1602,Swasta,0,0,0,0,0,0,0
2017,PROV. SUMATERA SELATAN,16,KAB. MUARA ENIM,1603,Negeri,22,9,8,15,16,37,107
2017,PROV. SUMATERA SELATAN,16,KAB. MUARA ENIM,1603,Swasta,2,0,0,2,0,1,5
2017,PROV. SUMATERA SELATAN,16,KAB. LAHAT,1604,Negeri,32,9,7,6,7,48,109
2017,PROV. SUMATERA SELATAN,16,KAB. LAHAT,1604,Swasta,0,0,0,0,0,0,0
2017,PROV. SUMATERA SELATAN,16,KAB. MUSI RAWAS,1605,Negeri,38,7,8,12,10,64,139
2017,PROV. SUMATERA SELATAN,16,KAB. MUSI RAWAS,1605,Swasta,3,1,0,0,0,2,6
2017,PROV. SUMATERA SELATAN,16,KAB. MUSI BANYUASIN,1606,Negeri,24,26,25,37,44,104,260
2017,PROV. SUMATERA SELATAN,16,KAB. MUSI BANYUASIN,1606,Swasta,2,1,4,3,3,5,18
2017,PROV. SUMATERA SELATAN,16,KAB. BANYUASIN,1607,Negeri,37,31,30,43,36,107,284
2017,PROV. SUMATERA SELATAN,16,KAB. BANYUASIN,1607,Swasta,0,0,0,1,0,2,3
2017,PROV. SUMATERA SELATAN,16,KAB. OGAN KOMERING ULU TIMUR,1608,Swasta,0,1,0,0,1,0,2
2017,PROV. SUMATERA SELATAN,16,KAB. OGAN KOMERING ULU TIMUR,1608,Negeri,11,17,9,5,17,40,99
2017,PROV. SUMATERA SELATAN,16,KAB. OGAN KOMERING ULU SELATAN,1609,Swasta,0,0,0,0,0,1,1
2017,PROV. SUMATERA SELATAN,16,KAB. OGAN KOMERING ULU SELATAN,1609,Negeri,6,7,5,1,9,7,35
2017,PROV. SUMATERA SELATAN,16,KAB. OGAN ILIR,1610,Swasta,1,0,0,0,0,1,2
2017,PROV. SUMATERA SELATAN,16,KAB. OGAN ILIR,1610,Negeri,7,8,9,7,2,6,39
2017,PROV. SUMATERA SELATAN,16,KAB. EMPAT LAWANG,1611,Swasta,0,0,0,0,0,0,0
2017,PROV. SUMATERA SELATAN,16,KAB. EMPAT LAWANG,1611,Negeri,2,12,0,4,1,7,26
2017,PROV. SUMATERA SELATAN,16,KAB. PENUKAL ABAB LEMATANG ILIR,1612,Swasta,1,2,0,0,0,3,6
2017,PROV. SUMATERA SELATAN,16,KAB. PENUKAL ABAB LEMATANG ILIR,1612,Negeri,23,10,16,6,7,24,86
2017,PROV. SUMATERA SELATAN,16,KAB. MUSI RAWAS UTARA,1613,Negeri,11,8,12,17,25,91,164
2017,PROV. SUMATERA SELATAN,16,KAB. MUSI RAWAS UTARA,1613,Swasta,0,0,0,0,0,2,2
2017,PROV. SUMATERA SELATAN,16,KOTA PALEMBANG,1671,Swasta,7,1,1,1,4,6,20
2017,PROV. SUMATERA SELATAN,16,KOTA PALEMBANG,1671,Negeri,33,26,15,8,14,55,151
2017,PROV. SUMATERA SELATAN,16,KOTA PAGAR ALAM,1672,Swasta,0,0,0,0,0,0,0
2017,PROV. SUMATERA SELATAN,16,KOTA PAGAR ALAM,1672,Negeri,4,1,4,1,1,3,14
2017,PROV. SUMATERA SELATAN,16,KOTA LUBUK LINGGAU,1673,Swasta,2,0,0,0,0,0,2
2017,PROV. SUMATERA SELATAN,16,KOTA LUBUK LINGGAU,1673,Negeri,35,0,5,10,3,7,60
2017,PROV. SUMATERA SELATAN,16,KOTA PRABUMULIH,1674,Swasta,3,0,0,0,1,0,4
2017,PROV. SUMATERA SELATAN,16,KOTA PRABUMULIH,1674,Negeri,10,5,3,5,13,5,41
2017,PROV. BENGKULU,17,KAB. BENGKULU SELATAN,1701,Negeri,3,0,0,1,2,5,11
2017,PROV. BENGKULU,17,KAB. BENGKULU SELATAN,1701,Swasta,1,0,0,0,0,0,1
2017,PROV. BENGKULU,17,KAB. REJANG LEBONG,1702,Negeri,12,25,21,7,12,17,94
2017,PROV. BENGKULU,17,KAB. REJANG LEBONG,1702,Swasta,1,0,0,0,0,0,1
2017,PROV. BENGKULU,17,KAB. BENGKULU UTARA,1703,Swasta,0,0,0,0,0,0,0
2017,PROV. BENGKULU,17,KAB. BENGKULU UTARA,1703,Negeri,11,5,8,9,5,18,56
2017,PROV. BENGKULU,17,KAB. KAUR,1704,Swasta,0,0,0,0,0,0,0
2017,PROV. BENGKULU,17,KAB. KAUR,1704,Negeri,3,3,2,15,8,9,40
2017,PROV. BENGKULU,17,KAB. SELUMA,1705,Negeri,35,4,8,19,7,11,84
2017,PROV. BENGKULU,17,KAB. SELUMA,1705,Swasta,0,0,0,0,0,0,0
2017,PROV. BENGKULU,17,KAB. MUKOMUKO,1706,Swasta,0,0,0,0,0,0,0
2017,PROV. BENGKULU,17,KAB. MUKOMUKO,1706,Negeri,2,2,4,4,6,5,23
2017,PROV. BENGKULU,17,KAB. LEBONG,1707,Swasta,0,1,0,0,0,0,1
2017,PROV. BENGKULU,17,KAB. LEBONG,1707,Negeri,5,8,5,5,12,10,45
2017,PROV. BENGKULU,17,KAB. KEPAHIANG,1708,Swasta,0,0,0,0,0,0,0
2017,PROV. BENGKULU,17,KAB. KEPAHIANG,1708,Negeri,2,3,1,6,4,29,45
2017,PROV. BENGKULU,17,KAB. BENGKULU TENGAH,1709,Negeri,2,0,3,4,4,10,23
2017,PROV. BENGKULU,17,KAB. BENGKULU TENGAH,1709,Swasta,0,0,0,0,0,0,0
2017,PROV. BENGKULU,17,KOTA BENGKULU,1771,Negeri,4,8,9,10,12,12,55
2017,PROV. BENGKULU,17,KOTA BENGKULU,1771,Swasta,4,2,0,2,3,3,14
2017,PROV. LAMPUNG,18,KAB. LAMPUNG SELATAN,1801,Swasta,5,8,3,1,0,1,18
2017,PROV. LAMPUNG,18,KAB. LAMPUNG SELATAN,1801,Negeri,23,14,12,21,13,38,121
2017,PROV. LAMPUNG,18,KAB. LAMPUNG TENGAH,1802,Negeri,28,16,14,20,21,63,162
2017,PROV. LAMPUNG,18,KAB. LAMPUNG TENGAH,1802,Swasta,3,1,1,0,1,5,11
2017,PROV. LAMPUNG,18,KAB. LAMPUNG UTARA,1803,Negeri,20,11,9,13,14,27,94
2017,PROV. LAMPUNG,18,KAB. LAMPUNG UTARA,1803,Swasta,0,0,0,1,0,0,1
2017,PROV. LAMPUNG,18,KAB. LAMPUNG BARAT,1804,Swasta,0,0,1,1,2,2,6
2017,PROV. LAMPUNG,18,KAB. LAMPUNG BARAT,1804,Negeri,5,0,1,3,1,3,13
2017,PROV. LAMPUNG,18,KAB. TULANG BAWANG,1805,Swasta,4,0,0,3,3,36,46
2017,PROV. LAMPUNG,18,KAB. TULANG BAWANG,1805,Negeri,8,11,4,7,1,35,66
2017,PROV. LAMPUNG,18,KAB. TANGGAMUS,1806,Swasta,0,0,0,0,0,0,0
2017,PROV. LAMPUNG,18,KAB. TANGGAMUS,1806,Negeri,11,10,7,6,8,25,67
2017,PROV. LAMPUNG,18,KAB. LAMPUNG TIMUR,1807,Negeri,63,15,14,40,25,40,197
2017,PROV. LAMPUNG,18,KAB. LAMPUNG TIMUR,1807,Swasta,2,2,1,3,0,4,12
2017,PROV. LAMPUNG,18,KAB. WAY KANAN,1808,Negeri,10,7,33,17,20,39,126
2017,PROV. LAMPUNG,18,KAB. WAY KANAN,1808,Swasta,0,2,1,0,0,0,3
2017,PROV. LAMPUNG,18,KAB. PESAWARAN,1809,Swasta,0,0,0,0,0,0,0
2017,PROV. LAMPUNG,18,KAB. PESAWARAN,1809,Negeri,13,6,10,4,1,7,41
2017,PROV. LAMPUNG,18,KAB. PRINGSEWU,1810,Negeri,2,4,2,1,5,9,23
2017,PROV. LAMPUNG,18,KAB. PRINGSEWU,1810,Swasta,26,0,0,0,0,0,26
2017,PROV. LAMPUNG,18,KAB. MESUJI,1811,Negeri,11,1,7,2,11,19,51
2017,PROV. LAMPUNG,18,KAB. MESUJI,1811,Swasta,2,0,0,0,0,0,2
2017,PROV. LAMPUNG,18,KAB. TULANG BAWANG BARAT,1812,Negeri,3,3,1,4,2,6,19
2017,PROV. LAMPUNG,18,KAB. TULANG BAWANG BARAT,1812,Swasta,1,1,0,2,1,0,5
2017,PROV. LAMPUNG,18,KAB. PESISIR BARAT,1813,Swasta,0,0,0,0,0,0,0
2017,PROV. LAMPUNG,18,KAB. PESISIR BARAT,1813,Negeri,6,2,1,3,3,7,22
2017,PROV. LAMPUNG,18,KOTA BANDAR LAMPUNG,1871,Swasta,5,2,4,2,1,1,15
2017,PROV. LAMPUNG,18,KOTA BANDAR LAMPUNG,1871,Negeri,23,6,9,4,3,6,51
2017,PROV. LAMPUNG,18,KOTA METRO,1872,Swasta,3,0,1,0,2,0,6
2017,PROV. LAMPUNG,18,KOTA METRO,1872,Negeri,3,0,0,2,0,3,8
2017,PROV. KEPULAUAN BANGKA BELITUNG,19,KAB. BANGKA,1901,Swasta,4,0,0,1,0,0,5
2017,PROV. KEPULAUAN BANGKA BELITUNG,19,KAB. BANGKA,1901,Negeri,6,4,2,4,4,9,29
2017,PROV. KEPULAUAN BANGKA BELITUNG,19,KAB. BELITUNG,1902,Swasta,0,0,0,0,0,0,0
2017,PROV. KEPULAUAN BANGKA BELITUNG,19,KAB. BELITUNG,1902,Negeri,10,1,1,1,2,2,17
2017,PROV. KEPULAUAN BANGKA BELITUNG,19,KAB. BANGKA SELATAN,1903,Negeri,12,3,4,8,7,14,48
2017,PROV. KEPULAUAN BANGKA BELITUNG,19,KAB. BANGKA SELATAN,1903,Swasta,0,0,0,0,0,0,0
2017,PROV. KEPULAUAN BANGKA BELITUNG,19,KAB. BANGKA TENGAH,1904,Negeri,4,2,2,4,5,8,25
2017,PROV. KEPULAUAN BANGKA BELITUNG,19,KAB. BANGKA TENGAH,1904,Swasta,1,0,0,1,1,0,3
2017,PROV. KEPULAUAN BANGKA BELITUNG,19,KAB. BANGKA BARAT,1905,Swasta,0,0,0,1,0,0,1
2017,PROV. KEPULAUAN BANGKA BELITUNG,19,KAB. BANGKA BARAT,1905,Negeri,10,15,6,7,3,11,52
2017,PROV. KEPULAUAN BANGKA BELITUNG,19,KAB. BELITUNG TIMUR,1906,Swasta,0,0,0,0,0,0,0
2017,PROV. KEPULAUAN BANGKA BELITUNG,19,KAB. BELITUNG TIMUR,1906,Negeri,2,0,4,0,3,3,12
2017,PROV. KEPULAUAN BANGKA BELITUNG,19,KOTA PANGKAL PINANG,1971,Swasta,0,0,0,0,0,0,0
2017,PROV. KEPULAUAN BANGKA BELITUNG,19,KOTA PANGKAL PINANG,1971,Negeri,7,2,2,0,1,3,15
2017,PROV. KEPULAUAN RIAU,21,KAB. BINTAN,2101,Negeri,0,2,4,5,1,1,13
2017,PROV. KEPULAUAN RIAU,21,KAB. BINTAN,2101,Swasta,1,1,0,0,0,0,2
2017,PROV. KEPULAUAN RIAU,21,KAB. KARIMUN,2102,Swasta,3,0,0,1,0,2,6
2017,PROV. KEPULAUAN RIAU,21,KAB. KARIMUN,2102,Negeri,1,3,0,3,1,2,10
2017,PROV. KEPULAUAN RIAU,21,KAB. NATUNA,2103,Negeri,3,2,1,3,2,3,14
2017,PROV. KEPULAUAN RIAU,21,KAB. NATUNA,2103,Swasta,0,0,0,0,0,0,0
2017,PROV. KEPULAUAN RIAU,21,KAB. LINGGA,2104,Swasta,1,0,0,0,0,0,1
2017,PROV. KEPULAUAN RIAU,21,KAB. LINGGA,2104,Negeri,2,3,0,1,8,5,19
2017,PROV. KEPULAUAN RIAU,21,KAB. KEPULAUAN ANAMBAS,2105,Negeri,0,0,0,0,0,0,0
2017,PROV. KEPULAUAN RIAU,21,KAB. KEPULAUAN ANAMBAS,2105,Swasta,0,0,0,0,0,0,0
2017,PROV. KEPULAUAN RIAU,21,KOTA BATAM,2171,Negeri,12,6,10,5,11,8,52
2017,PROV. KEPULAUAN RIAU,21,KOTA BATAM,2171,Swasta,22,27,18,15,18,14,114
2017,PROV. KEPULAUAN RIAU,21,KOTA TANJUNG PINANG,2172,Negeri,6,1,0,0,0,1,8
2017,PROV. KEPULAUAN RIAU,21,KOTA TANJUNG PINANG,2172,Swasta,0,0,1,1,0,4,6
2017,PROV. D.K.I. JAKARTA,31,KAB. ADM. KEP. SERIBU,3101,Negeri,2,0,0,0,0,0,2
2017,PROV. D.K.I. JAKARTA,31,KOTA ADM. JAKARTA PUSAT,3171,Swasta,6,9,4,13,4,8,44
2017,PROV. D.K.I. JAKARTA,31,KOTA ADM. JAKARTA PUSAT,3171,Negeri,7,8,2,5,3,6,31
2017,PROV. D.K.I. JAKARTA,31,KOTA ADM. JAKARTA UTARA,3172,Swasta,22,7,11,15,42,11,108
2017,PROV. D.K.I. JAKARTA,31,KOTA ADM. JAKARTA UTARA,3172,Negeri,5,9,10,5,3,14,46
2017,PROV. D.K.I. JAKARTA,31,KOTA ADM. JAKARTA BARAT,3173,Swasta,24,5,10,7,11,26,83
2017,PROV. D.K.I. JAKARTA,31,KOTA ADM. JAKARTA BARAT,3173,Negeri,13,13,11,12,10,19,78
2017,PROV. D.K.I. JAKARTA,31,KOTA ADM. JAKARTA SELATAN,3174,Swasta,9,8,7,6,6,6,42
2017,PROV. D.K.I. JAKARTA,31,KOTA ADM. JAKARTA SELATAN,3174,Negeri,11,22,8,11,14,14,80
2017,PROV. D.K.I. JAKARTA,31,KOTA ADM. JAKARTA TIMUR,3175,Swasta,11,14,9,1,6,19,60
2017,PROV. D.K.I. JAKARTA,31,KOTA ADM. JAKARTA TIMUR,3175,Negeri,14,16,8,16,26,13,93
2017,PROV. JAWA BARAT,32,KAB. BOGOR,3201,Negeri,98,61,35,84,43,212,533
2017,PROV. JAWA BARAT,32,KAB. BOGOR,3201,Swasta,38,23,15,19,11,26,132
2017,PROV. JAWA BARAT,32,KAB. SUKABUMI,3202,Negeri,25,8,2,4,4,9,52
2017,PROV. JAWA BARAT,32,KAB. SUKABUMI,3202,Swasta,0,1,2,0,1,1,5
2017,PROV. JAWA BARAT,32,KAB. CIANJUR,3203,Swasta,0,1,0,0,1,1,3
2017,PROV. JAWA BARAT,32,KAB. CIANJUR,3203,Negeri,29,15,12,13,17,56,142
2017,PROV. JAWA BARAT,32,KAB. BANDUNG,3204,Negeri,83,38,33,39,47,90,330
2017,PROV. JAWA BARAT,32,KAB. BANDUNG,3204,Swasta,1,0,0,0,2,2,5
2017,PROV. JAWA BARAT,32,KAB. GARUT,3205,Swasta,5,1,1,0,0,0,7
2017,PROV. JAWA BARAT,32,KAB. GARUT,3205,Negeri,56,20,13,18,26,126,259
2017,PROV. JAWA BARAT,32,KAB. TASIKMALAYA,3206,Swasta,0,0,0,0,0,0,0
2017,PROV. JAWA BARAT,32,KAB. TASIKMALAYA,3206,Negeri,7,8,1,5,5,14,40
2017,PROV. JAWA BARAT,32,KAB. CIAMIS,3207,Swasta,0,0,0,0,0,0,0
2017,PROV. JAWA BARAT,32,KAB. CIAMIS,3207,Negeri,20,5,6,4,0,2,37
2017,PROV. JAWA BARAT,32,KAB. KUNINGAN,3208,Negeri,20,6,4,4,4,6,44
2017,PROV. JAWA BARAT,32,KAB. KUNINGAN,3208,Swasta,0,0,0,0,0,0,0
2017,PROV. JAWA BARAT,32,KAB. CIREBON,3209,Negeri,47,26,26,23,20,52,194
2017,PROV. JAWA BARAT,32,KAB. CIREBON,3209,Swasta,1,0,0,2,1,4,8
2017,PROV. JAWA BARAT,32,KAB. MAJALENGKA,3210,Negeri,19,2,2,2,6,4,35
2017,PROV. JAWA BARAT,32,KAB. MAJALENGKA,3210,Swasta,0,0,0,0,0,0,0
2017,PROV. JAWA BARAT,32,KAB. SUMEDANG,3211,Swasta,1,1,0,0,0,0,2
2017,PROV. JAWA BARAT,32,KAB. SUMEDANG,3211,Negeri,16,8,1,1,4,2,32
2017,PROV. JAWA BARAT,32,KAB. INDRAMAYU,3212,Negeri,31,9,8,6,18,34,106
2017,PROV. JAWA BARAT,32,KAB. INDRAMAYU,3212,Swasta,2,1,2,0,2,0,7
2017,PROV. JAWA BARAT,32,KAB. SUBANG,3213,Swasta,0,1,0,0,0,3,4
2017,PROV. JAWA BARAT,32,KAB. SUBANG,3213,Negeri,33,12,11,8,12,74,150
2017,PROV. JAWA BARAT,32,KAB. PURWAKARTA,3214,Negeri,19,6,9,5,17,23,79
2017,PROV. JAWA BARAT,32,KAB. PURWAKARTA,3214,Swasta,0,1,1,0,0,1,3
2017,PROV. JAWA BARAT,32,KAB. KARAWANG,3215,Swasta,1,2,3,1,2,1,10
2017,PROV. JAWA BARAT,32,KAB. KARAWANG,3215,Negeri,48,38,26,20,18,51,201
2017,PROV. JAWA BARAT,32,KAB. BEKASI,3216,Swasta,19,23,15,19,14,3,93
2017,PROV. JAWA BARAT,32,KAB. BEKASI,3216,Negeri,51,31,21,21,22,27,173
2017,PROV. JAWA BARAT,32,KAB. BANDUNG BARAT,3217,Negeri,14,13,15,3,8,35,88
2017,PROV. JAWA BARAT,32,KAB. BANDUNG BARAT,3217,Swasta,3,2,0,2,1,0,8
2017,PROV. JAWA BARAT,32,KAB. PANGANDARAN,3218,Negeri,3,4,1,1,0,3,12
2017,PROV. JAWA BARAT,32,KAB. PANGANDARAN,3218,Swasta,0,0,0,0,0,0,0
2017,PROV. JAWA BARAT,32,KOTA BOGOR,3271,Swasta,3,3,1,0,3,2,12
2017,PROV. JAWA BARAT,32,KOTA BOGOR,3271,Negeri,9,5,2,1,6,9,32
2017,PROV. JAWA BARAT,32,KOTA SUKABUMI,3272,Negeri,12,11,7,3,5,4,42
2017,PROV. JAWA BARAT,32,KOTA SUKABUMI,3272,Swasta,1,4,2,0,1,0,8
2017,PROV. JAWA BARAT,32,KOTA BANDUNG,3273,Negeri,28,2,14,4,7,10,65
2017,PROV. JAWA BARAT,32,KOTA BANDUNG,3273,Swasta,4,10,5,9,7,4,39
2017,PROV. JAWA BARAT,32,KOTA CIREBON,3274,Negeri,7,10,4,2,6,3,32
2017,PROV. JAWA BARAT,32,KOTA CIREBON,3274,Swasta,0,0,1,0,0,0,1
2017,PROV. JAWA BARAT,32,KOTA BEKASI,3275,Swasta,10,16,28,27,15,12,108
2017,PROV. JAWA BARAT,32,KOTA BEKASI,3275,Negeri,43,23,37,30,28,135,296
2017,PROV. JAWA BARAT,32,KOTA DEPOK,3276,Swasta,4,1,5,3,5,1,19
2017,PROV. JAWA BARAT,32,KOTA DEPOK,3276,Negeri,22,17,11,9,10,5,74
2017,PROV. JAWA BARAT,32,KOTA CIMAHI,3277,Negeri,8,2,3,4,4,16,37
2017,PROV. JAWA BARAT,32,KOTA CIMAHI,3277,Swasta,2,0,3,3,2,0,10
2017,PROV. JAWA BARAT,32,KOTA TASIKMALAYA,3278,Negeri,8,2,1,1,2,3,17
2017,PROV. JAWA BARAT,32,KOTA TASIKMALAYA,3278,Swasta,3,0,0,1,0,0,4
2017,PROV. JAWA BARAT,32,KOTA BANJAR,3279,Negeri,0,1,0,3,1,1,6
2017,PROV. JAWA BARAT,32,KOTA BANJAR,3279,Swasta,0,0,0,0,0,0,0
2017,PROV. JAWA TENGAH,33,KAB. CILACAP,3301,Negeri,33,12,18,16,17,19,115
2017,PROV. JAWA TENGAH,33,KAB. CILACAP,3301,Swasta,3,2,8,3,1,5,22
2017,PROV. JAWA TENGAH,33,KAB. BANYUMAS,3302,Negeri,17,16,10,5,7,7,62
2017,PROV. JAWA TENGAH,33,KAB. BANYUMAS,3302,Swasta,2,0,2,1,0,1,6
2017,PROV. JAWA TENGAH,33,KAB. PURBALINGGA,3303,Swasta,0,0,0,0,0,0,0
2017,PROV. JAWA TENGAH,33,KAB. PURBALINGGA,3303,Negeri,5,5,3,5,10,7,35
2017,PROV. JAWA TENGAH,33,KAB. BANJARNEGARA,3304,Swasta,1,0,0,0,0,0,1
2017,PROV. JAWA TENGAH,33,KAB. BANJARNEGARA,3304,Negeri,4,6,8,6,11,27,62
2017,PROV. JAWA TENGAH,33,KAB. KEBUMEN,3305,Swasta,0,1,0,0,0,0,1
2017,PROV. JAWA TENGAH,33,KAB. KEBUMEN,3305,Negeri,77,14,9,7,7,8,122
2017,PROV. JAWA TENGAH,33,KAB. PURWOREJO,3306,Swasta,0,0,0,0,0,0,0
2017,PROV. JAWA TENGAH,33,KAB. PURWOREJO,3306,Negeri,10,3,4,3,6,5,31
2017,PROV. JAWA TENGAH,33,KAB. WONOSOBO,3307,Swasta,0,1,0,0,0,0,1
2017,PROV. JAWA TENGAH,33,KAB. WONOSOBO,3307,Negeri,16,5,5,5,5,12,48
2017,PROV. JAWA TENGAH,33,KAB. MAGELANG,3308,Swasta,3,1,2,2,3,4,15
2017,PROV. JAWA TENGAH,33,KAB. MAGELANG,3308,Negeri,16,16,9,12,15,9,77
2017,PROV. JAWA TENGAH,33,KAB. BOYOLALI,3309,Swasta,2,6,2,2,3,3,18
2017,PROV. JAWA TENGAH,33,KAB. BOYOLALI,3309,Negeri,24,8,7,4,9,16,68
2017,PROV. JAWA TENGAH,33,KAB. KLATEN,3310,Swasta,2,2,1,1,4,0,10
2017,PROV. JAWA TENGAH,33,KAB. KLATEN,3310,Negeri,25,9,12,4,8,11,69
2017,PROV. JAWA TENGAH,33,KAB. SUKOHARJO,3311,Swasta,5,0,0,0,0,1,6
2017,PROV. JAWA TENGAH,33,KAB. SUKOHARJO,3311,Negeri,20,4,2,6,3,2,37
2017,PROV. JAWA TENGAH,33,KAB. WONOGIRI,3312,Negeri,11,5,1,1,3,5,26
2017,PROV. JAWA TENGAH,33,KAB. WONOGIRI,3312,Swasta,13,0,0,0,0,1,14
2017,PROV. JAWA TENGAH,33,KAB. KARANGANYAR,3313,Swasta,1,0,0,2,1,0,4
2017,PROV. JAWA TENGAH,33,KAB. KARANGANYAR,3313,Negeri,10,3,4,4,1,5,27
2017,PROV. JAWA TENGAH,33,KAB. SRAGEN,3314,Swasta,1,0,0,0,0,0,1
2017,PROV. JAWA TENGAH,33,KAB. SRAGEN,3314,Negeri,9,2,1,3,4,3,22
2017,PROV. JAWA TENGAH,33,KAB. GROBOGAN,3315,Negeri,91,16,7,13,10,8,145
2017,PROV. JAWA TENGAH,33,KAB. GROBOGAN,3315,Swasta,0,1,0,0,0,0,1
2017,PROV. JAWA TENGAH,33,KAB. BLORA,3316,Negeri,17,4,3,4,4,7,39
2017,PROV. JAWA TENGAH,33,KAB. BLORA,3316,Swasta,0,0,0,0,0,0,0
2017,PROV. JAWA TENGAH,33,KAB. REMBANG,3317,Negeri,13,1,0,0,0,0,14
2017,PROV. JAWA TENGAH,33,KAB. REMBANG,3317,Swasta,1,0,0,0,0,0,1
2017,PROV. JAWA TENGAH,33,KAB. PATI,3318,Negeri,12,4,4,3,2,4,29
2017,PROV. JAWA TENGAH,33,KAB. PATI,3318,Swasta,0,0,0,0,0,0,0
2017,PROV. JAWA TENGAH,33,KAB. KUDUS,3319,Swasta,1,2,0,0,0,0,3
2017,PROV. JAWA TENGAH,33,KAB. KUDUS,3319,Negeri,13,4,0,3,4,0,24
2017,PROV. JAWA TENGAH,33,KAB. JEPARA,3320,Swasta,0,1,0,0,0,1,2
2017,PROV. JAWA TENGAH,33,KAB. JEPARA,3320,Negeri,12,13,8,12,5,12,62
2017,PROV. JAWA TENGAH,33,KAB. DEMAK,3321,Negeri,16,2,3,4,4,1,30
2017,PROV. JAWA TENGAH,33,KAB. DEMAK,3321,Swasta,0,0,0,3,0,0,3
2017,PROV. JAWA TENGAH,33,KAB. SEMARANG,3322,Negeri,3,2,1,7,4,3,20
2017,PROV. JAWA TENGAH,33,KAB. SEMARANG,3322,Swasta,0,0,4,1,1,0,6
2017,PROV. JAWA TENGAH,33,KAB. TEMANGGUNG,3323,Negeri,3,5,3,12,7,9,39
2017,PROV. JAWA TENGAH,33,KAB. TEMANGGUNG,3323,Swasta,1,0,0,0,1,0,2
2017,PROV. JAWA TENGAH,33,KAB. KENDAL,3324,Swasta,3,0,0,0,0,0,3
2017,PROV. JAWA TENGAH,33,KAB. KENDAL,3324,Negeri,36,4,1,3,6,1,51
2017,PROV. JAWA TENGAH,33,KAB. BATANG,3325,Swasta,0,0,0,0,0,0,0
2017,PROV. JAWA TENGAH,33,KAB. BATANG,3325,Negeri,11,6,7,8,6,4,42
2017,PROV. JAWA TENGAH,33,KAB. PEKALONGAN,3326,Negeri,23,4,6,7,16,11,67
2017,PROV. JAWA TENGAH,33,KAB. PEKALONGAN,3326,Swasta,4,1,0,0,0,0,5
2017,PROV. JAWA TENGAH,33,KAB. PEMALANG,3327,Swasta,1,0,0,0,1,0,2
2017,PROV. JAWA TENGAH,33,KAB. PEMALANG,3327,Negeri,45,15,18,17,22,28,145
2017,PROV. JAWA TENGAH,33,KAB. TEGAL,3328,Swasta,2,0,0,0,2,2,6
2017,PROV. JAWA TENGAH,33,KAB. TEGAL,3328,Negeri,103,24,15,15,27,23,207
2017,PROV. JAWA TENGAH,33,KAB. BREBES,3329,Negeri,29,29,20,20,40,76,214
2017,PROV. JAWA TENGAH,33,KAB. BREBES,3329,Swasta,2,2,0,0,0,1,5
2017,PROV. JAWA TENGAH,33,KOTA MAGELANG,3371,Negeri,1,1,0,3,4,3,12
2017,PROV. JAWA TENGAH,33,KOTA MAGELANG,3371,Swasta,2,0,0,0,0,1,3
2017,PROV. JAWA TENGAH,33,KOTA SURAKARTA,3372,Swasta,5,3,4,7,0,2,21
2017,PROV. JAWA TENGAH,33,KOTA SURAKARTA,3372,Negeri,4,5,0,2,4,3,18
2017,PROV. JAWA TENGAH,33,KOTA SALATIGA,3373,Swasta,0,1,0,0,1,0,2
2017,PROV. JAWA TENGAH,33,KOTA SALATIGA,3373,Negeri,1,0,1,1,0,0,3
2017,PROV. JAWA TENGAH,33,KOTA SEMARANG,3374,Negeri,6,6,6,3,4,6,31
2017,PROV. JAWA TENGAH,33,KOTA SEMARANG,3374,Swasta,9,3,9,5,7,14,47
2017,PROV. JAWA TENGAH,33,KOTA PEKALONGAN,3375,Swasta,2,1,0,1,0,0,4
2017,PROV. JAWA TENGAH,33,KOTA PEKALONGAN,3375,Negeri,3,1,4,1,4,4,17
2017,PROV. JAWA TENGAH,33,KOTA TEGAL,3376,Swasta,0,0,0,0,0,0,0
2017,PROV. JAWA TENGAH,33,KOTA TEGAL,3376,Negeri,5,3,2,1,2,0,13
2017,PROV. D.I. YOGYAKARTA,34,KAB. KULON PROGO,3401,Swasta,1,0,0,0,0,1,2
2017,PROV. D.I. YOGYAKARTA,34,KAB. KULON PROGO,3401,Negeri,4,1,0,0,0,0,5
2017,PROV. D.I. YOGYAKARTA,34,KAB. BANTUL,3402,Negeri,2,3,6,1,1,3,16
2017,PROV. D.I. YOGYAKARTA,34,KAB. BANTUL,3402,Swasta,2,2,0,3,2,3,12
2017,PROV. D.I. YOGYAKARTA,34,KAB. GUNUNGKIDUL,3403,Swasta,1,0,0,0,0,1,2
2017,PROV. D.I. YOGYAKARTA,34,KAB. GUNUNGKIDUL,3403,Negeri,8,1,0,3,2,4,18
2017,PROV. D.I. YOGYAKARTA,34,KAB. SLEMAN,3404,Swasta,16,3,5,8,3,0,35
2017,PROV. D.I. YOGYAKARTA,34,KAB. SLEMAN,3404,Negeri,7,7,7,3,6,5,35
2017,PROV. D.I. YOGYAKARTA,34,KOTA YOGYAKARTA,3471,Negeri,5,1,1,2,0,4,13
2017,PROV. D.I. YOGYAKARTA,34,KOTA YOGYAKARTA,3471,Swasta,2,2,1,3,4,1,13
2017,PROV. JAWA TIMUR,35,KAB. PACITAN,3501,Negeri,3,1,1,1,0,1,7
2017,PROV. JAWA TIMUR,35,KAB. PACITAN,3501,Swasta,0,0,0,0,0,0,0
2017,PROV. JAWA TIMUR,35,KAB. PONOROGO,3502,Swasta,1,0,0,2,1,1,5
2017,PROV. JAWA TIMUR,35,KAB. PONOROGO,3502,Negeri,16,5,0,2,4,2,29
2017,PROV. JAWA TIMUR,35,KAB. TRENGGALEK,3503,Swasta,0,0,0,0,0,0,0
2017,PROV. JAWA TIMUR,35,KAB. TRENGGALEK,3503,Negeri,14,1,3,0,1,4,23
2017,PROV. JAWA TIMUR,35,KAB. TULUNGAGUNG,3504,Negeri,6,7,1,5,2,8,29
2017,PROV. JAWA TIMUR,35,KAB. TULUNGAGUNG,3504,Swasta,2,1,1,0,1,0,5
2017,PROV. JAWA TIMUR,35,KAB. BLITAR,3505,Swasta,8,0,0,0,0,0,8
2017,PROV. JAWA TIMUR,35,KAB. BLITAR,3505,Negeri,13,7,3,7,6,8,44
2017,PROV. JAWA TIMUR,35,KAB. KEDIRI,3506,Swasta,5,0,1,1,1,2,10
2017,PROV. JAWA TIMUR,35,KAB. KEDIRI,3506,Negeri,18,4,1,3,5,15,46
2017,PROV. JAWA TIMUR,35,KAB. MALANG,3507,Swasta,4,0,0,0,2,2,8
2017,PROV. JAWA TIMUR,35,KAB. MALANG,3507,Negeri,26,10,6,12,18,24,96
2017,PROV. JAWA TIMUR,35,KAB. LUMAJANG,3508,Swasta,0,0,0,0,0,0,0
2017,PROV. JAWA TIMUR,35,KAB. LUMAJANG,3508,Negeri,9,2,5,3,7,7,33
2017,PROV. JAWA TIMUR,35,KAB. JEMBER,3509,Negeri,41,24,19,13,19,27,143
2017,PROV. JAWA TIMUR,35,KAB. JEMBER,3509,Swasta,10,1,2,3,2,7,25
2017,PROV. JAWA TIMUR,35,KAB. BANYUWANGI,3510,Negeri,24,1,2,4,7,5,43
2017,PROV. JAWA TIMUR,35,KAB. BANYUWANGI,3510,Swasta,3,1,0,0,1,0,5
2017,PROV. JAWA TIMUR,35,KAB. BONDOWOSO,3511,Negeri,6,2,2,5,1,1,17
2017,PROV. JAWA TIMUR,35,KAB. BONDOWOSO,3511,Swasta,0,1,1,0,1,0,3
2017,PROV. JAWA TIMUR,35,KAB. SITUBONDO,3512,Swasta,1,2,2,0,0,0,5
2017,PROV. JAWA TIMUR,35,KAB. SITUBONDO,3512,Negeri,34,9,3,4,4,11,65
2017,PROV. JAWA TIMUR,35,KAB. PROBOLINGGO,3513,Negeri,20,10,7,10,8,20,75
2017,PROV. JAWA TIMUR,35,KAB. PROBOLINGGO,3513,Swasta,1,1,1,0,1,1,5
2017,PROV. JAWA TIMUR,35,KAB. PASURUAN,3514,Negeri,14,2,3,7,6,7,39
2017,PROV. JAWA TIMUR,35,KAB. PASURUAN,3514,Swasta,2,2,5,2,1,1,13
2017,PROV. JAWA TIMUR,35,KAB. SIDOARJO,3515,Swasta,2,0,0,1,0,1,4
2017,PROV. JAWA TIMUR,35,KAB. SIDOARJO,3515,Negeri,30,0,3,4,3,16,56
2017,PROV. JAWA TIMUR,35,KAB. MOJOKERTO,3516,Negeri,13,3,0,4,2,2,24
2017,PROV. JAWA TIMUR,35,KAB. MOJOKERTO,3516,Swasta,0,0,0,0,0,0,0
2017,PROV. JAWA TIMUR,35,KAB. JOMBANG,3517,Swasta,1,0,1,0,0,0,2
2017,PROV. JAWA TIMUR,35,KAB. JOMBANG,3517,Negeri,11,7,0,3,2,3,26
2017,PROV. JAWA TIMUR,35,KAB. NGANJUK,3518,Negeri,16,3,2,1,2,3,27
2017,PROV. JAWA TIMUR,35,KAB. NGANJUK,3518,Swasta,2,0,0,0,0,1,3
2017,PROV. JAWA TIMUR,35,KAB. MADIUN,3519,Negeri,3,2,0,0,3,2,10
2017,PROV. JAWA TIMUR,35,KAB. MADIUN,3519,Swasta,0,0,0,0,0,0,0
2017,PROV. JAWA TIMUR,35,KAB. MAGETAN,3520,Negeri,10,4,1,2,1,1,19
2017,PROV. JAWA TIMUR,35,KAB. MAGETAN,3520,Swasta,0,0,0,0,0,0,0
2017,PROV. JAWA TIMUR,35,KAB. NGAWI,3521,Negeri,4,4,0,1,1,3,13
2017,PROV. JAWA TIMUR,35,KAB. NGAWI,3521,Swasta,0,0,0,0,1,0,1
2017,PROV. JAWA TIMUR,35,KAB. BOJONEGORO,3522,Swasta,0,0,0,0,0,0,0
2017,PROV. JAWA TIMUR,35,KAB. BOJONEGORO,3522,Negeri,8,0,3,1,4,0,16
2017,PROV. JAWA TIMUR,35,KAB. TUBAN,3523,Negeri,8,4,2,2,4,7,27
2017,PROV. JAWA TIMUR,35,KAB. TUBAN,3523,Swasta,0,0,0,0,0,0,0
2017,PROV. JAWA TIMUR,35,KAB. LAMONGAN,3524,Swasta,0,0,0,0,0,0,0
2017,PROV. JAWA TIMUR,35,KAB. LAMONGAN,3524,Negeri,27,2,1,2,2,3,37
2017,PROV. JAWA TIMUR,35,KAB. GRESIK,3525,Swasta,1,2,3,7,3,2,18
2017,PROV. JAWA TIMUR,35,KAB. GRESIK,3525,Negeri,4,1,1,1,1,4,12
2017,PROV. JAWA TIMUR,35,KAB. BANGKALAN,3526,Swasta,1,0,1,2,2,2,8
2017,PROV. JAWA TIMUR,35,KAB. BANGKALAN,3526,Negeri,43,19,33,29,45,100,269
2017,PROV. JAWA TIMUR,35,KAB. SAMPANG,3527,Swasta,2,15,8,3,5,10,43
2017,PROV. JAWA TIMUR,35,KAB. SAMPANG,3527,Negeri,28,19,23,26,25,52,173
2017,PROV. JAWA TIMUR,35,KAB. PAMEKASAN,3528,Swasta,1,0,8,6,1,0,16
2017,PROV. JAWA TIMUR,35,KAB. PAMEKASAN,3528,Negeri,20,18,5,7,8,27,85
2017,PROV. JAWA TIMUR,35,KAB. SUMENEP,3529,Negeri,16,4,5,7,7,14,53
2017,PROV. JAWA TIMUR,35,KAB. SUMENEP,3529,Swasta,19,1,6,2,0,1,29
2017,PROV. JAWA TIMUR,35,KOTA KEDIRI,3571,Swasta,0,0,0,0,0,0,0
2017,PROV. JAWA TIMUR,35,KOTA KEDIRI,3571,Negeri,2,0,0,1,1,0,4
2017,PROV. JAWA TIMUR,35,KOTA BLITAR,3572,Swasta,0,0,0,0,0,1,1
2017,PROV. JAWA TIMUR,35,KOTA BLITAR,3572,Negeri,1,2,0,0,1,1,5
2017,PROV. JAWA TIMUR,35,KOTA MALANG,3573,Negeri,5,6,2,1,3,6,23
2017,PROV. JAWA TIMUR,35,KOTA MALANG,3573,Swasta,2,1,0,0,2,3,8
2017,PROV. JAWA TIMUR,35,KOTA PROBOLINGGO,3574,Swasta,0,0,0,0,2,0,2
2017,PROV. JAWA TIMUR,35,KOTA PROBOLINGGO,3574,Negeri,1,0,1,0,1,0,3
2017,PROV. JAWA TIMUR,35,KOTA PASURUAN,3575,Negeri,17,2,4,0,2,3,28
2017,PROV. JAWA TIMUR,35,KOTA PASURUAN,3575,Swasta,0,0,0,0,0,0,0
2017,PROV. JAWA TIMUR,35,KOTA MOJOKERTO,3576,Negeri,11,0,1,0,0,0,12
2017,PROV. JAWA TIMUR,35,KOTA MOJOKERTO,3576,Swasta,0,0,0,0,0,0,0
2017,PROV. JAWA TIMUR,35,KOTA MADIUN,3577,Negeri,1,1,0,0,0,0,2
2017,PROV. JAWA TIMUR,35,KOTA MADIUN,3577,Swasta,0,0,0,0,0,0,0
2017,PROV. JAWA TIMUR,35,KOTA SURABAYA,3578,Negeri,6,3,2,8,5,11,35
2017,PROV. JAWA TIMUR,35,KOTA SURABAYA,3578,Swasta,12,20,16,13,10,22,93
2017,PROV. JAWA TIMUR,35,KOTA BATU,3579,Negeri,2,1,1,0,0,1,5
2017,PROV. JAWA TIMUR,35,KOTA BATU,3579,Swasta,2,4,0,1,0,0,7
2017,PROV. BANTEN,36,KAB. PANDEGLANG,3601,Swasta,0,0,0,0,0,0,0
2017,PROV. BANTEN,36,KAB. PANDEGLANG,3601,Negeri,28,14,9,9,14,29,103
2017,PROV. BANTEN,36,KAB. LEBAK,3602,Negeri,24,16,9,16,14,41,120
2017,PROV. BANTEN,36,KAB. LEBAK,3602,Swasta,1,0,0,0,0,0,1
2017,PROV. BANTEN,36,KAB. TANGERANG,3603,Negeri,74,40,22,26,33,64,259
2017,PROV. BANTEN,36,KAB. TANGERANG,3603,Swasta,14,11,9,7,7,19,67
2017,PROV. BANTEN,36,KAB. SERANG,3604,Negeri,32,11,18,9,13,24,107
2017,PROV. BANTEN,36,KAB. SERANG,3604,Swasta,1,0,0,0,1,0,2
2017,PROV. BANTEN,36,KOTA TANGERANG,3671,Swasta,6,4,2,4,3,5,24
2017,PROV. BANTEN,36,KOTA TANGERANG,3671,Negeri,14,21,10,9,5,7,66
2017,PROV. BANTEN,36,KOTA CILEGON,3672,Negeri,6,1,2,1,1,2,13
2017,PROV. BANTEN,36,KOTA CILEGON,3672,Swasta,0,0,0,0,0,0,0
2017,PROV. BANTEN,36,KOTA SERANG,3673,Negeri,23,13,7,7,6,17,73
2017,PROV. BANTEN,36,KOTA SERANG,3673,Swasta,0,1,0,1,0,3,5
2017,PROV. BANTEN,36,KOTA TANGERANG SELATAN,3674,Negeri,4,9,12,8,2,8,43
2017,PROV. BANTEN,36,KOTA TANGERANG SELATAN,3674,Swasta,3,10,8,5,7,10,43
2017,PROV. BALI,51,KAB. JEMBRANA,5101,Negeri,1,1,0,0,0,1,3
2017,PROV. BALI,51,KAB. JEMBRANA,5101,Swasta,0,0,0,0,0,0,0
2017,PROV. BALI,51,KAB. TABANAN,5102,Swasta,0,2,0,0,0,0,2
2017,PROV. BALI,51,KAB. TABANAN,5102,Negeri,1,1,0,1,1,3,7
2017,PROV. BALI,51,KAB. BADUNG,5103,Swasta,5,2,1,0,2,0,10
2017,PROV. BALI,51,KAB. BADUNG,5103,Negeri,4,1,1,2,2,4,14
2017,PROV. BALI,51,KAB. GIANYAR,5104,Negeri,0,1,1,1,1,0,4
2017,PROV. BALI,51,KAB. GIANYAR,5104,Swasta,0,1,0,0,0,0,1
2017,PROV. BALI,51,KAB. KLUNGKUNG,5105,Swasta,0,0,0,0,0,0,0
2017,PROV. BALI,51,KAB. KLUNGKUNG,5105,Negeri,3,0,0,0,0,0,3
2017,PROV. BALI,51,KAB. BANGLI,5106,Negeri,2,0,1,0,1,0,4
2017,PROV. BALI,51,KAB. BANGLI,5106,Swasta,0,0,0,0,0,0,0
2017,PROV. BALI,51,KAB. KARANGASEM,5107,Negeri,18,10,9,6,11,18,72
2017,PROV. BALI,51,KAB. KARANGASEM,5107,Swasta,0,0,0,0,0,0,0
2017,PROV. BALI,51,KAB. BULELENG,5108,Negeri,10,7,10,1,4,2,34
2017,PROV. BALI,51,KAB. BULELENG,5108,Swasta,0,0,0,0,0,0,0
2017,PROV. BALI,51,KOTA DENPASAR,5171,Swasta,2,0,2,2,2,0,8
2017,PROV. BALI,51,KOTA DENPASAR,5171,Negeri,11,0,3,0,1,0,15
2017,PROV. NUSA TENGGARA BARAT,52,KAB. LOMBOK BARAT,5201,Negeri,12,7,3,4,9,7,42
2017,PROV. NUSA TENGGARA BARAT,52,KAB. LOMBOK BARAT,5201,Swasta,0,0,0,0,0,0,0
2017,PROV. NUSA TENGGARA BARAT,52,KAB. LOMBOK TENGAH,5202,Negeri,24,14,6,9,4,11,68
2017,PROV. NUSA TENGGARA BARAT,52,KAB. LOMBOK TENGAH,5202,Swasta,2,0,0,0,0,0,2
2017,PROV. NUSA TENGGARA BARAT,52,KAB. LOMBOK TIMUR,5203,Swasta,5,2,2,2,1,10,22
2017,PROV. NUSA TENGGARA BARAT,52,KAB. LOMBOK TIMUR,5203,Negeri,17,9,8,8,9,14,65
2017,PROV. NUSA TENGGARA BARAT,52,KAB. SUMBAWA,5204,Negeri,8,3,2,4,4,9,30
2017,PROV. NUSA TENGGARA BARAT,52,KAB. SUMBAWA,5204,Swasta,0,0,0,0,0,0,0
2017,PROV. NUSA TENGGARA BARAT,52,KAB. DOMPU,5205,Negeri,18,3,3,5,4,19,52
2017,PROV. NUSA TENGGARA BARAT,52,KAB. DOMPU,5205,Swasta,0,1,0,0,0,0,1
2017,PROV. NUSA TENGGARA BARAT,52,KAB. BIMA,5206,Negeri,21,14,9,9,18,24,95
2017,PROV. NUSA TENGGARA BARAT,52,KAB. BIMA,5206,Swasta,0,0,0,0,0,0,0
2017,PROV. NUSA TENGGARA BARAT,52,KAB. SUMBAWA BARAT,5207,Swasta,0,0,0,0,0,0,0
2017,PROV. NUSA TENGGARA BARAT,52,KAB. SUMBAWA BARAT,5207,Negeri,11,1,0,0,1,1,14
2017,PROV. NUSA TENGGARA BARAT,52,KAB. LOMBOK UTARA,5208,Swasta,0,0,0,0,0,0,0
2017,PROV. NUSA TENGGARA BARAT,52,KAB. LOMBOK UTARA,5208,Negeri,2,5,1,1,2,5,16
2017,PROV. NUSA TENGGARA BARAT,52,KOTA MATARAM,5271,Swasta,1,0,0,0,1,1,3
2017,PROV. NUSA TENGGARA BARAT,52,KOTA MATARAM,5271,Negeri,7,3,6,2,5,3,26
2017,PROV. NUSA TENGGARA BARAT,52,KOTA BIMA,5272,Negeri,3,0,0,1,1,2,7
2017,PROV. NUSA TENGGARA BARAT,52,KOTA BIMA,5272,Swasta,7,0,0,0,0,0,7
2017,PROV. NUSA TENGGARA TIMUR,53,KAB. KUPANG,5301,Swasta,3,1,1,1,8,3,17
2017,PROV. NUSA TENGGARA TIMUR,53,KAB. KUPANG,5301,Negeri,2,9,2,5,14,13,45
2017,PROV. NUSA TENGGARA TIMUR,53,KAB. TIMOR TENGAH SELATAN,5302,Swasta,5,14,17,13,7,18,74
2017,PROV. NUSA TENGGARA TIMUR,53,KAB. TIMOR TENGAH SELATAN,5302,Negeri,8,37,5,7,5,9,71
2017,PROV. NUSA TENGGARA TIMUR,53,KAB. TIMOR TENGAH UTARA,5303,Swasta,4,1,0,2,3,2,12
2017,PROV. NUSA TENGGARA TIMUR,53,KAB. TIMOR TENGAH UTARA,5303,Negeri,4,1,1,2,2,6,16
2017,PROV. NUSA TENGGARA TIMUR,53,KAB. BELU,5304,Swasta,0,0,1,2,0,1,4
2017,PROV. NUSA TENGGARA TIMUR,53,KAB. BELU,5304,Negeri,1,2,6,0,2,1,12
2017,PROV. NUSA TENGGARA TIMUR,53,KAB. ALOR,5305,Swasta,0,1,1,5,2,19,28
2017,PROV. NUSA TENGGARA TIMUR,53,KAB. ALOR,5305,Negeri,5,10,4,5,3,11,38
2017,PROV. NUSA TENGGARA TIMUR,53,KAB. FLORES TIMUR,5306,Swasta,4,2,0,4,1,7,18
2017,PROV. NUSA TENGGARA TIMUR,53,KAB. FLORES TIMUR,5306,Negeri,2,1,3,2,2,4,14
2017,PROV. NUSA TENGGARA TIMUR,53,KAB. SIKKA,5307,Negeri,6,7,11,11,6,6,47
2017,PROV. NUSA TENGGARA TIMUR,53,KAB. SIKKA,5307,Swasta,4,6,6,3,21,8,48
2017,PROV. NUSA TENGGARA TIMUR,53,KAB. ENDE,5308,Swasta,2,5,0,4,2,4,17
2017,PROV. NUSA TENGGARA TIMUR,53,KAB. ENDE,5308,Negeri,9,3,5,2,6,7,32
2017,PROV. NUSA TENGGARA TIMUR,53,KAB. NGADA,5309,Swasta,1,0,2,2,1,11,17
2017,PROV. NUSA TENGGARA TIMUR,53,KAB. NGADA,5309,Negeri,1,0,0,2,2,10,15
2017,PROV. NUSA TENGGARA TIMUR,53,KAB. MANGGARAI,5310,Negeri,1,1,2,1,2,5,12
2017,PROV. NUSA TENGGARA TIMUR,53,KAB. MANGGARAI,5310,Swasta,3,0,0,1,0,0,4
2017,PROV. NUSA TENGGARA TIMUR,53,KAB. SUMBA TIMUR,5311,Swasta,1,2,4,1,2,2,12
2017,PROV. NUSA TENGGARA TIMUR,53,KAB. SUMBA TIMUR,5311,Negeri,1,1,2,2,2,7,15
2017,PROV. NUSA TENGGARA TIMUR,53,KAB. SUMBA BARAT,5312,Swasta,0,0,0,0,0,0,0
2017,PROV. NUSA TENGGARA TIMUR,53,KAB. SUMBA BARAT,5312,Negeri,2,2,0,0,0,2,6
2017,PROV. NUSA TENGGARA TIMUR,53,KAB. LEMBATA,5313,Negeri,4,2,1,1,0,6,14
2017,PROV. NUSA TENGGARA TIMUR,53,KAB. LEMBATA,5313,Swasta,0,0,0,0,0,1,1
2017,PROV. NUSA TENGGARA TIMUR,53,KAB. ROTE NDAO,5314,Negeri,2,1,4,1,3,1,12
2017,PROV. NUSA TENGGARA TIMUR,53,KAB. ROTE NDAO,5314,Swasta,0,0,0,0,0,1,1
2017,PROV. NUSA TENGGARA TIMUR,53,KAB. MANGGARAI BARAT,5315,Swasta,2,3,3,1,3,2,14
2017,PROV. NUSA TENGGARA TIMUR,53,KAB. MANGGARAI BARAT,5315,Negeri,4,3,2,1,2,6,18
2017,PROV. NUSA TENGGARA TIMUR,53,KAB. NAGEKEO,5316,Negeri,4,2,0,1,0,9,16
2017,PROV. NUSA TENGGARA TIMUR,53,KAB. NAGEKEO,5316,Swasta,1,2,0,0,0,1,4
2017,PROV. NUSA TENGGARA TIMUR,53,KAB. SUMBA TENGAH,5317,Negeri,0,3,4,3,3,2,15
2017,PROV. NUSA TENGGARA TIMUR,53,KAB. SUMBA TENGAH,5317,Swasta,1,2,0,1,0,9,13
2017,PROV. NUSA TENGGARA TIMUR,53,KAB. SUMBA BARAT DAYA,5318,Negeri,13,7,14,11,29,43,117
2017,PROV. NUSA TENGGARA TIMUR,53,KAB. SUMBA BARAT DAYA,5318,Swasta,7,8,7,11,21,40,94
2017,PROV. NUSA TENGGARA TIMUR,53,KAB. MANGGARAI TIMUR,5319,Swasta,1,2,3,6,5,7,24
2017,PROV. NUSA TENGGARA TIMUR,53,KAB. MANGGARAI TIMUR,5319,Negeri,25,2,1,3,3,6,40
2017,PROV. NUSA TENGGARA TIMUR,53,KAB. SABU RAIJUA,5320,Negeri,1,4,1,0,0,3,9
2017,PROV. NUSA TENGGARA TIMUR,53,KAB. SABU RAIJUA,5320,Swasta,0,0,0,0,0,0,0
2017,PROV. NUSA TENGGARA TIMUR,53,KAB. MALAKA,5321,Swasta,1,7,8,1,7,13,37
2017,PROV. NUSA TENGGARA TIMUR,53,KAB. MALAKA,5321,Negeri,10,30,18,23,36,14,131
2017,PROV. NUSA TENGGARA TIMUR,53,KOTA KUPANG,5371,Negeri,9,9,6,2,3,10,39
2017,PROV. NUSA TENGGARA TIMUR,53,KOTA KUPANG,5371,Swasta,5,1,0,2,0,0,8
2017,PROV. KALIMANTAN BARAT,61,KAB. SAMBAS,6101,Swasta,1,0,0,0,1,0,2
2017,PROV. KALIMANTAN BARAT,61,KAB. SAMBAS,6101,Negeri,21,17,17,13,21,21,110
2017,PROV. KALIMANTAN BARAT,61,KAB. MEMPAWAH,6102,Negeri,4,2,3,6,9,17,41
2017,PROV. KALIMANTAN BARAT,61,KAB. MEMPAWAH,6102,Swasta,0,0,0,0,0,0,0
2017,PROV. KALIMANTAN BARAT,61,KAB. SANGGAU,6103,Negeri,14,3,8,5,16,16,62
2017,PROV. KALIMANTAN BARAT,61,KAB. SANGGAU,6103,Swasta,0,0,0,0,0,0,0
2017,PROV. KALIMANTAN BARAT,61,KAB. KETAPANG,6104,Swasta,0,1,3,2,2,4,12
2017,PROV. KALIMANTAN BARAT,61,KAB. KETAPANG,6104,Negeri,10,13,8,10,11,20,72
2017,PROV. KALIMANTAN BARAT,61,KAB. SINTANG,6105,Swasta,0,0,0,0,0,0,0
2017,PROV. KALIMANTAN BARAT,61,KAB. SINTANG,6105,Negeri,10,12,16,11,27,25,101
2017,PROV. KALIMANTAN BARAT,61,KAB. KAPUAS HULU,6106,Swasta,0,0,1,0,0,0,1
2017,PROV. KALIMANTAN BARAT,61,KAB. KAPUAS HULU,6106,Negeri,8,4,2,10,10,18,52
2017,PROV. KALIMANTAN BARAT,61,KAB. BENGKAYANG,6107,Swasta,2,0,0,0,0,0,2
2017,PROV. KALIMANTAN BARAT,61,KAB. BENGKAYANG,6107,Negeri,7,7,14,4,13,12,57
2017,PROV. KALIMANTAN BARAT,61,KAB. LANDAK,6108,Negeri,14,5,9,7,14,19,68
2017,PROV. KALIMANTAN BARAT,61,KAB. LANDAK,6108,Swasta,0,0,1,0,0,0,1
2017,PROV. KALIMANTAN BARAT,61,KAB. SEKADAU,6109,Swasta,0,0,0,0,0,0,0
2017,PROV. KALIMANTAN BARAT,61,KAB. SEKADAU,6109,Negeri,5,6,5,1,11,2,30
2017,PROV. KALIMANTAN BARAT,61,KAB. MELAWI,6110,Swasta,0,1,0,0,0,0,1
2017,PROV. KALIMANTAN BARAT,61,KAB. MELAWI,6110,Negeri,8,5,4,9,11,12,49
2017,PROV. KALIMANTAN BARAT,61,KAB. KAYONG UTARA,6111,Swasta,2,1,3,1,0,0,7
2017,PROV. KALIMANTAN BARAT,61,KAB. KAYONG UTARA,6111,Negeri,8,3,5,5,6,14,41
2017,PROV. KALIMANTAN BARAT,61,KAB. KUBU RAYA,6112,Negeri,21,18,33,33,35,37,177
2017,PROV. KALIMANTAN BARAT,61,KAB. KUBU RAYA,6112,Swasta,3,1,5,2,4,2,17
2017,PROV. KALIMANTAN BARAT,61,KOTA PONTIANAK,6171,Negeri,13,7,3,2,2,6,33
2017,PROV. KALIMANTAN BARAT,61,KOTA PONTIANAK,6171,Swasta,3,3,7,8,3,4,28
2017,PROV. KALIMANTAN BARAT,61,KOTA SINGKAWANG,6172,Swasta,0,4,0,0,2,2,8
2017,PROV. KALIMANTAN BARAT,61,KOTA SINGKAWANG,6172,Negeri,7,11,7,10,20,14,69
2017,PROV. KALIMANTAN TENGAH,62,KAB. KOTAWARINGIN BARAT,6201,Negeri,3,1,5,1,6,24,40
2017,PROV. KALIMANTAN TENGAH,62,KAB. KOTAWARINGIN BARAT,6201,Swasta,2,1,0,1,2,0,6
2017,PROV. KALIMANTAN TENGAH,62,KAB. KOTAWARINGIN TIMUR,6202,Negeri,6,6,1,3,4,16,36
2017,PROV. KALIMANTAN TENGAH,62,KAB. KOTAWARINGIN TIMUR,6202,Swasta,4,0,2,1,0,1,8
2017,PROV. KALIMANTAN TENGAH,62,KAB. KAPUAS,6203,Swasta,1,0,0,0,0,1,2
2017,PROV. KALIMANTAN TENGAH,62,KAB. KAPUAS,6203,Negeri,5,8,6,6,10,28,63
2017,PROV. KALIMANTAN TENGAH,62,KAB. BARITO SELATAN,6204,Swasta,0,0,0,0,0,0,0
2017,PROV. KALIMANTAN TENGAH,62,KAB. BARITO SELATAN,6204,Negeri,2,1,1,1,1,2,8
2017,PROV. KALIMANTAN TENGAH,62,KAB. BARITO UTARA,6205,Negeri,1,1,0,2,3,5,12
2017,PROV. KALIMANTAN TENGAH,62,KAB. BARITO UTARA,6205,Swasta,0,0,0,0,0,1,1
2017,PROV. KALIMANTAN TENGAH,62,KAB. KATINGAN,6206,Swasta,0,0,0,0,0,1,1
2017,PROV. KALIMANTAN TENGAH,62,KAB. KATINGAN,6206,Negeri,32,5,1,0,1,4,43
2017,PROV. KALIMANTAN TENGAH,62,KAB. SERUYAN,6207,Negeri,2,2,0,5,2,3,14
2017,PROV. KALIMANTAN TENGAH,62,KAB. SERUYAN,6207,Swasta,0,4,2,0,3,0,9
2017,PROV. KALIMANTAN TENGAH,62,KAB. SUKAMARA,6208,Swasta,1,0,0,0,0,0,1
2017,PROV. KALIMANTAN TENGAH,62,KAB. SUKAMARA,6208,Negeri,0,0,1,0,0,8,9
2017,PROV. KALIMANTAN TENGAH,62,KAB. LAMANDAU,6209,Swasta,0,0,0,1,0,0,1
2017,PROV. KALIMANTAN TENGAH,62,KAB. LAMANDAU,6209,Negeri,0,0,0,2,1,3,6
2017,PROV. KALIMANTAN TENGAH,62,KAB. GUNUNG MAS,6210,Swasta,0,0,0,0,0,0,0
2017,PROV. KALIMANTAN TENGAH,62,KAB. GUNUNG MAS,6210,Negeri,2,8,0,0,5,8,23
2017,PROV. KALIMANTAN TENGAH,62,KAB. PULANG PISAU,6211,Swasta,0,0,0,0,0,0,0
2017,PROV. KALIMANTAN TENGAH,62,KAB. PULANG PISAU,6211,Negeri,0,5,2,2,2,5,16
2017,PROV. KALIMANTAN TENGAH,62,KAB. MURUNG RAYA,6212,Swasta,0,0,0,0,0,0,0
2017,PROV. KALIMANTAN TENGAH,62,KAB. MURUNG RAYA,6212,Negeri,5,3,7,0,10,19,44
2017,PROV. KALIMANTAN TENGAH,62,KAB. BARITO TIMUR,6213,Swasta,0,0,0,0,0,0,0
2017,PROV. KALIMANTAN TENGAH,62,KAB. BARITO TIMUR,6213,Negeri,0,4,2,0,2,3,11
2017,PROV. KALIMANTAN TENGAH,62,KOTA PALANGKA RAYA,6271,Swasta,5,0,1,1,0,0,7
2017,PROV. KALIMANTAN TENGAH,62,KOTA PALANGKA RAYA,6271,Negeri,0,2,2,1,1,13,19
2017,PROV. KALIMANTAN SELATAN,63,KAB. TANAH LAUT,6301,Negeri,8,8,10,1,9,6,42
2017,PROV. KALIMANTAN SELATAN,63,KAB. TANAH LAUT,6301,Swasta,0,0,0,0,0,0,0
2017,PROV. KALIMANTAN SELATAN,63,KAB. KOTABARU,6302,Swasta,1,0,0,2,1,1,5
2017,PROV. KALIMANTAN SELATAN,63,KAB. KOTABARU,6302,Negeri,5,3,5,5,5,2,25
2017,PROV. KALIMANTAN SELATAN,63,KAB. BANJAR,6303,Swasta,0,0,0,0,0,0,0
2017,PROV. KALIMANTAN SELATAN,63,KAB. BANJAR,6303,Negeri,12,13,10,19,36,33,123
2017,PROV. KALIMANTAN SELATAN,63,KAB. BARITO KUALA,6304,Negeri,1,3,4,2,1,5,16
2017,PROV. KALIMANTAN SELATAN,63,KAB. BARITO KUALA,6304,Swasta,0,0,0,0,0,0,0
2017,PROV. KALIMANTAN SELATAN,63,KAB. TAPIN,6305,Swasta,0,0,0,0,0,0,0
2017,PROV. KALIMANTAN SELATAN,63,KAB. TAPIN,6305,Negeri,10,2,3,3,4,2,24
2017,PROV. KALIMANTAN SELATAN,63,KAB. HULU SUNGAI SELATAN,6306,Swasta,0,2,0,0,0,0,2
2017,PROV. KALIMANTAN SELATAN,63,KAB. HULU SUNGAI SELATAN,6306,Negeri,3,2,9,2,5,3,24
2017,PROV. KALIMANTAN SELATAN,63,KAB. HULU SUNGAI TENGAH,6307,Swasta,1,0,0,0,0,0,1
2017,PROV. KALIMANTAN SELATAN,63,KAB. HULU SUNGAI TENGAH,6307,Negeri,4,7,4,6,5,9,35
2017,PROV. KALIMANTAN SELATAN,63,KAB. HULU SUNGAI UTARA,6308,Negeri,2,1,2,1,5,1,12
2017,PROV. KALIMANTAN SELATAN,63,KAB. HULU SUNGAI UTARA,6308,Swasta,0,0,0,0,0,0,0
2017,PROV. KALIMANTAN SELATAN,63,KAB. TABALONG,6309,Swasta,0,0,0,1,0,0,1
2017,PROV. KALIMANTAN SELATAN,63,KAB. TABALONG,6309,Negeri,3,4,1,3,0,4,15
2017,PROV. KALIMANTAN SELATAN,63,KAB. TANAH BUMBU,6310,Swasta,2,0,0,0,0,1,3
2017,PROV. KALIMANTAN SELATAN,63,KAB. TANAH BUMBU,6310,Negeri,8,11,4,3,7,9,42
2017,PROV. KALIMANTAN SELATAN,63,KAB. BALANGAN,6311,Negeri,1,0,0,1,0,0,2
2017,PROV. KALIMANTAN SELATAN,63,KAB. BALANGAN,6311,Swasta,0,0,0,0,0,0,0
2017,PROV. KALIMANTAN SELATAN,63,KOTA BANJARMASIN,6371,Negeri,13,12,9,9,7,7,57
2017,PROV. KALIMANTAN SELATAN,63,KOTA BANJARMASIN,6371,Swasta,1,2,0,3,4,2,12
2017,PROV. KALIMANTAN SELATAN,63,KOTA BANJARBARU,6372,Swasta,0,0,0,0,0,0,0
2017,PROV. KALIMANTAN SELATAN,63,KOTA BANJARBARU,6372,Negeri,5,8,2,4,2,2,23
2017,PROV. KALIMANTAN TIMUR,64,KAB. PASER,6401,Swasta,0,0,0,0,0,0,0
2017,PROV. KALIMANTAN TIMUR,64,KAB. PASER,6401,Negeri,2,5,3,3,6,18,37
2017,PROV. KALIMANTAN TIMUR,64,KAB. KUTAI KARTANEGARA,6402,Swasta,7,1,1,2,2,0,13
2017,PROV. KALIMANTAN TIMUR,64,KAB. KUTAI KARTANEGARA,6402,Negeri,15,17,11,16,26,31,116
2017,PROV. KALIMANTAN TIMUR,64,KAB. BERAU,6403,Swasta,0,0,1,1,0,0,2
2017,PROV. KALIMANTAN TIMUR,64,KAB. BERAU,6403,Negeri,4,6,2,2,4,18,36
2017,PROV. KALIMANTAN TIMUR,64,KAB. KUTAI BARAT,6407,Swasta,5,0,2,0,0,0,7
2017,PROV. KALIMANTAN TIMUR,64,KAB. KUTAI BARAT,6407,Negeri,7,1,1,3,3,2,17
2017,PROV. KALIMANTAN TIMUR,64,KAB. KUTAI TIMUR,6408,Negeri,4,4,3,8,2,24,45
2017,PROV. KALIMANTAN TIMUR,64,KAB. KUTAI TIMUR,6408,Swasta,0,0,1,0,0,0,1
2017,PROV. KALIMANTAN TIMUR,64,KAB. PENAJAM PASER UTARA,6409,Negeri,13,3,6,6,4,10,42
2017,PROV. KALIMANTAN TIMUR,64,KAB. PENAJAM PASER UTARA,6409,Swasta,0,0,0,0,0,0,0
2017,PROV. KALIMANTAN TIMUR,64,KAB. MAHAKAM ULU,6411,Negeri,0,1,0,1,0,0,2
2017,PROV. KALIMANTAN TIMUR,64,KAB. MAHAKAM ULU,6411,Swasta,0,0,0,0,0,0,0
2017,PROV. KALIMANTAN TIMUR,64,KOTA BALIKPAPAN,6471,Swasta,1,7,4,6,1,9,28
2017,PROV. KALIMANTAN TIMUR,64,KOTA BALIKPAPAN,6471,Negeri,5,1,2,2,1,9,20
2017,PROV. KALIMANTAN TIMUR,64,KOTA SAMARINDA,6472,Negeri,7,6,2,10,4,26,55
2017,PROV. KALIMANTAN TIMUR,64,KOTA SAMARINDA,6472,Swasta,1,0,0,1,0,1,3
2017,PROV. KALIMANTAN TIMUR,64,KOTA BONTANG,6474,Negeri,1,0,0,0,0,4,5
2017,PROV. KALIMANTAN TIMUR,64,KOTA BONTANG,6474,Swasta,0,0,0,0,0,3,3
2017,PROV. KALIMANTAN UTARA,65,KAB. BULUNGAN,6501,Swasta,1,0,0,0,0,0,1
2017,PROV. KALIMANTAN UTARA,65,KAB. BULUNGAN,6501,Negeri,8,4,4,8,9,9,42
2017,PROV. KALIMANTAN UTARA,65,KAB. MALINAU,6502,Swasta,0,0,0,0,0,0,0
2017,PROV. KALIMANTAN UTARA,65,KAB. MALINAU,6502,Negeri,0,0,1,1,0,14,16
2017,PROV. KALIMANTAN UTARA,65,KAB. NUNUKAN,6503,Swasta,1,0,0,0,0,2,3
2017,PROV. KALIMANTAN UTARA,65,KAB. NUNUKAN,6503,Negeri,2,4,4,4,0,24,38
2017,PROV. KALIMANTAN UTARA,65,KAB. TANA TIDUNG,6504,Swasta,0,0,0,0,0,0,0
2017,PROV. KALIMANTAN UTARA,65,KAB. TANA TIDUNG,6504,Negeri,1,1,0,0,1,1,4
2017,PROV. KALIMANTAN UTARA,65,KOTA TARAKAN,6571,Swasta,0,0,0,1,0,0,1
2017,PROV. KALIMANTAN UTARA,65,KOTA TARAKAN,6571,Negeri,9,4,1,0,5,5,24
2017,PROV. SULAWESI UTARA,71,KAB. BOLAANG MONGONDOW,7101,Negeri,0,1,2,0,1,5,9
2017,PROV. SULAWESI UTARA,71,KAB. BOLAANG MONGONDOW,7101,Swasta,0,0,0,0,0,0,0
2017,PROV. SULAWESI UTARA,71,KAB. MINAHASA,7102,Swasta,0,0,2,1,0,1,4
2017,PROV. SULAWESI UTARA,71,KAB. MINAHASA,7102,Negeri,0,1,0,0,1,0,2
2017,PROV. SULAWESI UTARA,71,KAB. KEPULAUAN SANGIHE,7103,Swasta,0,2,0,4,2,5,13
2017,PROV. SULAWESI UTARA,71,KAB. KEPULAUAN SANGIHE,7103,Negeri,0,0,1,0,1,5,7
2017,PROV. SULAWESI UTARA,71,KAB. KEPULAUAN TALAUD,7104,Swasta,0,0,0,0,0,0,0
2017,PROV. SULAWESI UTARA,71,KAB. KEPULAUAN TALAUD,7104,Negeri,0,0,0,1,0,0,1
2017,PROV. SULAWESI UTARA,71,KAB. MINAHASA SELATAN,7105,Swasta,0,0,0,0,0,0,0
2017,PROV. SULAWESI UTARA,71,KAB. MINAHASA SELATAN,7105,Negeri,0,0,0,0,0,0,0
2017,PROV. SULAWESI UTARA,71,KAB. MINAHASA UTARA,7106,Negeri,5,0,2,1,2,0,10
2017,PROV. SULAWESI UTARA,71,KAB. MINAHASA UTARA,7106,Swasta,0,0,1,0,0,0,1
2017,PROV. SULAWESI UTARA,71,KAB. MINAHASA TENGGARA,7107,Negeri,2,0,0,0,0,2,4
2017,PROV. SULAWESI UTARA,71,KAB. MINAHASA TENGGARA,7107,Swasta,0,0,1,0,0,1,2
2017,PROV. SULAWESI UTARA,71,KAB. BOLAANG MONGONDOW UTARA,7108,Swasta,0,0,0,0,0,0,0
2017,PROV. SULAWESI UTARA,71,KAB. BOLAANG MONGONDOW UTARA,7108,Negeri,0,1,0,1,1,4,7
2017,PROV. SULAWESI UTARA,71,KAB. KEP. SIAU TAGULANDANG BIARO,7109,Swasta,0,2,0,0,2,1,5
2017,PROV. SULAWESI UTARA,71,KAB. KEP. SIAU TAGULANDANG BIARO,7109,Negeri,0,1,0,0,0,0,1
2017,PROV. SULAWESI UTARA,71,KAB. BOLAANG MONGONDOW TIMUR,7110,Negeri,0,1,0,0,0,1,2
2017,PROV. SULAWESI UTARA,71,KAB. BOLAANG MONGONDOW TIMUR,7110,Swasta,0,0,0,0,0,1,1
2017,PROV. SULAWESI UTARA,71,KAB. BOLAANG MONGONDOW SELATAN,7111,Negeri,1,0,0,2,2,3,8
2017,PROV. SULAWESI UTARA,71,KAB. BOLAANG MONGONDOW SELATAN,7111,Swasta,0,0,0,0,0,1,1
2017,PROV. SULAWESI UTARA,71,KOTA MANADO,7171,Negeri,2,4,1,10,2,2,21
2017,PROV. SULAWESI UTARA,71,KOTA MANADO,7171,Swasta,1,3,5,4,1,5,19
2017,PROV. SULAWESI UTARA,71,KOTA BITUNG,7172,Swasta,0,0,0,0,0,0,0
2017,PROV. SULAWESI UTARA,71,KOTA BITUNG,7172,Negeri,2,4,0,1,1,1,9
2017,PROV. SULAWESI UTARA,71,KOTA TOMOHON,7173,Negeri,0,0,0,0,0,1,1
2017,PROV. SULAWESI UTARA,71,KOTA TOMOHON,7173,Swasta,0,0,0,0,0,1,1
2017,PROV. SULAWESI UTARA,71,KOTA KOTAMOBAGU,7174,Negeri,1,4,1,2,0,4,12
2017,PROV. SULAWESI UTARA,71,KOTA KOTAMOBAGU,7174,Swasta,0,1,1,1,0,1,4
2017,PROV. SULAWESI TENGAH,72,KAB. BANGGAI,7201,Negeri,5,1,1,2,5,6,20
2017,PROV. SULAWESI TENGAH,72,KAB. BANGGAI,7201,Swasta,3,0,1,1,0,2,7
2017,PROV. SULAWESI TENGAH,72,KAB. POSO,7202,Swasta,0,1,0,0,0,0,1
2017,PROV. SULAWESI TENGAH,72,KAB. POSO,7202,Negeri,3,1,0,3,3,13,23
2017,PROV. SULAWESI TENGAH,72,KAB. DONGGALA,7203,Negeri,4,12,9,6,11,14,56
2017,PROV. SULAWESI TENGAH,72,KAB. DONGGALA,7203,Swasta,0,0,0,0,0,6,6
2017,PROV. SULAWESI TENGAH,72,KAB. TOLITOLI,7204,Swasta,0,0,0,0,0,0,0
2017,PROV. SULAWESI TENGAH,72,KAB. TOLITOLI,7204,Negeri,5,11,12,17,14,34,93
2017,PROV. SULAWESI TENGAH,72,KAB. BUOL,7205,Swasta,0,0,0,0,0,1,1
2017,PROV. SULAWESI TENGAH,72,KAB. BUOL,7205,Negeri,3,5,1,18,25,25,77
2017,PROV. SULAWESI TENGAH,72,KAB. MOROWALI,7206,Negeri,2,0,1,1,0,5,9
2017,PROV. SULAWESI TENGAH,72,KAB. MOROWALI,7206,Swasta,0,0,0,0,0,0,0
2017,PROV. SULAWESI TENGAH,72,KAB. BANGGAI KEPULAUAN,7207,Negeri,2,2,1,1,3,0,9
2017,PROV. SULAWESI TENGAH,72,KAB. BANGGAI KEPULAUAN,7207,Swasta,0,0,0,0,0,0,0
2017,PROV. SULAWESI TENGAH,72,KAB. PARIGI MOUTONG,7208,Swasta,1,0,0,0,0,0,1
2017,PROV. SULAWESI TENGAH,72,KAB. PARIGI MOUTONG,7208,Negeri,6,4,17,21,25,24,97
2017,PROV. SULAWESI TENGAH,72,KAB. TOJO UNA UNA,7209,Negeri,5,2,8,9,4,22,50
2017,PROV. SULAWESI TENGAH,72,KAB. TOJO UNA UNA,7209,Swasta,0,0,0,0,0,0,0
2017,PROV. SULAWESI TENGAH,72,KAB. SIGI,7210,Negeri,2,3,2,1,3,9,20
2017,PROV. SULAWESI TENGAH,72,KAB. SIGI,7210,Swasta,0,0,0,4,0,1,5
2017,PROV. SULAWESI TENGAH,72,KAB. BANGGAI LAUT,7211,Swasta,0,0,0,0,0,1,1
2017,PROV. SULAWESI TENGAH,72,KAB. BANGGAI LAUT,7211,Negeri,0,1,10,0,1,1,13
2017,PROV. SULAWESI TENGAH,72,KAB. MOROWALI UTARA,7212,Swasta,0,0,1,0,0,0,1
2017,PROV. SULAWESI TENGAH,72,KAB. MOROWALI UTARA,7212,Negeri,1,9,2,3,3,6,24
2017,PROV. SULAWESI TENGAH,72,KOTA PALU,7271,Negeri,2,3,4,14,14,12,49
2017,PROV. SULAWESI TENGAH,72,KOTA PALU,7271,Swasta,1,2,1,3,2,2,11
2017,PROV. SULAWESI SELATAN,73,KAB. KEPULAUAN SELAYAR,7301,Negeri,9,10,5,8,8,2,42
2017,PROV. SULAWESI SELATAN,73,KAB. KEPULAUAN SELAYAR,7301,Swasta,0,0,0,0,0,0,0
2017,PROV. SULAWESI SELATAN,73,KAB. BULUKUMBA,7302,Swasta,0,0,0,0,0,0,0
2017,PROV. SULAWESI SELATAN,73,KAB. BULUKUMBA,7302,Negeri,20,18,22,18,20,54,152
2017,PROV. SULAWESI SELATAN,73,KAB. BANTAENG,7303,Swasta,0,0,0,0,0,0,0
2017,PROV. SULAWESI SELATAN,73,KAB. BANTAENG,7303,Negeri,10,4,5,8,11,13,51
2017,PROV. SULAWESI SELATAN,73,KAB. JENEPONTO,7304,Negeri,22,13,19,23,33,40,150
2017,PROV. SULAWESI SELATAN,73,KAB. JENEPONTO,7304,Swasta,0,0,0,0,0,0,0
2017,PROV. SULAWESI SELATAN,73,KAB. TAKALAR,7305,Negeri,19,8,4,8,9,17,65
2017,PROV. SULAWESI SELATAN,73,KAB. TAKALAR,7305,Swasta,1,0,0,0,0,0,1
2017,PROV. SULAWESI SELATAN,73,KAB. GOWA,7306,Negeri,13,12,7,9,5,46,92
2017,PROV. SULAWESI SELATAN,73,KAB. GOWA,7306,Swasta,0,1,1,0,2,1,5
2017,PROV. SULAWESI SELATAN,73,KAB. SINJAI,7307,Swasta,0,0,0,0,0,1,1
2017,PROV. SULAWESI SELATAN,73,KAB. SINJAI,7307,Negeri,3,5,5,2,3,23,41
2017,PROV. SULAWESI SELATAN,73,KAB. BONE,7308,Swasta,0,0,0,0,0,0,0
2017,PROV. SULAWESI SELATAN,73,KAB. BONE,7308,Negeri,9,17,15,28,23,31,123
2017,PROV. SULAWESI SELATAN,73,KAB. MAROS,7309,Negeri,4,4,1,3,7,13,32
2017,PROV. SULAWESI SELATAN,73,KAB. MAROS,7309,Swasta,0,1,0,1,2,0,4
2017,PROV. SULAWESI SELATAN,73,KAB. PANGKAJENE DAN KEPULAUAN,7310,Swasta,1,0,0,0,0,0,1
2017,PROV. SULAWESI SELATAN,73,KAB. PANGKAJENE DAN KEPULAUAN,7310,Negeri,9,2,2,6,5,9,33
2017,PROV. SULAWESI SELATAN,73,KAB. BARRU,7311,Negeri,3,1,3,1,6,2,16
2017,PROV. SULAWESI SELATAN,73,KAB. BARRU,7311,Swasta,0,0,0,0,0,0,0
2017,PROV. SULAWESI SELATAN,73,KAB. SOPPENG,7312,Swasta,0,0,0,0,0,0,0
2017,PROV. SULAWESI SELATAN,73,KAB. SOPPENG,7312,Negeri,5,2,4,2,6,9,28
2017,PROV. SULAWESI SELATAN,73,KAB. WAJO,7313,Negeri,10,6,12,5,12,11,56
2017,PROV. SULAWESI SELATAN,73,KAB. WAJO,7313,Swasta,0,0,0,1,0,0,1
2017,PROV. SULAWESI SELATAN,73,KAB. SIDENRENG RAPPANG,7314,Swasta,0,0,0,0,0,0,0
2017,PROV. SULAWESI SELATAN,73,KAB. SIDENRENG RAPPANG,7314,Negeri,7,10,10,18,15,9,69
2017,PROV. SULAWESI SELATAN,73,KAB. PINRANG,7315,Negeri,8,5,5,6,4,10,38
2017,PROV. SULAWESI SELATAN,73,KAB. PINRANG,7315,Swasta,0,0,0,0,0,0,0
2017,PROV. SULAWESI SELATAN,73,KAB. ENREKANG,7316,Swasta,0,0,0,0,0,0,0
2017,PROV. SULAWESI SELATAN,73,KAB. ENREKANG,7316,Negeri,1,0,0,0,1,1,3
2017,PROV. SULAWESI SELATAN,73,KAB. LUWU,7317,Swasta,2,0,0,0,5,8,15
2017,PROV. SULAWESI SELATAN,73,KAB. LUWU,7317,Negeri,4,5,2,6,5,24,46
2017,PROV. SULAWESI SELATAN,73,KAB. TANA TORAJA,7318,Negeri,8,2,2,1,2,10,25
2017,PROV. SULAWESI SELATAN,73,KAB. TANA TORAJA,7318,Swasta,0,0,0,0,0,0,0
2017,PROV. SULAWESI SELATAN,73,KAB. LUWU UTARA,7322,Negeri,9,4,2,4,3,10,32
2017,PROV. SULAWESI SELATAN,73,KAB. LUWU UTARA,7322,Swasta,0,0,0,0,0,0,0
2017,PROV. SULAWESI SELATAN,73,KAB. LUWU TIMUR,7324,Negeri,3,5,2,3,0,10,23
2017,PROV. SULAWESI SELATAN,73,KAB. LUWU TIMUR,7324,Swasta,0,0,0,0,0,2,2
2017,PROV. SULAWESI SELATAN,73,KAB. TORAJA UTARA,7326,Negeri,18,2,3,8,3,4,38
2017,PROV. SULAWESI SELATAN,73,KAB. TORAJA UTARA,7326,Swasta,3,0,0,0,0,0,3
2017,PROV. SULAWESI SELATAN,73,KOTA MAKASSAR,7371,Negeri,22,23,14,21,26,55,161
2017,PROV. SULAWESI SELATAN,73,KOTA MAKASSAR,7371,Swasta,5,18,12,13,13,24,85
2017,PROV. SULAWESI SELATAN,73,KOTA PAREPARE,7372,Negeri,2,0,2,1,1,6,12
2017,PROV. SULAWESI SELATAN,73,KOTA PAREPARE,7372,Swasta,0,0,0,0,0,0,0
2017,PROV. SULAWESI SELATAN,73,KOTA PALOPO,7373,Swasta,0,0,0,0,0,0,0
2017,PROV. SULAWESI SELATAN,73,KOTA PALOPO,7373,Negeri,0,4,3,7,3,1,18
2017,PROV. SULAWESI TENGGARA,74,KAB. KOLAKA,7401,Swasta,0,0,0,0,0,0,0
2017,PROV. SULAWESI TENGGARA,74,KAB. KOLAKA,7401,Negeri,8,4,5,3,6,22,48
2017,PROV. SULAWESI TENGGARA,74,KAB. KONAWE,7402,Swasta,0,0,0,0,0,0,0
2017,PROV. SULAWESI TENGGARA,74,KAB. KONAWE,7402,Negeri,3,3,2,6,11,18,43
2017,PROV. SULAWESI TENGGARA,74,KAB. MUNA,7403,Negeri,2,1,1,4,0,4,12
2017,PROV. SULAWESI TENGGARA,74,KAB. MUNA,7403,Swasta,0,0,0,0,0,0,0
2017,PROV. SULAWESI TENGGARA,74,KAB. BUTON,7404,Swasta,0,0,0,0,0,0,0
2017,PROV. SULAWESI TENGGARA,74,KAB. BUTON,7404,Negeri,6,0,1,4,3,4,18
2017,PROV. SULAWESI TENGGARA,74,KAB. KONAWE SELATAN,7405,Swasta,0,0,0,0,0,0,0
2017,PROV. SULAWESI TENGGARA,74,KAB. KONAWE SELATAN,7405,Negeri,19,10,7,7,11,20,74
2017,PROV. SULAWESI TENGGARA,74,KAB. BOMBANA,7406,Negeri,3,8,4,2,8,22,47
2017,PROV. SULAWESI TENGGARA,74,KAB. BOMBANA,7406,Swasta,1,0,0,0,0,1,2
2017,PROV. SULAWESI TENGGARA,74,KAB. WAKATOBI,7407,Swasta,0,0,0,0,0,0,0
2017,PROV. SULAWESI TENGGARA,74,KAB. WAKATOBI,7407,Negeri,1,1,1,3,3,4,13
2017,PROV. SULAWESI TENGGARA,74,KAB. KOLAKA UTARA,7408,Negeri,6,5,7,10,8,18,54
2017,PROV. SULAWESI TENGGARA,74,KAB. KOLAKA UTARA,7408,Swasta,0,0,0,0,0,0,0
2017,PROV. SULAWESI TENGGARA,74,KAB. KONAWE UTARA,7409,Swasta,0,0,0,0,0,0,0
2017,PROV. SULAWESI TENGGARA,74,KAB. KONAWE UTARA,7409,Negeri,1,0,2,2,3,6,14
2017,PROV. SULAWESI TENGGARA,74,KAB. BUTON UTARA,7410,Negeri,27,1,0,0,0,2,30
2017,PROV. SULAWESI TENGGARA,74,KAB. BUTON UTARA,7410,Swasta,0,0,0,0,0,0,0
2017,PROV. SULAWESI TENGGARA,74,KAB. KOLAKA TIMUR,7411,Negeri,3,2,9,4,7,9,34
2017,PROV. SULAWESI TENGGARA,74,KAB. KOLAKA TIMUR,7411,Swasta,0,0,0,0,0,0,0
2017,PROV. SULAWESI TENGGARA,74,KAB. KONAWE KEPULAUAN,7412,Negeri,0,3,1,0,0,2,6
2017,PROV. SULAWESI TENGGARA,74,KAB. KONAWE KEPULAUAN,7412,Swasta,0,0,0,0,0,0,0
2017,PROV. SULAWESI TENGGARA,74,KAB. MUNA BARAT,7413,Swasta,0,0,0,0,0,0,0
2017,PROV. SULAWESI TENGGARA,74,KAB. MUNA BARAT,7413,Negeri,2,3,0,1,0,1,7
2017,PROV. SULAWESI TENGGARA,74,KAB. BUTON TENGAH,7414,Negeri,6,1,1,13,6,8,35
2017,PROV. SULAWESI TENGGARA,74,KAB. BUTON TENGAH,7414,Swasta,0,0,0,0,0,0,0
2017,PROV. SULAWESI TENGGARA,74,KAB. BUTON SELATAN,7415,Negeri,4,3,3,2,7,1,20
2017,PROV. SULAWESI TENGGARA,74,KAB. BUTON SELATAN,7415,Swasta,0,0,0,0,0,0,0
2017,PROV. SULAWESI TENGGARA,74,KOTA KENDARI,7471,Negeri,3,2,3,3,4,10,25
2017,PROV. SULAWESI TENGGARA,74,KOTA KENDARI,7471,Swasta,0,0,0,0,0,0,0
2017,PROV. SULAWESI TENGGARA,74,KOTA BAU BAU,7472,Swasta,0,0,0,0,0,2,2
2017,PROV. SULAWESI TENGGARA,74,KOTA BAU BAU,7472,Negeri,4,6,4,2,2,1,19
2017,PROV. GORONTALO,75,KAB. GORONTALO,7501,Swasta,1,1,0,0,0,0,2
2017,PROV. GORONTALO,75,KAB. GORONTALO,7501,Negeri,19,15,39,37,35,32,177
2017,PROV. GORONTALO,75,KAB. BOALEMO,7502,Negeri,4,5,5,11,11,10,46
2017,PROV. GORONTALO,75,KAB. BONE BOLANGO,7503,Negeri,4,1,1,4,3,3,16
2017,PROV. GORONTALO,75,KAB. BONE BOLANGO,7503,Swasta,0,0,0,0,0,0,0
2017,PROV. GORONTALO,75,KAB. POHUWATO,7504,Swasta,0,0,0,0,0,0,0
2017,PROV. GORONTALO,75,KAB. POHUWATO,7504,Negeri,6,3,2,5,4,4,24
2017,PROV. GORONTALO,75,KAB. GORONTALO UTARA,7505,Swasta,0,0,0,0,0,0,0
2017,PROV. GORONTALO,75,KAB. GORONTALO UTARA,7505,Negeri,9,2,1,8,4,4,28
2017,PROV. GORONTALO,75,KOTA GORONTALO,7571,Swasta,0,1,1,1,0,0,3
2017,PROV. GORONTALO,75,KOTA GORONTALO,7571,Negeri,3,1,1,3,7,2,17
2017,PROV. SULAWESI BARAT,76,KAB. PASANGKAYU,7601,Swasta,0,0,0,0,0,0,0
2017,PROV. SULAWESI BARAT,76,KAB. PASANGKAYU,7601,Negeri,3,3,4,4,4,15,33
2017,PROV. SULAWESI BARAT,76,KAB. MAMUJU,7602,Swasta,0,0,0,0,0,0,0
2017,PROV. SULAWESI BARAT,76,KAB. MAMUJU,7602,Negeri,25,5,3,9,13,62,117
2017,PROV. SULAWESI BARAT,76,KAB. MAMASA,7603,Swasta,0,0,0,0,0,0,0
2017,PROV. SULAWESI BARAT,76,KAB. MAMASA,7603,Negeri,4,21,23,29,29,168,274
2017,PROV. SULAWESI BARAT,76,KAB. POLEWALI MANDAR,7604,Swasta,0,0,0,0,0,0,0
2017,PROV. SULAWESI BARAT,76,KAB. POLEWALI MANDAR,7604,Negeri,1,9,2,6,15,8,41
2017,PROV. SULAWESI BARAT,76,KAB. MAJENE,7605,Swasta,0,0,0,0,0,0,0
2017,PROV. SULAWESI BARAT,76,KAB. MAJENE,7605,Negeri,1,4,6,3,7,8,29
2017,PROV. SULAWESI BARAT,76,KAB. MAMUJU TENGAH,7606,Negeri,33,2,0,7,1,3,46
2017,PROV. SULAWESI BARAT,76,KAB. MAMUJU TENGAH,7606,Swasta,0,0,0,0,0,0,0
2017,PROV. MALUKU,81,KAB. MALUKU TENGAH,8101,Negeri,9,1,0,3,9,17,39
2017,PROV. MALUKU,81,KAB. MALUKU TENGAH,8101,Swasta,1,3,0,1,1,0,6
2017,PROV. MALUKU,81,KAB. MALUKU TENGGARA,8102,Negeri,0,0,0,0,1,2,3
2017,PROV. MALUKU,81,KAB. MALUKU TENGGARA,8102,Swasta,0,0,2,6,2,4,14
2017,PROV. MALUKU,81,KAB. KEPULAUAN TANIMBAR,8103,Swasta,1,2,2,0,2,3,10
2017,PROV. MALUKU,81,KAB. KEPULAUAN TANIMBAR,8103,Negeri,0,1,4,6,12,6,29
2017,PROV. MALUKU,81,KAB. BURU,8104,Swasta,0,0,0,1,2,2,5
2017,PROV. MALUKU,81,KAB. BURU,8104,Negeri,1,0,0,1,2,18,22
2017,PROV. MALUKU,81,KAB. SERAM BAGIAN TIMUR,8105,Swasta,0,0,0,0,0,21,21
2017,PROV. MALUKU,81,KAB. SERAM BAGIAN TIMUR,8105,Negeri,0,1,0,4,7,27,39
2017,PROV. MALUKU,81,KAB. SERAM BAGIAN BARAT,8106,Negeri,1,1,5,2,1,2,12
2017,PROV. MALUKU,81,KAB. SERAM BAGIAN BARAT,8106,Swasta,0,1,3,1,2,0,7
2017,PROV. MALUKU,81,KAB. KEPULAUAN ARU,8107,Negeri,0,0,0,0,2,0,2
2017,PROV. MALUKU,81,KAB. KEPULAUAN ARU,8107,Swasta,0,0,0,0,0,2,2
2017,PROV. MALUKU,81,KAB. MALUKU BARAT DAYA,8108,Negeri,0,0,0,0,0,0,0
2017,PROV. MALUKU,81,KAB. MALUKU BARAT DAYA,8108,Swasta,0,0,0,0,0,4,4
2017,PROV. MALUKU,81,KAB. BURU SELATAN,8109,Negeri,0,0,0,0,0,0,0
2017,PROV. MALUKU,81,KAB. BURU SELATAN,8109,Swasta,2,0,0,0,0,13,15
2017,PROV. MALUKU,81,KOTA AMBON,8171,Swasta,0,0,0,0,0,0,0
2017,PROV. MALUKU,81,KOTA AMBON,8171,Negeri,0,0,0,2,0,0,2
2017,PROV. MALUKU,81,KOTA TUAL,8172,Swasta,1,0,0,0,1,0,2
2017,PROV. MALUKU,81,KOTA TUAL,8172,Negeri,0,0,1,0,0,0,1
2017,PROV. MALUKU UTARA,82,KAB. HALMAHERA BARAT,8201,Negeri,1,1,2,2,0,1,7
2017,PROV. MALUKU UTARA,82,KAB. HALMAHERA BARAT,8201,Swasta,0,0,0,0,1,0,1
2017,PROV. MALUKU UTARA,82,KAB. HALMAHERA TENGAH,8202,Swasta,0,0,0,0,0,0,0
2017,PROV. MALUKU UTARA,82,KAB. HALMAHERA TENGAH,8202,Negeri,0,0,2,4,4,1,11
2017,PROV. MALUKU UTARA,82,KAB. HALMAHERA UTARA,8203,Negeri,1,0,0,0,0,0,1
2017,PROV. MALUKU UTARA,82,KAB. HALMAHERA UTARA,8203,Swasta,1,1,0,5,0,8,15
2017,PROV. MALUKU UTARA,82,KAB. HALMAHERA SELATAN,8204,Swasta,0,0,0,1,0,0,1
2017,PROV. MALUKU UTARA,82,KAB. HALMAHERA SELATAN,8204,Negeri,2,2,3,2,6,10,25
2017,PROV. MALUKU UTARA,82,KAB. KEPULAUAN SULA,8205,Swasta,0,0,0,0,0,0,0
2017,PROV. MALUKU UTARA,82,KAB. KEPULAUAN SULA,8205,Negeri,2,7,2,0,0,5,16
2017,PROV. MALUKU UTARA,82,KAB. HALMAHERA TIMUR,8206,Swasta,0,0,0,0,0,0,0
2017,PROV. MALUKU UTARA,82,KAB. HALMAHERA TIMUR,8206,Negeri,0,2,4,6,7,16,35
2017,PROV. MALUKU UTARA,82,KAB. PULAU MOROTAI,8207,Negeri,1,2,1,0,1,5,10
2017,PROV. MALUKU UTARA,82,KAB. PULAU MOROTAI,8207,Swasta,1,2,0,0,0,2,5
2017,PROV. MALUKU UTARA,82,KAB. PULAU TALIABU,8208,Swasta,0,0,0,0,0,0,0
2017,PROV. MALUKU UTARA,82,KAB. PULAU TALIABU,8208,Negeri,0,12,1,7,3,19,42
2017,PROV. MALUKU UTARA,82,KOTA TERNATE,8271,Negeri,0,0,0,0,1,5,6
2017,PROV. MALUKU UTARA,82,KOTA TERNATE,8271,Swasta,0,1,1,3,1,3,9
2017,PROV. MALUKU UTARA,82,KOTA TIDORE KEPULAUAN,8272,Swasta,0,0,2,1,1,0,4
2017,PROV. MALUKU UTARA,82,KOTA TIDORE KEPULAUAN,8272,Negeri,1,2,4,6,3,5,21
2017,PROV. PAPUA,91,KAB. JAYAPURA,9103,Swasta,1,4,5,1,6,5,22
2017,PROV. PAPUA,91,KAB. JAYAPURA,9103,Negeri,1,6,8,10,7,15,47
2017,PROV. PAPUA,91,KAB. KEPULAUAN YAPEN,9105,Swasta,3,6,10,4,20,22,65
2017,PROV. PAPUA,91,KAB. KEPULAUAN YAPEN,9105,Negeri,0,0,0,1,0,2,3
2017,PROV. PAPUA,91,KAB. BIAK NUMFOR,9106,Swasta,0,0,0,0,0,0,0
2017,PROV. PAPUA,91,KAB. BIAK NUMFOR,9106,Negeri,0,0,4,6,4,2,16
2017,PROV. PAPUA,91,KAB. SARMI,9110,Negeri,4,5,2,1,15,15,42
2017,PROV. PAPUA,91,KAB. SARMI,9110,Swasta,0,1,0,0,0,0,1
2017,PROV. PAPUA,91,KAB. KEEROM,9111,Negeri,1,3,4,6,10,16,40
2017,PROV. PAPUA,91,KAB. KEEROM,9111,Swasta,0,0,0,0,0,0,0
2017,PROV. PAPUA,91,KAB. WAROPEN,9115,Swasta,1,0,0,2,1,8,12
2017,PROV. PAPUA,91,KAB. WAROPEN,9115,Negeri,0,0,0,0,0,0,0
2017,PROV. PAPUA,91,KAB. SUPIORI,9119,Swasta,0,0,0,0,0,1,1
2017,PROV. PAPUA,91,KAB. SUPIORI,9119,Negeri,0,0,1,0,0,1,2
2017,PROV. PAPUA,91,KAB. MAMBERAMO RAYA,9120,Negeri,14,23,23,50,41,58,209
2017,PROV. PAPUA,91,KAB. MAMBERAMO RAYA,9120,Swasta,38,25,29,32,40,49,213
2017,PROV. PAPUA,91,KOTA JAYAPURA,9171,Negeri,2,0,1,3,1,45,52
2017,PROV. PAPUA,91,KOTA JAYAPURA,9171,Swasta,1,0,2,1,2,12,18
2017,PROV. PAPUA BARAT,92,KAB. MANOKWARI,9202,Negeri,0,6,0,3,3,20,32
2017,PROV. PAPUA BARAT,92,KAB. MANOKWARI,9202,Swasta,0,2,4,5,2,2,15
2017,PROV. PAPUA BARAT,92,KAB. FAK FAK,9203,Swasta,1,0,0,0,0,0,1
2017,PROV. PAPUA BARAT,92,KAB. FAK FAK,9203,Negeri,1,1,0,1,1,2,6
2017,PROV. PAPUA BARAT,92,KAB. TELUK BINTUNI,9206,Negeri,7,1,0,2,2,0,12
2017,PROV. PAPUA BARAT,92,KAB. TELUK BINTUNI,9206,Swasta,0,0,0,0,1,1,2
2017,PROV. PAPUA BARAT,92,KAB. TELUK WONDAMA,9207,Negeri,0,3,1,1,3,3,11
2017,PROV. PAPUA BARAT,92,KAB. TELUK WONDAMA,9207,Swasta,1,0,1,0,0,2,4
2017,PROV. PAPUA BARAT,92,KAB. KAIMANA,9208,Swasta,0,1,1,0,0,0,2
2017,PROV. PAPUA BARAT,92,KAB. KAIMANA,9208,Negeri,0,0,0,1,2,0,3
2017,PROV. PAPUA BARAT,92,KAB. MANOKWARI SELATAN,9211,Negeri,4,0,0,0,1,0,5
2017,PROV. PAPUA BARAT,92,KAB. MANOKWARI SELATAN,9211,Swasta,0,0,0,0,0,0,0
2017,PROV. PAPUA BARAT,92,KAB. PEGUNUNGAN ARFAK,9212,Negeri,0,0,16,0,1,0,17
2017,PROV. PAPUA BARAT,92,KAB. PEGUNUNGAN ARFAK,9212,Swasta,0,0,0,0,0,0,0
2018,PROV. ACEH,11,KAB. ACEH SELATAN,1101,Negeri,30,7,4,3,3,9,56
2018,PROV. ACEH,11,KAB. ACEH SELATAN,1101,Swasta,0,0,0,0,0,0,0
2018,PROV. ACEH,11,KAB. ACEH TENGGARA,1102,Swasta,3,1,0,3,17,19,43
2018,PROV. ACEH,11,KAB. ACEH TENGGARA,1102,Negeri,28,4,0,3,3,11,49
2018,PROV. ACEH,11,KAB. ACEH TIMUR,1103,Swasta,0,0,0,0,0,0,0
2018,PROV. ACEH,11,KAB. ACEH TIMUR,1103,Negeri,47,9,5,11,25,58,155
2018,PROV. ACEH,11,KAB. ACEH TENGAH,1104,Negeri,35,4,2,0,2,17,60
2018,PROV. ACEH,11,KAB. ACEH TENGAH,1104,Swasta,0,1,0,0,1,0,2
2018,PROV. ACEH,11,KAB. ACEH BARAT,1105,Negeri,22,10,3,5,3,17,60
2018,PROV. ACEH,11,KAB. ACEH BARAT,1105,Swasta,1,0,0,0,1,0,2
2018,PROV. ACEH,11,KAB. ACEH BESAR,1106,Swasta,1,0,0,0,0,0,1
2018,PROV. ACEH,11,KAB. ACEH BESAR,1106,Negeri,11,10,5,8,12,16,62
2018,PROV. ACEH,11,KAB. PIDIE,1107,Swasta,0,0,0,0,0,0,0
2018,PROV. ACEH,11,KAB. PIDIE,1107,Negeri,19,3,5,9,6,15,57
2018,PROV. ACEH,11,KAB. ACEH UTARA,1108,Swasta,1,0,0,0,0,0,1
2018,PROV. ACEH,11,KAB. ACEH UTARA,1108,Negeri,40,17,8,14,10,37,126
2018,PROV. ACEH,11,KAB. SIMEULUE,1109,Negeri,27,7,3,3,1,5,46
2018,PROV. ACEH,11,KAB. SIMEULUE,1109,Swasta,0,0,0,0,0,0,0
2018,PROV. ACEH,11,KAB. ACEH SINGKIL,1110,Negeri,6,1,2,6,4,38,57
2018,PROV. ACEH,11,KAB. ACEH SINGKIL,1110,Swasta,0,0,0,0,0,5,5
2018,PROV. ACEH,11,KAB. BIREUEN,1111,Swasta,0,0,0,0,0,0,0
2018,PROV. ACEH,11,KAB. BIREUEN,1111,Negeri,15,8,6,4,5,13,51
2018,PROV. ACEH,11,KAB. ACEH BARAT DAYA,1112,Negeri,6,4,1,2,3,4,20
2018,PROV. ACEH,11,KAB. ACEH BARAT DAYA,1112,Swasta,0,0,0,0,0,0,0
2018,PROV. ACEH,11,KAB. GAYO LUES,1113,Swasta,0,0,0,0,0,0,0
2018,PROV. ACEH,11,KAB. GAYO LUES,1113,Negeri,2,0,0,2,3,4,11
2018,PROV. ACEH,11,KAB. ACEH JAYA,1114,Negeri,4,4,1,0,0,0,9
2018,PROV. ACEH,11,KAB. ACEH JAYA,1114,Swasta,0,0,0,0,0,0,0
2018,PROV. ACEH,11,KAB. NAGAN RAYA,1115,Swasta,0,0,0,0,0,0,0
2018,PROV. ACEH,11,KAB. NAGAN RAYA,1115,Negeri,17,2,2,4,3,15,43
2018,PROV. ACEH,11,KAB. ACEH TAMIANG,1116,Swasta,0,0,0,0,0,1,1
2018,PROV. ACEH,11,KAB. ACEH TAMIANG,1116,Negeri,6,4,5,4,6,11,36
2018,PROV. ACEH,11,KAB. BENER MERIAH,1117,Swasta,0,0,0,0,0,0,0
2018,PROV. ACEH,11,KAB. BENER MERIAH,1117,Negeri,7,4,4,8,8,6,37
2018,PROV. ACEH,11,KAB. PIDIE JAYA,1118,Swasta,0,0,0,0,0,0,0
2018,PROV. ACEH,11,KAB. PIDIE JAYA,1118,Negeri,7,0,0,0,0,1,8
2018,PROV. ACEH,11,KOTA BANDA ACEH,1171,Swasta,0,0,1,1,0,0,2
2018,PROV. ACEH,11,KOTA BANDA ACEH,1171,Negeri,6,2,2,4,2,9,25
2018,PROV. ACEH,11,KOTA SABANG,1172,Swasta,0,0,0,1,0,0,1
2018,PROV. ACEH,11,KOTA SABANG,1172,Negeri,3,0,0,0,0,0,3
2018,PROV. ACEH,11,KOTA LHOKSEUMAWE,1173,Swasta,0,0,0,0,0,0,0
2018,PROV. ACEH,11,KOTA LHOKSEUMAWE,1173,Negeri,21,6,2,0,14,15,58
2018,PROV. ACEH,11,KOTA LANGSA,1174,Swasta,1,1,0,0,0,2,4
2018,PROV. ACEH,11,KOTA LANGSA,1174,Negeri,24,1,1,0,2,6,34
2018,PROV. ACEH,11,KOTA SUBULUSSALAM,1175,Swasta,0,0,0,0,0,0,0
2018,PROV. ACEH,11,KOTA SUBULUSSALAM,1175,Negeri,15,5,6,4,5,11,46
2018,PROV. SUMATERA UTARA,12,KAB. TAPANULI TENGAH,1201,Swasta,4,0,1,0,4,3,12
2018,PROV. SUMATERA UTARA,12,KAB. TAPANULI TENGAH,1201,Negeri,20,24,32,15,19,74,184
2018,PROV. SUMATERA UTARA,12,KAB. TAPANULI UTARA,1202,Swasta,3,0,0,1,0,1,5
2018,PROV. SUMATERA UTARA,12,KAB. TAPANULI UTARA,1202,Negeri,33,6,6,4,3,15,67
2018,PROV. SUMATERA UTARA,12,KAB. TAPANULI SELATAN,1203,Negeri,5,7,4,17,16,11,60
2018,PROV. SUMATERA UTARA,12,KAB. TAPANULI SELATAN,1203,Swasta,0,2,0,1,3,0,6
2018,PROV. SUMATERA UTARA,12,KAB. NIAS,1204,Negeri,12,21,25,14,26,34,132
2018,PROV. SUMATERA UTARA,12,KAB. NIAS,1204,Swasta,0,0,0,0,0,0,0
2018,PROV. SUMATERA UTARA,12,KAB. LANGKAT,1205,Swasta,4,6,1,1,1,7,20
2018,PROV. SUMATERA UTARA,12,KAB. LANGKAT,1205,Negeri,24,14,10,8,22,51,129
2018,PROV. SUMATERA UTARA,12,KAB. KARO,1206,Swasta,1,8,1,3,5,5,23
2018,PROV. SUMATERA UTARA,12,KAB. KARO,1206,Negeri,18,17,18,31,11,28,123
2018,PROV. SUMATERA UTARA,12,KAB. DELI SERDANG,1207,Swasta,48,20,49,35,60,123,335
2018,PROV. SUMATERA UTARA,12,KAB. DELI SERDANG,1207,Negeri,59,45,41,66,89,115,415
2018,PROV. SUMATERA UTARA,12,KAB. SIMALUNGUN,1208,Swasta,6,0,0,3,8,11,28
2018,PROV. SUMATERA UTARA,12,KAB. SIMALUNGUN,1208,Negeri,77,34,25,20,27,80,263
2018,PROV. SUMATERA UTARA,12,KAB. ASAHAN,1209,Negeri,31,25,6,9,19,37,127
2018,PROV. SUMATERA UTARA,12,KAB. ASAHAN,1209,Swasta,6,4,4,5,1,3,23
2018,PROV. SUMATERA UTARA,12,KAB. LABUHANBATU,1210,Negeri,11,12,27,28,26,46,150
2018,PROV. SUMATERA UTARA,12,KAB. LABUHANBATU,1210,Swasta,5,5,5,5,2,6,28
2018,PROV. SUMATERA UTARA,12,KAB. DAIRI,1211,Swasta,2,0,0,0,0,0,2
2018,PROV. SUMATERA UTARA,12,KAB. DAIRI,1211,Negeri,33,16,10,21,11,27,118
2018,PROV. SUMATERA UTARA,12,KAB. TOBA,1212,Swasta,0,0,0,0,1,0,1
2018,PROV. SUMATERA UTARA,12,KAB. TOBA,1212,Negeri,29,6,1,6,2,7,51
2018,PROV. SUMATERA UTARA,12,KAB. MANDAILING NATAL,1213,Negeri,28,13,15,21,11,31,119
2018,PROV. SUMATERA UTARA,12,KAB. MANDAILING NATAL,1213,Swasta,1,1,0,0,0,1,3
2018,PROV. SUMATERA UTARA,12,KAB. NIAS SELATAN,1214,Swasta,0,0,0,0,0,0,0
2018,PROV. SUMATERA UTARA,12,KAB. NIAS SELATAN,1214,Negeri,100,44,70,91,106,384,795
2018,PROV. SUMATERA UTARA,12,KAB. PAKPAK BHARAT,1215,Swasta,0,0,0,0,0,0,0
2018,PROV. SUMATERA UTARA,12,KAB. PAKPAK BHARAT,1215,Negeri,1,1,1,1,0,6,10
2018,PROV. SUMATERA UTARA,12,KAB. HUMBANG HASUNDUTAN,1216,Swasta,0,0,0,0,0,0,0
2018,PROV. SUMATERA UTARA,12,KAB. HUMBANG HASUNDUTAN,1216,Negeri,14,6,2,2,0,9,33
2018,PROV. SUMATERA UTARA,12,KAB. SAMOSIR,1217,Swasta,1,0,0,1,0,1,3
2018,PROV. SUMATERA UTARA,12,KAB. SAMOSIR,1217,Negeri,28,9,1,1,2,2,43
2018,PROV. SUMATERA UTARA,12,KAB. SERDANG BEDAGAI,1218,Swasta,2,2,0,1,0,2,7
2018,PROV. SUMATERA UTARA,12,KAB. SERDANG BEDAGAI,1218,Negeri,19,23,16,23,15,40,136
2018,PROV. SUMATERA UTARA,12,KAB. BATU BARA,1219,Negeri,30,12,10,25,25,24,126
2018,PROV. SUMATERA UTARA,12,KAB. BATU BARA,1219,Swasta,0,0,0,0,0,1,1
2018,PROV. SUMATERA UTARA,12,KAB. PADANG LAWAS UTARA,1220,Swasta,0,0,0,0,0,0,0
2018,PROV. SUMATERA UTARA,12,KAB. PADANG LAWAS UTARA,1220,Negeri,17,13,5,15,42,58,150
2018,PROV. SUMATERA UTARA,12,KAB. PADANG LAWAS,1221,Swasta,0,1,0,0,0,0,1
2018,PROV. SUMATERA UTARA,12,KAB. PADANG LAWAS,1221,Negeri,20,6,5,11,19,22,83
2018,PROV. SUMATERA UTARA,12,KAB. LABUHANBATU SELATAN,1222,Negeri,16,9,13,6,5,38,87
2018,PROV. SUMATERA UTARA,12,KAB. LABUHANBATU SELATAN,1222,Swasta,4,3,1,1,1,6,16
2018,PROV. SUMATERA UTARA,12,KAB. LABUHANBATU UTARA,1223,Swasta,0,0,0,1,0,11,12
2018,PROV. SUMATERA UTARA,12,KAB. LABUHANBATU UTARA,1223,Negeri,17,7,5,6,6,30,71
2018,PROV. SUMATERA UTARA,12,KAB. NIAS UTARA,1224,Negeri,23,14,9,11,14,23,94
2018,PROV. SUMATERA UTARA,12,KAB. NIAS UTARA,1224,Swasta,0,0,0,0,0,0,0
2018,PROV. SUMATERA UTARA,12,KAB. NIAS BARAT,1225,Negeri,10,7,17,15,10,50,109
2018,PROV. SUMATERA UTARA,12,KAB. NIAS BARAT,1225,Swasta,0,0,0,0,0,0,0
2018,PROV. SUMATERA UTARA,12,KOTA MEDAN,1271,Negeri,57,33,39,51,53,185,418
2018,PROV. SUMATERA UTARA,12,KOTA MEDAN,1271,Swasta,34,23,9,14,32,119,231
2018,PROV. SUMATERA UTARA,12,KOTA PEMATANGSIANTAR,1272,Negeri,11,5,8,5,12,15,56
2018,PROV. SUMATERA UTARA,12,KOTA PEMATANGSIANTAR,1272,Swasta,1,2,4,5,2,8,22
2018,PROV. SUMATERA UTARA,12,KOTA SIBOLGA,1273,Swasta,0,1,0,0,1,0,2
2018,PROV. SUMATERA UTARA,12,KOTA SIBOLGA,1273,Negeri,1,4,2,3,10,13,33
2018,PROV. SUMATERA UTARA,12,KOTA TANJUNG BALAI,1274,Negeri,2,3,3,4,2,9,23
2018,PROV. SUMATERA UTARA,12,KOTA TANJUNG BALAI,1274,Swasta,1,1,2,0,1,3,8
2018,PROV. SUMATERA UTARA,12,KOTA BINJAI,1275,Negeri,1,3,1,2,0,11,18
2018,PROV. SUMATERA UTARA,12,KOTA BINJAI,1275,Swasta,9,0,0,1,0,9,19
2018,PROV. SUMATERA UTARA,12,KOTA TEBING TINGGI,1276,Negeri,4,0,1,0,1,3,9
2018,PROV. SUMATERA UTARA,12,KOTA TEBING TINGGI,1276,Swasta,0,0,0,0,0,1,1
2018,PROV. SUMATERA UTARA,12,KOTA PADANG SIDEMPUAN,1277,Swasta,0,0,0,0,0,0,0
2018,PROV. SUMATERA UTARA,12,KOTA PADANG SIDEMPUAN,1277,Negeri,7,5,3,0,0,6,21
2018,PROV. SUMATERA UTARA,12,KOTA GUNUNGSITOLI,1278,Negeri,18,8,3,4,3,4,40
2018,PROV. SUMATERA UTARA,12,KOTA GUNUNGSITOLI,1278,Swasta,0,2,2,0,1,1,6
2018,PROV. SUMATERA BARAT,13,KAB. PESISIR SELATAN,1301,Swasta,2,0,0,0,0,0,2
2018,PROV. SUMATERA BARAT,13,KAB. PESISIR SELATAN,1301,Negeri,27,4,3,9,3,20,66
2018,PROV. SUMATERA BARAT,13,KAB. SOLOK,1302,Negeri,19,8,14,20,10,27,98
2018,PROV. SUMATERA BARAT,13,KAB. SOLOK,1302,Swasta,8,1,0,0,1,0,10
2018,PROV. SUMATERA BARAT,13,KAB. SIJUNJUNG,1303,Negeri,6,7,7,7,9,13,49
2018,PROV. SUMATERA BARAT,13,KAB. SIJUNJUNG,1303,Swasta,0,0,0,0,0,0,0
2018,PROV. SUMATERA BARAT,13,KAB. TANAH DATAR,1304,Swasta,0,0,0,0,0,0,0
2018,PROV. SUMATERA BARAT,13,KAB. TANAH DATAR,1304,Negeri,18,4,5,13,10,26,76
2018,PROV. SUMATERA BARAT,13,KAB. PADANG PARIAMAN,1305,Swasta,0,0,0,0,1,1,2
2018,PROV. SUMATERA BARAT,13,KAB. PADANG PARIAMAN,1305,Negeri,17,13,8,9,18,39,104
2018,PROV. SUMATERA BARAT,13,KAB. AGAM,1306,Swasta,1,0,0,0,0,1,2
2018,PROV. SUMATERA BARAT,13,KAB. AGAM,1306,Negeri,39,7,6,19,17,21,109
2018,PROV. SUMATERA BARAT,13,KAB. LIMA PULUH KOTA,1307,Negeri,21,9,5,20,14,22,91
2018,PROV. SUMATERA BARAT,13,KAB. LIMA PULUH KOTA,1307,Swasta,0,0,0,0,0,0,0
2018,PROV. SUMATERA BARAT,13,KAB. PASAMAN,1308,Negeri,28,14,7,11,17,48,125
2018,PROV. SUMATERA BARAT,13,KAB. PASAMAN,1308,Swasta,7,0,1,0,0,2,10
2018,PROV. SUMATERA BARAT,13,KAB. KEPULAUAN MENTAWAI,1309,Negeri,4,4,2,2,4,26,42
2018,PROV. SUMATERA BARAT,13,KAB. KEPULAUAN MENTAWAI,1309,Swasta,3,0,0,0,0,0,3
2018,PROV. SUMATERA BARAT,13,KAB. DHARMASRAYA,1310,Swasta,28,0,0,0,0,0,28
2018,PROV. SUMATERA BARAT,13,KAB. DHARMASRAYA,1310,Negeri,21,3,3,10,6,20,63
2018,PROV. SUMATERA BARAT,13,KAB. SOLOK SELATAN,1311,Swasta,0,0,0,0,0,0,0
2018,PROV. SUMATERA BARAT,13,KAB. SOLOK SELATAN,1311,Negeri,5,6,5,3,4,14,37
2018,PROV. SUMATERA BARAT,13,KAB. PASAMAN BARAT,1312,Swasta,0,2,0,3,7,2,14
2018,PROV. SUMATERA BARAT,13,KAB. PASAMAN BARAT,1312,Negeri,66,17,16,16,23,54,192
2018,PROV. SUMATERA BARAT,13,KOTA PADANG,1371,Swasta,4,4,5,12,12,16,53
2018,PROV. SUMATERA BARAT,13,KOTA PADANG,1371,Negeri,21,14,11,10,25,13,94
2018,PROV. SUMATERA BARAT,13,KOTA SOLOK,1372,Negeri,1,0,0,1,1,1,4
2018,PROV. SUMATERA BARAT,13,KOTA SOLOK,1372,Swasta,0,0,0,0,1,0,1
2018,PROV. SUMATERA BARAT,13,KOTA SAWAHLUNTO,1373,Swasta,0,0,0,0,0,0,0
2018,PROV. SUMATERA BARAT,13,KOTA SAWAHLUNTO,1373,Negeri,9,0,0,1,0,1,11
2018,PROV. SUMATERA BARAT,13,KOTA PADANG PANJANG,1374,Swasta,0,1,0,0,1,0,2
2018,PROV. SUMATERA BARAT,13,KOTA PADANG PANJANG,1374,Negeri,0,1,1,1,1,0,4
2018,PROV. SUMATERA BARAT,13,KOTA BUKITTINGGI,1375,Negeri,4,1,0,0,0,1,6
2018,PROV. SUMATERA BARAT,13,KOTA BUKITTINGGI,1375,Swasta,3,3,1,1,0,1,9
2018,PROV. SUMATERA BARAT,13,KOTA PAYAKUMBUH,1376,Swasta,6,1,0,0,0,1,8
2018,PROV. SUMATERA BARAT,13,KOTA PAYAKUMBUH,1376,Negeri,2,3,1,1,2,2,11
2018,PROV. SUMATERA BARAT,13,KOTA PARIAMAN,1377,Swasta,1,1,3,1,0,0,6
2018,PROV. SUMATERA BARAT,13,KOTA PARIAMAN,1377,Negeri,9,6,3,0,2,0,20
2018,PROV. RIAU,14,KAB. KAMPAR,1401,Swasta,1,2,1,1,2,2,9
2018,PROV. RIAU,14,KAB. KAMPAR,1401,Negeri,43,35,26,25,21,62,212
2018,PROV. RIAU,14,KAB. INDRAGIRI HULU,1402,Negeri,59,18,14,16,36,55,198
2018,PROV. RIAU,14,KAB. INDRAGIRI HULU,1402,Swasta,1,2,0,1,0,0,4
2018,PROV. RIAU,14,KAB. BENGKALIS,1403,Negeri,46,13,4,8,10,40,121
2018,PROV. RIAU,14,KAB. BENGKALIS,1403,Swasta,3,0,0,1,1,2,7
2018,PROV. RIAU,14,KAB. INDRAGIRI HILIR,1404,Negeri,41,16,14,41,63,143,318
2018,PROV. RIAU,14,KAB. INDRAGIRI HILIR,1404,Swasta,7,20,9,18,12,43,109
2018,PROV. RIAU,14,KAB. PELALAWAN,1405,Negeri,25,13,12,23,14,35,122
2018,PROV. RIAU,14,KAB. PELALAWAN,1405,Swasta,7,2,2,3,3,4,21
2018,PROV. RIAU,14,KAB. ROKAN HULU,1406,Negeri,43,27,25,23,39,116,273
2018,PROV. RIAU,14,KAB. ROKAN HULU,1406,Swasta,11,7,5,5,1,11,40
2018,PROV. RIAU,14,KAB. ROKAN HILIR,1407,Swasta,11,10,15,24,10,24,94
2018,PROV. RIAU,14,KAB. ROKAN HILIR,1407,Negeri,118,30,24,28,14,118,332
2018,PROV. RIAU,14,KAB. SIAK,1408,Swasta,2,1,0,0,1,25,29
2018,PROV. RIAU,14,KAB. SIAK,1408,Negeri,12,10,9,8,18,26,83
2018,PROV. RIAU,14,KAB. KUANTAN SINGINGI,1409,Swasta,0,3,0,0,0,1,4
2018,PROV. RIAU,14,KAB. KUANTAN SINGINGI,1409,Negeri,23,16,13,5,6,26,89
2018,PROV. RIAU,14,KAB. KEPULAUAN MERANTI,1410,Negeri,18,9,6,8,16,19,76
2018,PROV. RIAU,14,KAB. KEPULAUAN MERANTI,1410,Swasta,1,1,0,0,0,0,2
2018,PROV. RIAU,14,KOTA PEKANBARU,1471,Swasta,15,10,7,2,2,8,44
2018,PROV. RIAU,14,KOTA PEKANBARU,1471,Negeri,18,13,7,14,16,24,92
2018,PROV. RIAU,14,KOTA DUMAI,1472,Negeri,13,5,11,6,3,27,65
2018,PROV. RIAU,14,KOTA DUMAI,1472,Swasta,0,1,0,3,1,2,7
2018,PROV. JAMBI,15,KAB. KERINCI,1501,Negeri,21,8,9,8,27,66,139
2018,PROV. JAMBI,15,KAB. KERINCI,1501,Swasta,0,0,0,1,1,0,2
2018,PROV. JAMBI,15,KAB. MERANGIN,1502,Negeri,37,15,10,8,11,61,142
2018,PROV. JAMBI,15,KAB. MERANGIN,1502,Swasta,0,0,0,0,0,0,0
2018,PROV. JAMBI,15,KAB. SAROLANGUN,1503,Negeri,8,6,3,4,6,19,46
2018,PROV. JAMBI,15,KAB. SAROLANGUN,1503,Swasta,1,0,2,0,1,1,5
2018,PROV. JAMBI,15,KAB. BATANGHARI,1504,Negeri,17,10,5,9,9,21,71
2018,PROV. JAMBI,15,KAB. BATANGHARI,1504,Swasta,0,1,1,0,0,0,2
2018,PROV. JAMBI,15,KAB. MUARO JAMBI,1505,Swasta,0,0,0,0,0,1,1
2018,PROV. JAMBI,15,KAB. MUARO JAMBI,1505,Negeri,41,6,7,5,5,10,74
2018,PROV. JAMBI,15,KAB. TANJUNG JABUNG BARAT,1506,Swasta,0,0,0,0,1,1,2
2018,PROV. JAMBI,15,KAB. TANJUNG JABUNG BARAT,1506,Negeri,31,3,9,4,4,10,61
2018,PROV. JAMBI,15,KAB. TANJUNG JABUNG TIMUR,1507,Negeri,65,13,1,7,10,23,119
2018,PROV. JAMBI,15,KAB. TANJUNG JABUNG TIMUR,1507,Swasta,0,0,0,2,0,0,2
2018,PROV. JAMBI,15,KAB. BUNGO,1508,Negeri,25,8,6,5,9,24,77
2018,PROV. JAMBI,15,KAB. BUNGO,1508,Swasta,0,0,1,0,0,0,1
2018,PROV. JAMBI,15,KAB. TEBO,1509,Swasta,3,1,0,0,0,0,4
2018,PROV. JAMBI,15,KAB. TEBO,1509,Negeri,76,10,6,6,10,19,127
2018,PROV. JAMBI,15,KOTA JAMBI,1571,Negeri,36,6,2,2,5,13,64
2018,PROV. JAMBI,15,KOTA JAMBI,1571,Swasta,2,1,1,0,0,1,5
2018,PROV. JAMBI,15,KOTA SUNGAI PENUH,1572,Negeri,11,1,2,2,7,16,39
2018,PROV. JAMBI,15,KOTA SUNGAI PENUH,1572,Swasta,0,0,0,0,0,0,0
2018,PROV. SUMATERA SELATAN,16,KAB. OGAN KOMERING ULU,1601,Negeri,8,13,12,17,12,24,86
2018,PROV. SUMATERA SELATAN,16,KAB. OGAN KOMERING ULU,1601,Swasta,0,0,0,0,0,1,1
2018,PROV. SUMATERA SELATAN,16,KAB. OGAN KOMERING ILIR,1602,Swasta,0,0,0,0,0,6,6
2018,PROV. SUMATERA SELATAN,16,KAB. OGAN KOMERING ILIR,1602,Negeri,70,52,37,24,60,125,368
2018,PROV. SUMATERA SELATAN,16,KAB. MUARA ENIM,1603,Swasta,0,0,0,1,2,2,5
2018,PROV. SUMATERA SELATAN,16,KAB. MUARA ENIM,1603,Negeri,68,13,9,23,46,44,203
2018,PROV. SUMATERA SELATAN,16,KAB. LAHAT,1604,Swasta,0,0,1,0,1,0,2
2018,PROV. SUMATERA SELATAN,16,KAB. LAHAT,1604,Negeri,62,14,13,10,16,27,142
2018,PROV. SUMATERA SELATAN,16,KAB. MUSI RAWAS,1605,Negeri,48,13,14,4,9,20,108
2018,PROV. SUMATERA SELATAN,16,KAB. MUSI RAWAS,1605,Swasta,2,3,2,0,0,0,7
2018,PROV. SUMATERA SELATAN,16,KAB. MUSI BANYUASIN,1606,Negeri,32,23,18,27,25,92,217
2018,PROV. SUMATERA SELATAN,16,KAB. MUSI BANYUASIN,1606,Swasta,2,2,0,0,5,11,20
2018,PROV. SUMATERA SELATAN,16,KAB. BANYUASIN,1607,Negeri,199,36,39,50,84,207,615
2018,PROV. SUMATERA SELATAN,16,KAB. BANYUASIN,1607,Swasta,2,2,0,0,0,3,7
2018,PROV. SUMATERA SELATAN,16,KAB. OGAN KOMERING ULU TIMUR,1608,Negeri,38,10,8,16,22,25,119
2018,PROV. SUMATERA SELATAN,16,KAB. OGAN KOMERING ULU TIMUR,1608,Swasta,6,0,1,0,0,0,7
2018,PROV. SUMATERA SELATAN,16,KAB. OGAN KOMERING ULU SELATAN,1609,Swasta,1,0,3,2,0,13,19
2018,PROV. SUMATERA SELATAN,16,KAB. OGAN KOMERING ULU SELATAN,1609,Negeri,11,10,9,12,18,39,99
2018,PROV. SUMATERA SELATAN,16,KAB. OGAN ILIR,1610,Swasta,8,2,0,0,0,1,11
2018,PROV. SUMATERA SELATAN,16,KAB. OGAN ILIR,1610,Negeri,32,14,9,18,10,39,122
2018,PROV. SUMATERA SELATAN,16,KAB. EMPAT LAWANG,1611,Swasta,0,0,0,3,1,2,6
2018,PROV. SUMATERA SELATAN,16,KAB. EMPAT LAWANG,1611,Negeri,6,2,4,7,7,27,53
2018,PROV. SUMATERA SELATAN,16,KAB. PENUKAL ABAB LEMATANG ILIR,1612,Negeri,42,15,9,17,74,100,257
2018,PROV. SUMATERA SELATAN,16,KAB. PENUKAL ABAB LEMATANG ILIR,1612,Swasta,4,0,0,0,0,5,9
2018,PROV. SUMATERA SELATAN,16,KAB. MUSI RAWAS UTARA,1613,Swasta,0,0,0,0,0,1,1
2018,PROV. SUMATERA SELATAN,16,KAB. MUSI RAWAS UTARA,1613,Negeri,15,6,11,8,14,22,76
2018,PROV. SUMATERA SELATAN,16,KOTA PALEMBANG,1671,Negeri,79,36,29,27,41,46,258
2018,PROV. SUMATERA SELATAN,16,KOTA PALEMBANG,1671,Swasta,33,8,9,6,4,15,75
2018,PROV. SUMATERA SELATAN,16,KOTA PAGAR ALAM,1672,Swasta,1,0,0,4,1,13,19
2018,PROV. SUMATERA SELATAN,16,KOTA PAGAR ALAM,1672,Negeri,2,0,0,1,1,10,14
2018,PROV. SUMATERA SELATAN,16,KOTA LUBUK LINGGAU,1673,Negeri,8,16,10,13,19,17,83
2018,PROV. SUMATERA SELATAN,16,KOTA LUBUK LINGGAU,1673,Swasta,10,0,2,0,0,1,13
2018,PROV. SUMATERA SELATAN,16,KOTA PRABUMULIH,1674,Swasta,0,0,0,0,0,0,0
2018,PROV. SUMATERA SELATAN,16,KOTA PRABUMULIH,1674,Negeri,4,2,3,2,5,9,25
2018,PROV. BENGKULU,17,KAB. BENGKULU SELATAN,1701,Swasta,0,0,0,0,0,0,0
2018,PROV. BENGKULU,17,KAB. BENGKULU SELATAN,1701,Negeri,12,1,2,5,1,6,27
2018,PROV. BENGKULU,17,KAB. REJANG LEBONG,1702,Swasta,3,1,6,2,0,0,12
2018,PROV. BENGKULU,17,KAB. REJANG LEBONG,1702,Negeri,27,5,0,3,1,22,58
2018,PROV. BENGKULU,17,KAB. BENGKULU UTARA,1703,Swasta,0,0,7,4,10,0,21
2018,PROV. BENGKULU,17,KAB. BENGKULU UTARA,1703,Negeri,12,5,3,4,6,18,48
2018,PROV. BENGKULU,17,KAB. KAUR,1704,Negeri,8,2,6,8,14,22,60
2018,PROV. BENGKULU,17,KAB. KAUR,1704,Swasta,0,0,0,0,0,0,0
2018,PROV. BENGKULU,17,KAB. SELUMA,1705,Swasta,0,0,0,0,0,0,0
2018,PROV. BENGKULU,17,KAB. SELUMA,1705,Negeri,7,4,1,9,12,20,53
2018,PROV. BENGKULU,17,KAB. MUKOMUKO,1706,Negeri,153,7,11,6,7,19,203
2018,PROV. BENGKULU,17,KAB. MUKOMUKO,1706,Swasta,1,0,0,0,0,0,1
2018,PROV. BENGKULU,17,KAB. LEBONG,1707,Swasta,0,0,0,0,0,0,0
2018,PROV. BENGKULU,17,KAB. LEBONG,1707,Negeri,3,1,1,0,3,5,13
2018,PROV. BENGKULU,17,KAB. KEPAHIANG,1708,Swasta,0,0,0,0,0,0,0
2018,PROV. BENGKULU,17,KAB. KEPAHIANG,1708,Negeri,11,1,4,1,4,10,31
2018,PROV. BENGKULU,17,KAB. BENGKULU TENGAH,1709,Negeri,11,3,5,1,8,11,39
2018,PROV. BENGKULU,17,KAB. BENGKULU TENGAH,1709,Swasta,0,0,0,0,0,0,0
2018,PROV. BENGKULU,17,KOTA BENGKULU,1771,Negeri,3,3,3,5,2,14,30
2018,PROV. BENGKULU,17,KOTA BENGKULU,1771,Swasta,1,2,1,1,2,5,12
2018,PROV. LAMPUNG,18,KAB. LAMPUNG SELATAN,1801,Negeri,41,30,22,27,39,61,220
2018,PROV. LAMPUNG,18,KAB. LAMPUNG SELATAN,1801,Swasta,0,0,0,1,3,3,7
2018,PROV. LAMPUNG,18,KAB. LAMPUNG TENGAH,1802,Negeri,74,21,18,20,15,63,211
2018,PROV. LAMPUNG,18,KAB. LAMPUNG TENGAH,1802,Swasta,3,0,0,0,1,3,7
2018,PROV. LAMPUNG,18,KAB. LAMPUNG UTARA,1803,Swasta,3,0,1,0,1,0,5
2018,PROV. LAMPUNG,18,KAB. LAMPUNG UTARA,1803,Negeri,39,22,18,24,10,67,180
2018,PROV. LAMPUNG,18,KAB. LAMPUNG BARAT,1804,Negeri,15,6,4,1,3,19,48
2018,PROV. LAMPUNG,18,KAB. LAMPUNG BARAT,1804,Swasta,0,0,1,0,0,0,1
2018,PROV. LAMPUNG,18,KAB. TULANG BAWANG,1805,Swasta,0,1,1,1,3,19,25
2018,PROV. LAMPUNG,18,KAB. TULANG BAWANG,1805,Negeri,74,6,4,8,23,76,191
2018,PROV. LAMPUNG,18,KAB. TANGGAMUS,1806,Swasta,1,0,1,1,2,4,9
2018,PROV. LAMPUNG,18,KAB. TANGGAMUS,1806,Negeri,31,8,12,14,4,45,114
2018,PROV. LAMPUNG,18,KAB. LAMPUNG TIMUR,1807,Swasta,3,2,3,2,0,3,13
2018,PROV. LAMPUNG,18,KAB. LAMPUNG TIMUR,1807,Negeri,195,19,17,16,17,43,307
2018,PROV. LAMPUNG,18,KAB. WAY KANAN,1808,Negeri,44,11,13,17,9,41,135
2018,PROV. LAMPUNG,18,KAB. WAY KANAN,1808,Swasta,0,2,0,1,2,8,13
2018,PROV. LAMPUNG,18,KAB. PESAWARAN,1809,Negeri,19,15,6,6,8,12,66
2018,PROV. LAMPUNG,18,KAB. PESAWARAN,1809,Swasta,0,0,0,0,0,0,0
2018,PROV. LAMPUNG,18,KAB. PRINGSEWU,1810,Swasta,2,0,0,2,0,0,4
2018,PROV. LAMPUNG,18,KAB. PRINGSEWU,1810,Negeri,85,10,7,7,2,19,130
2018,PROV. LAMPUNG,18,KAB. MESUJI,1811,Swasta,3,0,0,0,1,3,7
2018,PROV. LAMPUNG,18,KAB. MESUJI,1811,Negeri,6,12,6,4,11,35,74
2018,PROV. LAMPUNG,18,KAB. TULANG BAWANG BARAT,1812,Negeri,9,10,3,2,4,14,42
2018,PROV. LAMPUNG,18,KAB. TULANG BAWANG BARAT,1812,Swasta,2,2,0,0,0,0,4
2018,PROV. LAMPUNG,18,KAB. PESISIR BARAT,1813,Negeri,13,1,0,3,0,8,25
2018,PROV. LAMPUNG,18,KAB. PESISIR BARAT,1813,Swasta,0,0,1,1,0,0,2
2018,PROV. LAMPUNG,18,KOTA BANDAR LAMPUNG,1871,Negeri,50,19,15,16,10,27,137
2018,PROV. LAMPUNG,18,KOTA BANDAR LAMPUNG,1871,Swasta,8,1,6,1,9,6,31
2018,PROV. LAMPUNG,18,KOTA METRO,1872,Swasta,3,0,0,0,0,4,7
2018,PROV. LAMPUNG,18,KOTA METRO,1872,Negeri,3,1,1,1,0,0,6
2018,PROV. KEPULAUAN BANGKA BELITUNG,19,KAB. BANGKA,1901,Swasta,2,4,0,0,0,2,8
2018,PROV. KEPULAUAN BANGKA BELITUNG,19,KAB. BANGKA,1901,Negeri,29,9,7,7,17,25,94
2018,PROV. KEPULAUAN BANGKA BELITUNG,19,KAB. BELITUNG,1902,Swasta,0,1,0,0,0,0,1
2018,PROV. KEPULAUAN BANGKA BELITUNG,19,KAB. BELITUNG,1902,Negeri,6,5,4,3,11,13,42
2018,PROV. KEPULAUAN BANGKA BELITUNG,19,KAB. BANGKA SELATAN,1903,Swasta,0,0,0,0,0,0,0
2018,PROV. KEPULAUAN BANGKA BELITUNG,19,KAB. BANGKA SELATAN,1903,Negeri,10,12,8,12,10,26,78
2018,PROV. KEPULAUAN BANGKA BELITUNG,19,KAB. BANGKA TENGAH,1904,Negeri,9,7,4,10,9,24,63
2018,PROV. KEPULAUAN BANGKA BELITUNG,19,KAB. BANGKA TENGAH,1904,Swasta,0,0,1,1,0,0,2
2018,PROV. KEPULAUAN BANGKA BELITUNG,19,KAB. BANGKA BARAT,1905,Negeri,9,7,13,10,8,15,62
2018,PROV. KEPULAUAN BANGKA BELITUNG,19,KAB. BANGKA BARAT,1905,Swasta,0,0,0,1,2,1,4
2018,PROV. KEPULAUAN BANGKA BELITUNG,19,KAB. BELITUNG TIMUR,1906,Swasta,0,0,0,0,0,0,0
2018,PROV. KEPULAUAN BANGKA BELITUNG,19,KAB. BELITUNG TIMUR,1906,Negeri,3,3,2,3,4,12,27
2018,PROV. KEPULAUAN BANGKA BELITUNG,19,KOTA PANGKAL PINANG,1971,Negeri,27,3,2,2,2,27,63
2018,PROV. KEPULAUAN BANGKA BELITUNG,19,KOTA PANGKAL PINANG,1971,Swasta,3,1,1,0,0,0,5
2018,PROV. KEPULAUAN RIAU,21,KAB. BINTAN,2101,Swasta,0,0,0,0,0,0,0
2018,PROV. KEPULAUAN RIAU,21,KAB. BINTAN,2101,Negeri,1,1,0,0,1,3,6
2018,PROV. KEPULAUAN RIAU,21,KAB. KARIMUN,2102,Negeri,7,3,1,2,6,13,32
2018,PROV. KEPULAUAN RIAU,21,KAB. KARIMUN,2102,Swasta,2,1,2,2,2,2,11
2018,PROV. KEPULAUAN RIAU,21,KAB. NATUNA,2103,Swasta,0,0,0,0,0,0,0
2018,PROV. KEPULAUAN RIAU,21,KAB. NATUNA,2103,Negeri,13,2,1,1,1,1,19
2018,PROV. KEPULAUAN RIAU,21,KAB. LINGGA,2104,Swasta,0,0,0,0,0,0,0
2018,PROV. KEPULAUAN RIAU,21,KAB. LINGGA,2104,Negeri,4,0,0,0,0,3,7
2018,PROV. KEPULAUAN RIAU,21,KAB. KEPULAUAN ANAMBAS,2105,Swasta,0,0,0,0,0,0,0
2018,PROV. KEPULAUAN RIAU,21,KAB. KEPULAUAN ANAMBAS,2105,Negeri,1,0,1,1,2,3,8
2018,PROV. KEPULAUAN RIAU,21,KOTA BATAM,2171,Negeri,14,8,3,9,3,15,52
2018,PROV. KEPULAUAN RIAU,21,KOTA BATAM,2171,Swasta,21,7,18,11,8,15,80
2018,PROV. KEPULAUAN RIAU,21,KOTA TANJUNG PINANG,2172,Negeri,3,3,2,4,2,5,19
2018,PROV. KEPULAUAN RIAU,21,KOTA TANJUNG PINANG,2172,Swasta,0,0,0,0,0,0,0
2018,PROV. D.K.I. JAKARTA,31,KAB. ADM. KEP. SERIBU,3101,Negeri,1,0,0,0,0,1,2
2018,PROV. D.K.I. JAKARTA,31,KOTA ADM. JAKARTA PUSAT,3171,Negeri,8,18,14,12,12,27,91
2018,PROV. D.K.I. JAKARTA,31,KOTA ADM. JAKARTA PUSAT,3171,Swasta,6,19,13,10,8,16,72
2018,PROV. D.K.I. JAKARTA,31,KOTA ADM. JAKARTA UTARA,3172,Swasta,49,18,24,25,28,54,198
2018,PROV. D.K.I. JAKARTA,31,KOTA ADM. JAKARTA UTARA,3172,Negeri,16,10,4,6,6,22,64
2018,PROV. D.K.I. JAKARTA,31,KOTA ADM. JAKARTA BARAT,3173,Negeri,15,19,18,11,24,20,107
2018,PROV. D.K.I. JAKARTA,31,KOTA ADM. JAKARTA BARAT,3173,Swasta,31,12,13,18,36,16,126
2018,PROV. D.K.I. JAKARTA,31,KOTA ADM. JAKARTA SELATAN,3174,Swasta,22,13,11,13,21,21,101
2018,PROV. D.K.I. JAKARTA,31,KOTA ADM. JAKARTA SELATAN,3174,Negeri,21,30,9,15,16,28,119
2018,PROV. D.K.I. JAKARTA,31,KOTA ADM. JAKARTA TIMUR,3175,Swasta,21,18,9,8,9,22,87
2018,PROV. D.K.I. JAKARTA,31,KOTA ADM. JAKARTA TIMUR,3175,Negeri,20,28,16,10,10,35,119
2018,PROV. JAWA BARAT,32,KAB. BOGOR,3201,Negeri,162,66,63,75,136,469,971
2018,PROV. JAWA BARAT,32,KAB. BOGOR,3201,Swasta,19,30,16,19,38,33,155
2018,PROV. JAWA BARAT,32,KAB. SUKABUMI,3202,Swasta,4,0,0,0,0,2,6
2018,PROV. JAWA BARAT,32,KAB. SUKABUMI,3202,Negeri,48,5,3,2,4,37,99
2018,PROV. JAWA BARAT,32,KAB. CIANJUR,3203,Swasta,1,1,1,0,1,5,9
2018,PROV. JAWA BARAT,32,KAB. CIANJUR,3203,Negeri,162,20,11,13,23,121,350
2018,PROV. JAWA BARAT,32,KAB. BANDUNG,3204,Negeri,105,24,31,33,36,144,373
2018,PROV. JAWA BARAT,32,KAB. BANDUNG,3204,Swasta,4,12,4,2,4,3,29
2018,PROV. JAWA BARAT,32,KAB. GARUT,3205,Swasta,10,0,2,1,1,24,38
2018,PROV. JAWA BARAT,32,KAB. GARUT,3205,Negeri,132,15,16,26,36,318,543
2018,PROV. JAWA BARAT,32,KAB. TASIKMALAYA,3206,Negeri,43,5,6,2,6,15,77
2018,PROV. JAWA BARAT,32,KAB. TASIKMALAYA,3206,Swasta,4,1,0,1,1,1,8
2018,PROV. JAWA BARAT,32,KAB. CIAMIS,3207,Negeri,31,1,2,2,4,8,48
2018,PROV. JAWA BARAT,32,KAB. CIAMIS,3207,Swasta,0,0,0,0,0,0,0
2018,PROV. JAWA BARAT,32,KAB. KUNINGAN,3208,Swasta,1,2,0,0,0,0,3
2018,PROV. JAWA BARAT,32,KAB. KUNINGAN,3208,Negeri,57,7,5,10,7,21,107
2018,PROV. JAWA BARAT,32,KAB. CIREBON,3209,Swasta,4,2,0,1,6,19,32
2018,PROV. JAWA BARAT,32,KAB. CIREBON,3209,Negeri,50,35,29,24,32,143,313
2018,PROV. JAWA BARAT,32,KAB. MAJALENGKA,3210,Swasta,1,0,0,0,0,0,1
2018,PROV. JAWA BARAT,32,KAB. MAJALENGKA,3210,Negeri,75,5,4,5,7,12,108
2018,PROV. JAWA BARAT,32,KAB. SUMEDANG,3211,Swasta,0,0,2,0,0,2,4
2018,PROV. JAWA BARAT,32,KAB. SUMEDANG,3211,Negeri,39,5,3,2,3,19,71
2018,PROV. JAWA BARAT,32,KAB. INDRAMAYU,3212,Swasta,1,0,0,1,0,1,3
2018,PROV. JAWA BARAT,32,KAB. INDRAMAYU,3212,Negeri,115,22,10,17,9,61,234
2018,PROV. JAWA BARAT,32,KAB. SUBANG,3213,Negeri,105,19,14,14,32,92,276
2018,PROV. JAWA BARAT,32,KAB. SUBANG,3213,Swasta,2,2,4,0,0,2,10
2018,PROV. JAWA BARAT,32,KAB. PURWAKARTA,3214,Negeri,22,16,9,7,6,26,86
2018,PROV. JAWA BARAT,32,KAB. PURWAKARTA,3214,Swasta,1,1,0,0,0,0,2
2018,PROV. JAWA BARAT,32,KAB. KARAWANG,3215,Swasta,4,5,1,4,6,0,20
2018,PROV. JAWA BARAT,32,KAB. KARAWANG,3215,Negeri,107,22,20,23,27,85,284
2018,PROV. JAWA BARAT,32,KAB. BEKASI,3216,Swasta,29,9,29,15,20,24,126
2018,PROV. JAWA BARAT,32,KAB. BEKASI,3216,Negeri,70,40,36,23,35,120,324
2018,PROV. JAWA BARAT,32,KAB. BANDUNG BARAT,3217,Negeri,106,3,4,9,8,107,237
2018,PROV. JAWA BARAT,32,KAB. BANDUNG BARAT,3217,Swasta,3,3,2,1,1,0,10
2018,PROV. JAWA BARAT,32,KAB. PANGANDARAN,3218,Negeri,11,1,3,1,1,1,18
2018,PROV. JAWA BARAT,32,KAB. PANGANDARAN,3218,Swasta,0,0,0,0,0,0,0
2018,PROV. JAWA BARAT,32,KOTA BOGOR,3271,Swasta,3,5,13,7,5,4,37
2018,PROV. JAWA BARAT,32,KOTA BOGOR,3271,Negeri,9,13,5,5,10,45,87
2018,PROV. JAWA BARAT,32,KOTA SUKABUMI,3272,Negeri,13,8,3,1,2,1,28
2018,PROV. JAWA BARAT,32,KOTA SUKABUMI,3272,Swasta,2,0,0,0,0,0,2
2018,PROV. JAWA BARAT,32,KOTA BANDUNG,3273,Negeri,16,6,3,4,5,12,46
2018,PROV. JAWA BARAT,32,KOTA BANDUNG,3273,Swasta,12,9,12,7,8,28,76
2018,PROV. JAWA BARAT,32,KOTA CIREBON,3274,Negeri,13,6,7,10,14,21,71
2018,PROV. JAWA BARAT,32,KOTA CIREBON,3274,Swasta,8,0,0,2,1,5,16
2018,PROV. JAWA BARAT,32,KOTA BEKASI,3275,Negeri,90,52,40,20,25,89,316
2018,PROV. JAWA BARAT,32,KOTA BEKASI,3275,Swasta,25,19,22,16,32,30,144
2018,PROV. JAWA BARAT,32,KOTA DEPOK,3276,Swasta,50,3,2,4,4,6,69
2018,PROV. JAWA BARAT,32,KOTA DEPOK,3276,Negeri,18,25,19,15,12,35,124
2018,PROV. JAWA BARAT,32,KOTA CIMAHI,3277,Negeri,13,1,3,6,5,8,36
2018,PROV. JAWA BARAT,32,KOTA CIMAHI,3277,Swasta,4,3,2,2,1,1,13
2018,PROV. JAWA BARAT,32,KOTA TASIKMALAYA,3278,Negeri,6,0,1,0,1,16,24
2018,PROV. JAWA BARAT,32,KOTA TASIKMALAYA,3278,Swasta,0,0,0,0,0,1,1
2018,PROV. JAWA BARAT,32,KOTA BANJAR,3279,Negeri,4,1,0,1,0,1,7
2018,PROV. JAWA BARAT,32,KOTA BANJAR,3279,Swasta,0,0,0,0,0,0,0
2018,PROV. JAWA TENGAH,33,KAB. CILACAP,3301,Negeri,402,14,21,20,25,35,517
2018,PROV. JAWA TENGAH,33,KAB. CILACAP,3301,Swasta,22,0,0,3,3,0,28
2018,PROV. JAWA TENGAH,33,KAB. BANYUMAS,3302,Negeri,50,10,8,11,15,8,102
2018,PROV. JAWA TENGAH,33,KAB. BANYUMAS,3302,Swasta,2,0,0,0,0,0,2
2018,PROV. JAWA TENGAH,33,KAB. PURBALINGGA,3303,Swasta,0,0,0,0,0,0,0
2018,PROV. JAWA TENGAH,33,KAB. PURBALINGGA,3303,Negeri,39,6,4,9,12,16,86
2018,PROV. JAWA TENGAH,33,KAB. BANJARNEGARA,3304,Swasta,0,0,0,0,0,0,0
2018,PROV. JAWA TENGAH,33,KAB. BANJARNEGARA,3304,Negeri,67,8,4,9,14,39,141
2018,PROV. JAWA TENGAH,33,KAB. KEBUMEN,3305,Negeri,118,9,7,8,7,16,165
2018,PROV. JAWA TENGAH,33,KAB. KEBUMEN,3305,Swasta,1,0,0,0,0,0,1
2018,PROV. JAWA TENGAH,33,KAB. PURWOREJO,3306,Negeri,23,8,4,2,4,10,51
2018,PROV. JAWA TENGAH,33,KAB. PURWOREJO,3306,Swasta,0,0,0,1,1,2,4
2018,PROV. JAWA TENGAH,33,KAB. WONOSOBO,3307,Swasta,3,1,1,2,0,0,7
2018,PROV. JAWA TENGAH,33,KAB. WONOSOBO,3307,Negeri,39,4,9,5,8,10,75
2018,PROV. JAWA TENGAH,33,KAB. MAGELANG,3308,Swasta,5,2,5,6,2,1,21
2018,PROV. JAWA TENGAH,33,KAB. MAGELANG,3308,Negeri,47,15,11,10,13,13,109
2018,PROV. JAWA TENGAH,33,KAB. BOYOLALI,3309,Negeri,30,15,15,6,6,31,103
2018,PROV. JAWA TENGAH,33,KAB. BOYOLALI,3309,Swasta,2,5,3,1,4,0,15
2018,PROV. JAWA TENGAH,33,KAB. KLATEN,3310,Negeri,13,2,6,4,5,15,45
2018,PROV. JAWA TENGAH,33,KAB. KLATEN,3310,Swasta,12,7,3,1,0,0,23
2018,PROV. JAWA TENGAH,33,KAB. SUKOHARJO,3311,Swasta,4,1,1,1,0,2,9
2018,PROV. JAWA TENGAH,33,KAB. SUKOHARJO,3311,Negeri,27,1,2,4,4,13,51
2018,PROV. JAWA TENGAH,33,KAB. WONOGIRI,3312,Negeri,33,7,6,1,2,15,64
2018,PROV. JAWA TENGAH,33,KAB. WONOGIRI,3312,Swasta,0,0,0,0,0,0,0
2018,PROV. JAWA TENGAH,33,KAB. KARANGANYAR,3313,Negeri,16,10,3,1,8,8,46
2018,PROV. JAWA TENGAH,33,KAB. KARANGANYAR,3313,Swasta,1,1,0,0,1,1,4
2018,PROV. JAWA TENGAH,33,KAB. SRAGEN,3314,Swasta,3,0,0,0,0,2,5
2018,PROV. JAWA TENGAH,33,KAB. SRAGEN,3314,Negeri,38,7,11,11,5,26,98
2018,PROV. JAWA TENGAH,33,KAB. GROBOGAN,3315,Negeri,62,4,6,5,3,3,83
2018,PROV. JAWA TENGAH,33,KAB. GROBOGAN,3315,Swasta,1,0,0,0,1,0,2
2018,PROV. JAWA TENGAH,33,KAB. BLORA,3316,Swasta,2,0,0,0,0,0,2
2018,PROV. JAWA TENGAH,33,KAB. BLORA,3316,Negeri,27,1,3,2,9,7,49
2018,PROV. JAWA TENGAH,33,KAB. REMBANG,3317,Negeri,28,3,2,1,4,6,44
2018,PROV. JAWA TENGAH,33,KAB. REMBANG,3317,Swasta,2,0,0,0,0,0,2
2018,PROV. JAWA TENGAH,33,KAB. PATI,3318,Negeri,29,10,5,3,3,8,58
2018,PROV. JAWA TENGAH,33,KAB. PATI,3318,Swasta,7,1,1,3,2,0,14
2018,PROV. JAWA TENGAH,33,KAB. KUDUS,3319,Negeri,30,3,4,2,1,3,43
2018,PROV. JAWA TENGAH,33,KAB. KUDUS,3319,Swasta,1,0,0,0,0,0,1
2018,PROV. JAWA TENGAH,33,KAB. JEPARA,3320,Swasta,3,0,1,0,1,0,5
2018,PROV. JAWA TENGAH,33,KAB. JEPARA,3320,Negeri,35,19,6,7,7,14,88
2018,PROV. JAWA TENGAH,33,KAB. DEMAK,3321,Swasta,2,1,0,0,0,1,4
2018,PROV. JAWA TENGAH,33,KAB. DEMAK,3321,Negeri,52,6,2,8,5,11,84
2018,PROV. JAWA TENGAH,33,KAB. SEMARANG,3322,Swasta,1,1,0,0,1,1,4
2018,PROV. JAWA TENGAH,33,KAB. SEMARANG,3322,Negeri,25,7,11,10,11,17,81
2018,PROV. JAWA TENGAH,33,KAB. TEMANGGUNG,3323,Negeri,28,5,5,8,10,13,69
2018,PROV. JAWA TENGAH,33,KAB. TEMANGGUNG,3323,Swasta,1,1,0,3,0,0,5
2018,PROV. JAWA TENGAH,33,KAB. KENDAL,3324,Swasta,1,0,0,0,0,0,1
2018,PROV. JAWA TENGAH,33,KAB. KENDAL,3324,Negeri,24,7,3,6,1,10,51
2018,PROV. JAWA TENGAH,33,KAB. BATANG,3325,Swasta,0,0,0,0,0,0,0
2018,PROV. JAWA TENGAH,33,KAB. BATANG,3325,Negeri,87,10,4,9,7,16,133
2018,PROV. JAWA TENGAH,33,KAB. PEKALONGAN,3326,Swasta,0,0,0,0,1,1,2
2018,PROV. JAWA TENGAH,33,KAB. PEKALONGAN,3326,Negeri,30,9,7,15,24,28,113
2018,PROV. JAWA TENGAH,33,KAB. PEMALANG,3327,Swasta,1,0,0,0,0,0,1
2018,PROV. JAWA TENGAH,33,KAB. PEMALANG,3327,Negeri,76,24,17,16,24,24,181
2018,PROV. JAWA TENGAH,33,KAB. TEGAL,3328,Swasta,2,2,0,3,0,2,9
2018,PROV. JAWA TENGAH,33,KAB. TEGAL,3328,Negeri,85,30,19,18,28,23,203
2018,PROV. JAWA TENGAH,33,KAB. BREBES,3329,Swasta,2,0,1,0,0,0,3
2018,PROV. JAWA TENGAH,33,KAB. BREBES,3329,Negeri,115,52,37,43,51,95,393
2018,PROV. JAWA TENGAH,33,KOTA MAGELANG,3371,Swasta,2,1,1,0,0,0,4
2018,PROV. JAWA TENGAH,33,KOTA MAGELANG,3371,Negeri,0,2,2,0,1,0,5
2018,PROV. JAWA TENGAH,33,KOTA SURAKARTA,3372,Swasta,15,7,4,4,4,6,40
2018,PROV. JAWA TENGAH,33,KOTA SURAKARTA,3372,Negeri,6,11,11,6,6,10,50
2018,PROV. JAWA TENGAH,33,KOTA SALATIGA,3373,Negeri,5,0,1,3,2,2,13
2018,PROV. JAWA TENGAH,33,KOTA SALATIGA,3373,Swasta,4,0,0,0,0,0,4
2018,PROV. JAWA TENGAH,33,KOTA SEMARANG,3374,Negeri,18,4,5,9,3,6,45
2018,PROV. JAWA TENGAH,33,KOTA SEMARANG,3374,Swasta,4,14,7,8,15,4,52
2018,PROV. JAWA TENGAH,33,KOTA PEKALONGAN,3375,Swasta,2,2,9,13,0,2,28
2018,PROV. JAWA TENGAH,33,KOTA PEKALONGAN,3375,Negeri,8,1,6,0,3,3,21
2018,PROV. JAWA TENGAH,33,KOTA TEGAL,3376,Swasta,1,0,0,1,0,0,2
2018,PROV. JAWA TENGAH,33,KOTA TEGAL,3376,Negeri,11,6,4,2,7,6,36
2018,PROV. D.I. YOGYAKARTA,34,KAB. KULON PROGO,3401,Negeri,6,1,1,0,4,4,16
2018,PROV. D.I. YOGYAKARTA,34,KAB. KULON PROGO,3401,Swasta,1,1,0,2,0,1,5
2018,PROV. D.I. YOGYAKARTA,34,KAB. BANTUL,3402,Negeri,0,0,0,0,0,0,0
2018,PROV. D.I. YOGYAKARTA,34,KAB. BANTUL,3402,Swasta,0,0,0,0,0,0,0
2018,PROV. D.I. YOGYAKARTA,34,KAB. GUNUNGKIDUL,3403,Swasta,2,1,0,0,1,1,5
2018,PROV. D.I. YOGYAKARTA,34,KAB. GUNUNGKIDUL,3403,Negeri,8,4,2,3,2,3,22
2018,PROV. D.I. YOGYAKARTA,34,KAB. SLEMAN,3404,Swasta,7,6,5,4,4,4,30
2018,PROV. D.I. YOGYAKARTA,34,KAB. SLEMAN,3404,Negeri,15,10,1,4,11,10,51
2018,PROV. D.I. YOGYAKARTA,34,KOTA YOGYAKARTA,3471,Swasta,3,4,3,3,3,0,16
2018,PROV. D.I. YOGYAKARTA,34,KOTA YOGYAKARTA,3471,Negeri,2,9,1,0,1,4,17
2018,PROV. JAWA TIMUR,35,KAB. PACITAN,3501,Negeri,4,1,0,0,1,2,8
2018,PROV. JAWA TIMUR,35,KAB. PACITAN,3501,Swasta,0,1,0,0,0,0,1
2018,PROV. JAWA TIMUR,35,KAB. PONOROGO,3502,Swasta,2,0,2,0,1,0,5
2018,PROV. JAWA TIMUR,35,KAB. PONOROGO,3502,Negeri,14,1,2,2,2,10,31
2018,PROV. JAWA TIMUR,35,KAB. TRENGGALEK,3503,Swasta,1,0,0,0,0,0,1
2018,PROV. JAWA TIMUR,35,KAB. TRENGGALEK,3503,Negeri,7,1,2,2,0,6,18
2018,PROV. JAWA TIMUR,35,KAB. TULUNGAGUNG,3504,Swasta,1,3,1,0,0,0,5
2018,PROV. JAWA TIMUR,35,KAB. TULUNGAGUNG,3504,Negeri,21,3,0,3,7,4,38
2018,PROV. JAWA TIMUR,35,KAB. BLITAR,3505,Swasta,0,0,0,1,0,1,2
2018,PROV. JAWA TIMUR,35,KAB. BLITAR,3505,Negeri,17,5,7,5,6,32,72
2018,PROV. JAWA TIMUR,35,KAB. KEDIRI,3506,Negeri,47,9,5,4,12,10,87
2018,PROV. JAWA TIMUR,35,KAB. KEDIRI,3506,Swasta,3,2,1,2,5,0,13
2018,PROV. JAWA TIMUR,35,KAB. MALANG,3507,Negeri,53,14,8,15,18,43,151
2018,PROV. JAWA TIMUR,35,KAB. MALANG,3507,Swasta,5,2,0,1,1,10,19
2018,PROV. JAWA TIMUR,35,KAB. LUMAJANG,3508,Negeri,61,15,13,12,5,33,139
2018,PROV. JAWA TIMUR,35,KAB. LUMAJANG,3508,Swasta,0,0,0,0,0,1,1
2018,PROV. JAWA TIMUR,35,KAB. JEMBER,3509,Swasta,33,5,3,10,4,11,66
2018,PROV. JAWA TIMUR,35,KAB. JEMBER,3509,Negeri,120,30,37,26,49,93,355
2018,PROV. JAWA TIMUR,35,KAB. BANYUWANGI,3510,Negeri,64,12,7,2,10,11,106
2018,PROV. JAWA TIMUR,35,KAB. BANYUWANGI,3510,Swasta,15,0,2,3,1,5,26
2018,PROV. JAWA TIMUR,35,KAB. BONDOWOSO,3511,Negeri,44,5,1,3,5,20,78
2018,PROV. JAWA TIMUR,35,KAB. BONDOWOSO,3511,Swasta,0,0,0,1,1,3,5
2018,PROV. JAWA TIMUR,35,KAB. SITUBONDO,3512,Negeri,42,5,7,3,8,12,77
2018,PROV. JAWA TIMUR,35,KAB. SITUBONDO,3512,Swasta,8,3,2,4,3,0,20
2018,PROV. JAWA TIMUR,35,KAB. PROBOLINGGO,3513,Negeri,61,16,17,15,21,53,183
2018,PROV. JAWA TIMUR,35,KAB. PROBOLINGGO,3513,Swasta,6,4,2,2,1,29,44
2018,PROV. JAWA TIMUR,35,KAB. PASURUAN,3514,Swasta,1,3,1,5,4,5,19
2018,PROV. JAWA TIMUR,35,KAB. PASURUAN,3514,Negeri,141,17,13,10,11,47,239
2018,PROV. JAWA TIMUR,35,KAB. SIDOARJO,3515,Swasta,48,3,4,4,4,3,66
2018,PROV. JAWA TIMUR,35,KAB. SIDOARJO,3515,Negeri,98,12,15,10,8,16,159
2018,PROV. JAWA TIMUR,35,KAB. MOJOKERTO,3516,Negeri,3,2,1,0,1,11,18
2018,PROV. JAWA TIMUR,35,KAB. MOJOKERTO,3516,Swasta,0,0,2,0,0,3,5
2018,PROV. JAWA TIMUR,35,KAB. JOMBANG,3517,Swasta,2,0,1,1,0,0,4
2018,PROV. JAWA TIMUR,35,KAB. JOMBANG,3517,Negeri,22,6,4,6,10,7,55
2018,PROV. JAWA TIMUR,35,KAB. NGANJUK,3518,Swasta,0,0,0,0,0,0,0
2018,PROV. JAWA TIMUR,35,KAB. NGANJUK,3518,Negeri,25,4,4,7,5,14,59
2018,PROV. JAWA TIMUR,35,KAB. MADIUN,3519,Swasta,0,0,0,0,0,0,0
2018,PROV. JAWA TIMUR,35,KAB. MADIUN,3519,Negeri,17,3,1,0,0,5,26
2018,PROV. JAWA TIMUR,35,KAB. MAGETAN,3520,Negeri,14,5,3,1,1,2,26
2018,PROV. JAWA TIMUR,35,KAB. MAGETAN,3520,Swasta,0,0,0,0,0,1,1
2018,PROV. JAWA TIMUR,35,KAB. NGAWI,3521,Negeri,24,2,6,1,2,8,43
2018,PROV. JAWA TIMUR,35,KAB. NGAWI,3521,Swasta,3,0,0,1,0,0,4
2018,PROV. JAWA TIMUR,35,KAB. BOJONEGORO,3522,Swasta,0,0,0,0,0,0,0
2018,PROV. JAWA TIMUR,35,KAB. BOJONEGORO,3522,Negeri,21,1,1,4,2,3,32
2018,PROV. JAWA TIMUR,35,KAB. TUBAN,3523,Negeri,23,9,1,9,9,13,64
2018,PROV. JAWA TIMUR,35,KAB. TUBAN,3523,Swasta,0,0,0,1,0,0,1
2018,PROV. JAWA TIMUR,35,KAB. LAMONGAN,3524,Swasta,0,0,0,0,0,3,3
2018,PROV. JAWA TIMUR,35,KAB. LAMONGAN,3524,Negeri,41,1,2,1,3,4,52
2018,PROV. JAWA TIMUR,35,KAB. GRESIK,3525,Swasta,10,0,3,2,2,2,19
2018,PROV. JAWA TIMUR,35,KAB. GRESIK,3525,Negeri,53,4,3,3,2,13,78
2018,PROV. JAWA TIMUR,35,KAB. BANGKALAN,3526,Negeri,101,61,65,72,121,350,770
2018,PROV. JAWA TIMUR,35,KAB. BANGKALAN,3526,Swasta,9,3,0,0,1,32,45
2018,PROV. JAWA TIMUR,35,KAB. SAMPANG,3527,Swasta,13,7,10,8,14,33,85
2018,PROV. JAWA TIMUR,35,KAB. SAMPANG,3527,Negeri,54,37,29,29,35,97,281
2018,PROV. JAWA TIMUR,35,KAB. PAMEKASAN,3528,Negeri,18,7,14,14,18,54,125
2018,PROV. JAWA TIMUR,35,KAB. PAMEKASAN,3528,Swasta,6,0,3,7,1,4,21
2018,PROV. JAWA TIMUR,35,KAB. SUMENEP,3529,Negeri,66,5,5,11,8,30,125
2018,PROV. JAWA TIMUR,35,KAB. SUMENEP,3529,Swasta,3,4,1,4,3,4,19
2018,PROV. JAWA TIMUR,35,KOTA KEDIRI,3571,Swasta,7,2,0,1,0,1,11
2018,PROV. JAWA TIMUR,35,KOTA KEDIRI,3571,Negeri,2,2,2,0,0,3,9
2018,PROV. JAWA TIMUR,35,KOTA BLITAR,3572,Swasta,0,0,0,0,0,0,0
2018,PROV. JAWA TIMUR,35,KOTA BLITAR,3572,Negeri,0,0,0,0,0,1,1
2018,PROV. JAWA TIMUR,35,KOTA MALANG,3573,Swasta,30,6,2,5,8,5,56
2018,PROV. JAWA TIMUR,35,KOTA MALANG,3573,Negeri,205,8,2,1,3,9,228
2018,PROV. JAWA TIMUR,35,KOTA PROBOLINGGO,3574,Negeri,3,1,0,0,2,2,8
2018,PROV. JAWA TIMUR,35,KOTA PROBOLINGGO,3574,Swasta,0,0,0,0,0,3,3
2018,PROV. JAWA TIMUR,35,KOTA PASURUAN,3575,Negeri,6,0,0,2,0,0,8
2018,PROV. JAWA TIMUR,35,KOTA PASURUAN,3575,Swasta,1,0,1,1,1,0,4
2018,PROV. JAWA TIMUR,35,KOTA MOJOKERTO,3576,Swasta,1,0,0,0,0,0,1
2018,PROV. JAWA TIMUR,35,KOTA MOJOKERTO,3576,Negeri,2,0,1,0,0,1,4
2018,PROV. JAWA TIMUR,35,KOTA MADIUN,3577,Swasta,2,0,0,0,0,0,2
2018,PROV. JAWA TIMUR,35,KOTA MADIUN,3577,Negeri,1,0,0,0,1,1,3
2018,PROV. JAWA TIMUR,35,KOTA SURABAYA,3578,Negeri,21,5,2,2,4,7,41
2018,PROV. JAWA TIMUR,35,KOTA SURABAYA,3578,Swasta,23,19,7,4,9,36,98
2018,PROV. JAWA TIMUR,35,KOTA BATU,3579,Negeri,3,0,0,0,0,3,6
2018,PROV. JAWA TIMUR,35,KOTA BATU,3579,Swasta,0,1,0,0,0,0,1
2018,PROV. BANTEN,36,KAB. PANDEGLANG,3601,Negeri,60,16,29,31,33,104,273
2018,PROV. BANTEN,36,KAB. PANDEGLANG,3601,Swasta,0,0,0,0,0,0,0
2018,PROV. BANTEN,36,KAB. LEBAK,3602,Swasta,0,0,0,0,0,1,1
2018,PROV. BANTEN,36,KAB. LEBAK,3602,Negeri,54,24,13,26,36,128,281
2018,PROV. BANTEN,36,KAB. TANGERANG,3603,Negeri,179,48,24,40,44,144,479
2018,PROV. BANTEN,36,KAB. TANGERANG,3603,Swasta,14,21,15,18,15,33,116
2018,PROV. BANTEN,36,KAB. SERANG,3604,Negeri,56,16,9,15,5,33,134
2018,PROV. BANTEN,36,KAB. SERANG,3604,Swasta,1,0,1,1,0,0,3
2018,PROV. BANTEN,36,KOTA TANGERANG,3671,Negeri,17,11,8,11,9,26,82
2018,PROV. BANTEN,36,KOTA TANGERANG,3671,Swasta,4,12,1,11,4,22,54
2018,PROV. BANTEN,36,KOTA CILEGON,3672,Swasta,1,2,3,7,0,0,13
2018,PROV. BANTEN,36,KOTA CILEGON,3672,Negeri,3,5,4,3,5,6,26
2018,PROV. BANTEN,36,KOTA SERANG,3673,Swasta,15,2,1,1,0,1,20
2018,PROV. BANTEN,36,KOTA SERANG,3673,Negeri,102,21,11,16,16,48,214
2018,PROV. BANTEN,36,KOTA TANGERANG SELATAN,3674,Negeri,28,5,3,4,4,3,47
2018,PROV. BANTEN,36,KOTA TANGERANG SELATAN,3674,Swasta,24,10,22,20,11,9,96
2018,PROV. BALI,51,KAB. JEMBRANA,5101,Negeri,4,0,1,0,1,1,7
2018,PROV. BALI,51,KAB. JEMBRANA,5101,Swasta,0,0,0,0,0,0,0
2018,PROV. BALI,51,KAB. TABANAN,5102,Swasta,2,0,0,0,0,0,2
2018,PROV. BALI,51,KAB. TABANAN,5102,Negeri,6,1,0,1,1,0,9
2018,PROV. BALI,51,KAB. BADUNG,5103,Negeri,4,1,0,2,0,3,10
2018,PROV. BALI,51,KAB. BADUNG,5103,Swasta,0,0,1,0,1,2,4
2018,PROV. BALI,51,KAB. GIANYAR,5104,Negeri,6,0,1,0,2,2,11
2018,PROV. BALI,51,KAB. GIANYAR,5104,Swasta,1,1,1,1,0,1,5
2018,PROV. BALI,51,KAB. KLUNGKUNG,5105,Swasta,0,0,0,0,0,0,0
2018,PROV. BALI,51,KAB. KLUNGKUNG,5105,Negeri,5,0,0,0,0,1,6
2018,PROV. BALI,51,KAB. BANGLI,5106,Swasta,0,0,0,0,0,0,0
2018,PROV. BALI,51,KAB. BANGLI,5106,Negeri,3,1,1,0,2,4,11
2018,PROV. BALI,51,KAB. KARANGASEM,5107,Negeri,41,10,18,11,29,11,120
2018,PROV. BALI,51,KAB. KARANGASEM,5107,Swasta,0,0,0,0,0,0,0
2018,PROV. BALI,51,KAB. BULELENG,5108,Swasta,0,0,0,0,0,0,0
2018,PROV. BALI,51,KAB. BULELENG,5108,Negeri,25,4,4,10,9,18,70
2018,PROV. BALI,51,KOTA DENPASAR,5171,Negeri,16,2,4,3,3,3,31
2018,PROV. BALI,51,KOTA DENPASAR,5171,Swasta,5,2,1,0,1,2,11
2018,PROV. NUSA TENGGARA BARAT,52,KAB. LOMBOK BARAT,5201,Negeri,47,8,10,8,8,15,96
2018,PROV. NUSA TENGGARA BARAT,52,KAB. LOMBOK BARAT,5201,Swasta,7,0,0,2,0,3,12
2018,PROV. NUSA TENGGARA BARAT,52,KAB. LOMBOK TENGAH,5202,Swasta,4,0,0,1,0,0,5
2018,PROV. NUSA TENGGARA BARAT,52,KAB. LOMBOK TENGAH,5202,Negeri,78,7,5,9,12,30,141
2018,PROV. NUSA TENGGARA BARAT,52,KAB. LOMBOK TIMUR,5203,Negeri,88,16,10,16,26,61,217
2018,PROV. NUSA TENGGARA BARAT,52,KAB. LOMBOK TIMUR,5203,Swasta,18,0,2,0,0,6,26
2018,PROV. NUSA TENGGARA BARAT,52,KAB. SUMBAWA,5204,Negeri,56,6,6,3,6,23,100
2018,PROV. NUSA TENGGARA BARAT,52,KAB. SUMBAWA,5204,Swasta,0,0,0,0,0,0,0
2018,PROV. NUSA TENGGARA BARAT,52,KAB. DOMPU,5205,Negeri,25,12,16,10,14,75,152
2018,PROV. NUSA TENGGARA BARAT,52,KAB. DOMPU,5205,Swasta,0,0,0,0,0,0,0
2018,PROV. NUSA TENGGARA BARAT,52,KAB. BIMA,5206,Swasta,0,0,1,0,0,0,1
2018,PROV. NUSA TENGGARA BARAT,52,KAB. BIMA,5206,Negeri,28,15,16,13,13,80,165
2018,PROV. NUSA TENGGARA BARAT,52,KAB. SUMBAWA BARAT,5207,Swasta,4,0,1,1,0,0,6
2018,PROV. NUSA TENGGARA BARAT,52,KAB. SUMBAWA BARAT,5207,Negeri,7,0,1,1,0,3,12
2018,PROV. NUSA TENGGARA BARAT,52,KAB. LOMBOK UTARA,5208,Negeri,6,0,1,1,1,12,21
2018,PROV. NUSA TENGGARA BARAT,52,KAB. LOMBOK UTARA,5208,Swasta,1,0,0,1,0,6,8
2018,PROV. NUSA TENGGARA BARAT,52,KOTA MATARAM,5271,Negeri,10,7,7,4,7,9,44
2018,PROV. NUSA TENGGARA BARAT,52,KOTA MATARAM,5271,Swasta,29,1,0,0,2,0,32
2018,PROV. NUSA TENGGARA BARAT,52,KOTA BIMA,5272,Negeri,7,0,2,4,5,7,25
2018,PROV. NUSA TENGGARA BARAT,52,KOTA BIMA,5272,Swasta,0,0,0,0,0,0,0
2018,PROV. NUSA TENGGARA TIMUR,53,KAB. KUPANG,5301,Negeri,21,6,4,9,15,43,98
2018,PROV. NUSA TENGGARA TIMUR,53,KAB. KUPANG,5301,Swasta,4,8,1,1,3,6,23
2018,PROV. NUSA TENGGARA TIMUR,53,KAB. TIMOR TENGAH SELATAN,5302,Negeri,15,14,19,21,24,52,145
2018,PROV. NUSA TENGGARA TIMUR,53,KAB. TIMOR TENGAH SELATAN,5302,Swasta,12,18,15,12,34,27,118
2018,PROV. NUSA TENGGARA TIMUR,53,KAB. TIMOR TENGAH UTARA,5303,Negeri,3,2,4,4,8,30,51
2018,PROV. NUSA TENGGARA TIMUR,53,KAB. TIMOR TENGAH UTARA,5303,Swasta,8,4,4,5,5,23,49
2018,PROV. NUSA TENGGARA TIMUR,53,KAB. BELU,5304,Negeri,10,8,13,7,7,68,113
2018,PROV. NUSA TENGGARA TIMUR,53,KAB. BELU,5304,Swasta,24,3,3,0,12,27,69
2018,PROV. NUSA TENGGARA TIMUR,53,KAB. ALOR,5305,Swasta,9,3,6,25,15,32,90
2018,PROV. NUSA TENGGARA TIMUR,53,KAB. ALOR,5305,Negeri,16,10,4,7,15,38,90
2018,PROV. NUSA TENGGARA TIMUR,53,KAB. FLORES TIMUR,5306,Negeri,32,2,0,4,5,12,55
2018,PROV. NUSA TENGGARA TIMUR,53,KAB. FLORES TIMUR,5306,Swasta,55,3,4,5,3,34,104
2018,PROV. NUSA TENGGARA TIMUR,53,KAB. SIKKA,5307,Swasta,19,3,4,4,16,44,90
2018,PROV. NUSA TENGGARA TIMUR,53,KAB. SIKKA,5307,Negeri,15,7,7,4,19,50,102
2018,PROV. NUSA TENGGARA TIMUR,53,KAB. ENDE,5308,Negeri,37,9,3,8,10,25,92
2018,PROV. NUSA TENGGARA TIMUR,53,KAB. ENDE,5308,Swasta,14,4,1,8,12,27,66
2018,PROV. NUSA TENGGARA TIMUR,53,KAB. NGADA,5309,Swasta,17,4,9,7,10,14,61
2018,PROV. NUSA TENGGARA TIMUR,53,KAB. NGADA,5309,Negeri,7,0,4,3,3,9,26
2018,PROV. NUSA TENGGARA TIMUR,53,KAB. MANGGARAI,5310,Negeri,16,3,2,3,4,20,48
2018,PROV. NUSA TENGGARA TIMUR,53,KAB. MANGGARAI,5310,Swasta,1,3,0,2,1,6,13
2018,PROV. NUSA TENGGARA TIMUR,53,KAB. SUMBA TIMUR,5311,Negeri,24,6,2,2,9,6,49
2018,PROV. NUSA TENGGARA TIMUR,53,KAB. SUMBA TIMUR,5311,Swasta,2,1,2,3,4,7,19
2018,PROV. NUSA TENGGARA TIMUR,53,KAB. SUMBA BARAT,5312,Negeri,17,7,11,9,6,19,69
2018,PROV. NUSA TENGGARA TIMUR,53,KAB. SUMBA BARAT,5312,Swasta,3,7,3,5,10,6,34
2018,PROV. NUSA TENGGARA TIMUR,53,KAB. LEMBATA,5313,Negeri,9,2,1,7,4,16,39
2018,PROV. NUSA TENGGARA TIMUR,53,KAB. LEMBATA,5313,Swasta,2,1,0,0,1,2,6
2018,PROV. NUSA TENGGARA TIMUR,53,KAB. ROTE NDAO,5314,Negeri,7,0,4,2,5,11,29
2018,PROV. NUSA TENGGARA TIMUR,53,KAB. ROTE NDAO,5314,Swasta,12,0,0,0,1,1,14
2018,PROV. NUSA TENGGARA TIMUR,53,KAB. MANGGARAI BARAT,5315,Swasta,12,0,1,1,4,13,31
2018,PROV. NUSA TENGGARA TIMUR,53,KAB. MANGGARAI BARAT,5315,Negeri,14,1,5,3,10,22,55
2018,PROV. NUSA TENGGARA TIMUR,53,KAB. NAGEKEO,5316,Negeri,14,1,0,1,3,10,29
2018,PROV. NUSA TENGGARA TIMUR,53,KAB. NAGEKEO,5316,Swasta,18,1,0,2,2,4,27
2018,PROV. NUSA TENGGARA TIMUR,53,KAB. SUMBA TENGAH,5317,Swasta,8,0,0,1,0,1,10
2018,PROV. NUSA TENGGARA TIMUR,53,KAB. SUMBA TENGAH,5317,Negeri,4,1,0,0,0,1,6
2018,PROV. NUSA TENGGARA TIMUR,53,KAB. SUMBA BARAT DAYA,5318,Swasta,57,9,11,21,15,80,193
2018,PROV. NUSA TENGGARA TIMUR,53,KAB. SUMBA BARAT DAYA,5318,Negeri,27,30,12,15,44,72,200
2018,PROV. NUSA TENGGARA TIMUR,53,KAB. MANGGARAI TIMUR,5319,Swasta,8,4,1,2,2,11,28
2018,PROV. NUSA TENGGARA TIMUR,53,KAB. MANGGARAI TIMUR,5319,Negeri,14,9,9,20,19,24,95
2018,PROV. NUSA TENGGARA TIMUR,53,KAB. SABU RAIJUA,5320,Swasta,0,0,0,0,0,2,2
2018,PROV. NUSA TENGGARA TIMUR,53,KAB. SABU RAIJUA,5320,Negeri,6,2,2,1,0,1,12
2018,PROV. NUSA TENGGARA TIMUR,53,KAB. MALAKA,5321,Negeri,20,4,4,5,12,30,75
2018,PROV. NUSA TENGGARA TIMUR,53,KAB. MALAKA,5321,Swasta,34,6,9,1,5,15,70
2018,PROV. NUSA TENGGARA TIMUR,53,KOTA KUPANG,5371,Swasta,8,3,7,8,2,4,32
2018,PROV. NUSA TENGGARA TIMUR,53,KOTA KUPANG,5371,Negeri,23,4,3,1,3,17,51
2018,PROV. KALIMANTAN BARAT,61,KAB. SAMBAS,6101,Negeri,32,20,12,24,30,36,154
2018,PROV. KALIMANTAN BARAT,61,KAB. SAMBAS,6101,Swasta,1,0,1,0,0,0,2
2018,PROV. KALIMANTAN BARAT,61,KAB. MEMPAWAH,6102,Negeri,21,11,5,8,11,29,85
2018,PROV. KALIMANTAN BARAT,61,KAB. MEMPAWAH,6102,Swasta,0,0,0,1,1,4,6
2018,PROV. KALIMANTAN BARAT,61,KAB. SANGGAU,6103,Negeri,64,17,16,28,26,45,196
2018,PROV. KALIMANTAN BARAT,61,KAB. SANGGAU,6103,Swasta,0,1,0,0,0,0,1
2018,PROV. KALIMANTAN BARAT,61,KAB. KETAPANG,6104,Swasta,3,0,0,0,1,2,6
2018,PROV. KALIMANTAN BARAT,61,KAB. KETAPANG,6104,Negeri,62,26,30,18,24,59,219
2018,PROV. KALIMANTAN BARAT,61,KAB. SINTANG,6105,Negeri,26,24,15,20,28,42,155
2018,PROV. KALIMANTAN BARAT,61,KAB. SINTANG,6105,Swasta,2,1,0,1,0,1,5
2018,PROV. KALIMANTAN BARAT,61,KAB. KAPUAS HULU,6106,Swasta,1,0,1,0,1,0,3
2018,PROV. KALIMANTAN BARAT,61,KAB. KAPUAS HULU,6106,Negeri,16,11,11,13,7,38,96
2018,PROV. KALIMANTAN BARAT,61,KAB. BENGKAYANG,6107,Swasta,1,0,1,0,0,1,3
2018,PROV. KALIMANTAN BARAT,61,KAB. BENGKAYANG,6107,Negeri,32,6,8,12,12,27,97
2018,PROV. KALIMANTAN BARAT,61,KAB. LANDAK,6108,Swasta,0,1,0,0,0,0,1
2018,PROV. KALIMANTAN BARAT,61,KAB. LANDAK,6108,Negeri,99,21,14,18,8,32,192
2018,PROV. KALIMANTAN BARAT,61,KAB. SEKADAU,6109,Negeri,18,11,7,8,8,28,80
2018,PROV. KALIMANTAN BARAT,61,KAB. SEKADAU,6109,Swasta,0,1,0,0,0,0,1
2018,PROV. KALIMANTAN BARAT,61,KAB. MELAWI,6110,Negeri,4,2,7,10,5,73,101
2018,PROV. KALIMANTAN BARAT,61,KAB. MELAWI,6110,Swasta,0,0,0,0,0,0,0
2018,PROV. KALIMANTAN BARAT,61,KAB. KAYONG UTARA,6111,Swasta,1,0,0,0,0,1,2
2018,PROV. KALIMANTAN BARAT,61,KAB. KAYONG UTARA,6111,Negeri,27,3,10,8,20,18,86
2018,PROV. KALIMANTAN BARAT,61,KAB. KUBU RAYA,6112,Negeri,29,30,33,31,43,100,266
2018,PROV. KALIMANTAN BARAT,61,KAB. KUBU RAYA,6112,Swasta,2,2,2,3,5,24,38
2018,PROV. KALIMANTAN BARAT,61,KOTA PONTIANAK,6171,Swasta,7,5,5,5,3,10,35
2018,PROV. KALIMANTAN BARAT,61,KOTA PONTIANAK,6171,Negeri,35,11,12,14,26,18,116
2018,PROV. KALIMANTAN BARAT,61,KOTA SINGKAWANG,6172,Negeri,12,10,8,11,14,35,90
2018,PROV. KALIMANTAN BARAT,61,KOTA SINGKAWANG,6172,Swasta,0,0,1,0,5,0,6
2018,PROV. KALIMANTAN TENGAH,62,KAB. KOTAWARINGIN BARAT,6201,Negeri,13,3,3,7,5,15,46
2018,PROV. KALIMANTAN TENGAH,62,KAB. KOTAWARINGIN BARAT,6201,Swasta,6,1,2,2,2,1,14
2018,PROV. KALIMANTAN TENGAH,62,KAB. KOTAWARINGIN TIMUR,6202,Negeri,17,10,17,13,17,40,114
2018,PROV. KALIMANTAN TENGAH,62,KAB. KOTAWARINGIN TIMUR,6202,Swasta,6,2,9,7,5,6,35
2018,PROV. KALIMANTAN TENGAH,62,KAB. KAPUAS,6203,Swasta,0,1,0,4,1,3,9
2018,PROV. KALIMANTAN TENGAH,62,KAB. KAPUAS,6203,Negeri,23,6,10,20,20,42,121
2018,PROV. KALIMANTAN TENGAH,62,KAB. BARITO SELATAN,6204,Negeri,4,1,0,0,3,6,14
2018,PROV. KALIMANTAN TENGAH,62,KAB. BARITO SELATAN,6204,Swasta,0,0,0,0,0,0,0
2018,PROV. KALIMANTAN TENGAH,62,KAB. BARITO UTARA,6205,Negeri,1,0,3,1,1,11,17
2018,PROV. KALIMANTAN TENGAH,62,KAB. BARITO UTARA,6205,Swasta,0,0,0,0,0,1,1
2018,PROV. KALIMANTAN TENGAH,62,KAB. KATINGAN,6206,Swasta,0,0,0,0,0,0,0
2018,PROV. KALIMANTAN TENGAH,62,KAB. KATINGAN,6206,Negeri,9,8,10,4,10,13,54
2018,PROV. KALIMANTAN TENGAH,62,KAB. SERUYAN,6207,Negeri,2,3,2,3,2,11,23
2018,PROV. KALIMANTAN TENGAH,62,KAB. SERUYAN,6207,Swasta,4,0,0,0,1,3,8
2018,PROV. KALIMANTAN TENGAH,62,KAB. SUKAMARA,6208,Negeri,0,0,0,1,2,4,7
2018,PROV. KALIMANTAN TENGAH,62,KAB. SUKAMARA,6208,Swasta,0,0,0,0,1,0,1
2018,PROV. KALIMANTAN TENGAH,62,KAB. LAMANDAU,6209,Negeri,1,6,1,2,0,2,12
2018,PROV. KALIMANTAN TENGAH,62,KAB. LAMANDAU,6209,Swasta,0,0,0,0,0,0,0
2018,PROV. KALIMANTAN TENGAH,62,KAB. GUNUNG MAS,6210,Negeri,8,5,1,10,2,5,31
2018,PROV. KALIMANTAN TENGAH,62,KAB. GUNUNG MAS,6210,Swasta,0,0,0,0,0,0,0
2018,PROV. KALIMANTAN TENGAH,62,KAB. PULANG PISAU,6211,Swasta,1,0,1,1,1,4,8
2018,PROV. KALIMANTAN TENGAH,62,KAB. PULANG PISAU,6211,Negeri,25,0,2,2,6,21,56
2018,PROV. KALIMANTAN TENGAH,62,KAB. MURUNG RAYA,6212,Swasta,0,0,0,0,0,0,0
2018,PROV. KALIMANTAN TENGAH,62,KAB. MURUNG RAYA,6212,Negeri,13,5,5,6,6,16,51
2018,PROV. KALIMANTAN TENGAH,62,KAB. BARITO TIMUR,6213,Swasta,0,0,0,0,0,0,0
2018,PROV. KALIMANTAN TENGAH,62,KAB. BARITO TIMUR,6213,Negeri,6,1,0,0,0,0,7
2018,PROV. KALIMANTAN TENGAH,62,KOTA PALANGKA RAYA,6271,Swasta,0,0,0,0,0,0,0
2018,PROV. KALIMANTAN TENGAH,62,KOTA PALANGKA RAYA,6271,Negeri,25,1,1,6,12,2,47
2018,PROV. KALIMANTAN SELATAN,63,KAB. TANAH LAUT,6301,Negeri,23,3,9,9,10,24,78
2018,PROV. KALIMANTAN SELATAN,63,KAB. TANAH LAUT,6301,Swasta,0,0,0,0,0,0,0
2018,PROV. KALIMANTAN SELATAN,63,KAB. KOTABARU,6302,Swasta,3,2,0,1,4,6,16
2018,PROV. KALIMANTAN SELATAN,63,KAB. KOTABARU,6302,Negeri,37,4,7,6,8,19,81
2018,PROV. KALIMANTAN SELATAN,63,KAB. BANJAR,6303,Swasta,0,0,0,0,0,0,0
2018,PROV. KALIMANTAN SELATAN,63,KAB. BANJAR,6303,Negeri,42,21,20,26,35,46,190
2018,PROV. KALIMANTAN SELATAN,63,KAB. BARITO KUALA,6304,Negeri,38,7,5,2,3,8,63
2018,PROV. KALIMANTAN SELATAN,63,KAB. BARITO KUALA,6304,Swasta,0,0,0,0,0,0,0
2018,PROV. KALIMANTAN SELATAN,63,KAB. TAPIN,6305,Swasta,0,0,0,0,0,0,0
2018,PROV. KALIMANTAN SELATAN,63,KAB. TAPIN,6305,Negeri,11,5,0,3,0,13,32
2018,PROV. KALIMANTAN SELATAN,63,KAB. HULU SUNGAI SELATAN,6306,Swasta,0,0,0,0,0,0,0
2018,PROV. KALIMANTAN SELATAN,63,KAB. HULU SUNGAI SELATAN,6306,Negeri,18,3,1,3,2,7,34
2018,PROV. KALIMANTAN SELATAN,63,KAB. HULU SUNGAI TENGAH,6307,Negeri,7,7,2,6,3,6,31
2018,PROV. KALIMANTAN SELATAN,63,KAB. HULU SUNGAI TENGAH,6307,Swasta,1,1,0,0,0,1,3
2018,PROV. KALIMANTAN SELATAN,63,KAB. HULU SUNGAI UTARA,6308,Negeri,8,1,0,4,5,5,23
2018,PROV. KALIMANTAN SELATAN,63,KAB. HULU SUNGAI UTARA,6308,Swasta,0,0,0,0,0,0,0
2018,PROV. KALIMANTAN SELATAN,63,KAB. TABALONG,6309,Negeri,33,15,9,11,13,17,98
2018,PROV. KALIMANTAN SELATAN,63,KAB. TABALONG,6309,Swasta,0,0,0,0,0,0,0
2018,PROV. KALIMANTAN SELATAN,63,KAB. TANAH BUMBU,6310,Negeri,31,14,9,5,7,27,93
2018,PROV. KALIMANTAN SELATAN,63,KAB. TANAH BUMBU,6310,Swasta,2,0,0,1,0,1,4
2018,PROV. KALIMANTAN SELATAN,63,KAB. BALANGAN,6311,Negeri,6,1,1,3,4,0,15
2018,PROV. KALIMANTAN SELATAN,63,KAB. BALANGAN,6311,Swasta,0,0,0,0,0,0,0
2018,PROV. KALIMANTAN SELATAN,63,KOTA BANJARMASIN,6371,Negeri,33,9,9,5,7,18,81
2018,PROV. KALIMANTAN SELATAN,63,KOTA BANJARMASIN,6371,Swasta,7,2,0,0,1,1,11
2018,PROV. KALIMANTAN SELATAN,63,KOTA BANJARBARU,6372,Negeri,7,3,5,1,1,10,27
2018,PROV. KALIMANTAN SELATAN,63,KOTA BANJARBARU,6372,Swasta,0,0,0,0,0,0,0
2018,PROV. KALIMANTAN TIMUR,64,KAB. PASER,6401,Swasta,0,1,0,0,1,1,3
2018,PROV. KALIMANTAN TIMUR,64,KAB. PASER,6401,Negeri,21,8,6,6,10,16,67
2018,PROV. KALIMANTAN TIMUR,64,KAB. KUTAI KARTANEGARA,6402,Negeri,20,10,12,10,8,47,107
2018,PROV. KALIMANTAN TIMUR,64,KAB. KUTAI KARTANEGARA,6402,Swasta,1,2,0,0,0,3,6
2018,PROV. KALIMANTAN TIMUR,64,KAB. BERAU,6403,Swasta,7,2,1,0,2,1,13
2018,PROV. KALIMANTAN TIMUR,64,KAB. BERAU,6403,Negeri,4,3,8,3,6,28,52
2018,PROV. KALIMANTAN TIMUR,64,KAB. KUTAI BARAT,6407,Swasta,2,0,1,0,0,0,3
2018,PROV. KALIMANTAN TIMUR,64,KAB. KUTAI BARAT,6407,Negeri,9,4,8,7,3,9,40
2018,PROV. KALIMANTAN TIMUR,64,KAB. KUTAI TIMUR,6408,Swasta,4,1,1,1,2,1,10
2018,PROV. KALIMANTAN TIMUR,64,KAB. KUTAI TIMUR,6408,Negeri,13,15,3,13,14,23,81
2018,PROV. KALIMANTAN TIMUR,64,KAB. PENAJAM PASER UTARA,6409,Negeri,10,7,2,7,5,23,54
2018,PROV. KALIMANTAN TIMUR,64,KAB. PENAJAM PASER UTARA,6409,Swasta,2,2,1,0,1,0,6
2018,PROV. KALIMANTAN TIMUR,64,KAB. MAHAKAM ULU,6411,Negeri,2,1,0,1,1,5,10
2018,PROV. KALIMANTAN TIMUR,64,KAB. MAHAKAM ULU,6411,Swasta,0,0,0,0,0,0,0
2018,PROV. KALIMANTAN TIMUR,64,KOTA BALIKPAPAN,6471,Swasta,1,5,2,2,2,4,16
2018,PROV. KALIMANTAN TIMUR,64,KOTA BALIKPAPAN,6471,Negeri,11,3,7,4,8,13,46
2018,PROV. KALIMANTAN TIMUR,64,KOTA SAMARINDA,6472,Negeri,16,5,2,9,11,35,78
2018,PROV. KALIMANTAN TIMUR,64,KOTA SAMARINDA,6472,Swasta,3,0,1,2,3,0,9
2018,PROV. KALIMANTAN TIMUR,64,KOTA BONTANG,6474,Swasta,1,0,1,0,1,0,3
2018,PROV. KALIMANTAN TIMUR,64,KOTA BONTANG,6474,Negeri,1,0,0,0,1,3,5
2018,PROV. KALIMANTAN UTARA,65,KAB. BULUNGAN,6501,Swasta,0,0,0,0,0,0,0
2018,PROV. KALIMANTAN UTARA,65,KAB. BULUNGAN,6501,Negeri,6,7,8,16,8,5,50
2018,PROV. KALIMANTAN UTARA,65,KAB. MALINAU,6502,Negeri,2,0,0,0,2,9,13
2018,PROV. KALIMANTAN UTARA,65,KAB. MALINAU,6502,Swasta,0,0,0,0,0,0,0
2018,PROV. KALIMANTAN UTARA,65,KAB. NUNUKAN,6503,Swasta,0,0,0,0,0,8,8
2018,PROV. KALIMANTAN UTARA,65,KAB. NUNUKAN,6503,Negeri,8,3,5,3,8,18,45
2018,PROV. KALIMANTAN UTARA,65,KAB. TANA TIDUNG,6504,Negeri,2,0,2,0,1,6,11
2018,PROV. KALIMANTAN UTARA,65,KAB. TANA TIDUNG,6504,Swasta,0,0,0,0,0,0,0
2018,PROV. KALIMANTAN UTARA,65,KOTA TARAKAN,6571,Negeri,1,1,2,1,2,16,23
2018,PROV. KALIMANTAN UTARA,65,KOTA TARAKAN,6571,Swasta,1,0,0,0,1,3,5
2018,PROV. SULAWESI UTARA,71,KAB. BOLAANG MONGONDOW,7101,Swasta,1,0,2,0,3,1,7
2018,PROV. SULAWESI UTARA,71,KAB. BOLAANG MONGONDOW,7101,Negeri,7,1,2,4,4,1,19
2018,PROV. SULAWESI UTARA,71,KAB. MINAHASA,7102,Swasta,1,5,0,0,0,7,13
2018,PROV. SULAWESI UTARA,71,KAB. MINAHASA,7102,Negeri,5,3,2,2,5,20,37
2018,PROV. SULAWESI UTARA,71,KAB. KEPULAUAN SANGIHE,7103,Swasta,0,0,1,0,0,3,4
2018,PROV. SULAWESI UTARA,71,KAB. KEPULAUAN SANGIHE,7103,Negeri,9,0,2,1,2,4,18
2018,PROV. SULAWESI UTARA,71,KAB. KEPULAUAN TALAUD,7104,Swasta,1,0,0,0,0,2,3
2018,PROV. SULAWESI UTARA,71,KAB. KEPULAUAN TALAUD,7104,Negeri,2,0,0,0,0,0,2
2018,PROV. SULAWESI UTARA,71,KAB. MINAHASA SELATAN,7105,Negeri,5,0,1,0,0,2,8
2018,PROV. SULAWESI UTARA,71,KAB. MINAHASA SELATAN,7105,Swasta,0,0,0,0,0,1,1
2018,PROV. SULAWESI UTARA,71,KAB. MINAHASA UTARA,7106,Swasta,2,2,1,1,2,22,30
2018,PROV. SULAWESI UTARA,71,KAB. MINAHASA UTARA,7106,Negeri,1,2,1,2,22,9,37
2018,PROV. SULAWESI UTARA,71,KAB. MINAHASA TENGGARA,7107,Negeri,1,3,1,3,1,1,10
2018,PROV. SULAWESI UTARA,71,KAB. MINAHASA TENGGARA,7107,Swasta,0,0,0,2,1,1,4
2018,PROV. SULAWESI UTARA,71,KAB. BOLAANG MONGONDOW UTARA,7108,Swasta,0,0,0,0,0,0,0
2018,PROV. SULAWESI UTARA,71,KAB. BOLAANG MONGONDOW UTARA,7108,Negeri,5,1,1,0,1,1,9
2018,PROV. SULAWESI UTARA,71,KAB. KEP. SIAU TAGULANDANG BIARO,7109,Swasta,1,0,4,0,1,0,6
2018,PROV. SULAWESI UTARA,71,KAB. KEP. SIAU TAGULANDANG BIARO,7109,Negeri,0,0,0,0,0,1,1
2018,PROV. SULAWESI UTARA,71,KAB. BOLAANG MONGONDOW TIMUR,7110,Swasta,0,0,0,0,0,0,0
2018,PROV. SULAWESI UTARA,71,KAB. BOLAANG MONGONDOW TIMUR,7110,Negeri,0,0,1,0,3,9,13
2018,PROV. SULAWESI UTARA,71,KAB. BOLAANG MONGONDOW SELATAN,7111,Swasta,0,0,0,0,0,1,1
2018,PROV. SULAWESI UTARA,71,KAB. BOLAANG MONGONDOW SELATAN,7111,Negeri,2,3,0,2,0,6,13
2018,PROV. SULAWESI UTARA,71,KOTA MANADO,7171,Swasta,1,1,2,0,3,15,22
2018,PROV. SULAWESI UTARA,71,KOTA MANADO,7171,Negeri,2,0,3,5,14,12,36
2018,PROV. SULAWESI UTARA,71,KOTA BITUNG,7172,Negeri,0,0,0,0,0,1,1
2018,PROV. SULAWESI UTARA,71,KOTA BITUNG,7172,Swasta,1,0,2,0,2,3,8
2018,PROV. SULAWESI UTARA,71,KOTA TOMOHON,7173,Swasta,0,0,0,3,0,0,3
2018,PROV. SULAWESI UTARA,71,KOTA TOMOHON,7173,Negeri,0,0,0,0,0,0,0
2018,PROV. SULAWESI UTARA,71,KOTA KOTAMOBAGU,7174,Swasta,0,0,0,0,0,0,0
2018,PROV. SULAWESI UTARA,71,KOTA KOTAMOBAGU,7174,Negeri,4,0,1,4,2,7,18
2018,PROV. SULAWESI TENGAH,72,KAB. BANGGAI,7201,Negeri,40,8,6,17,18,84,173
2018,PROV. SULAWESI TENGAH,72,KAB. BANGGAI,7201,Swasta,1,0,0,0,0,0,1
2018,PROV. SULAWESI TENGAH,72,KAB. POSO,7202,Negeri,3,1,2,1,5,4,16
2018,PROV. SULAWESI TENGAH,72,KAB. POSO,7202,Swasta,1,0,1,0,0,0,2
2018,PROV. SULAWESI TENGAH,72,KAB. DONGGALA,7203,Swasta,0,0,0,0,0,0,0
2018,PROV. SULAWESI TENGAH,72,KAB. DONGGALA,7203,Negeri,10,4,2,10,5,10,41
2018,PROV. SULAWESI TENGAH,72,KAB. TOLITOLI,7204,Negeri,25,7,2,7,6,5,52
2018,PROV. SULAWESI TENGAH,72,KAB. TOLITOLI,7204,Swasta,0,0,0,0,2,0,2
2018,PROV. SULAWESI TENGAH,72,KAB. BUOL,7205,Swasta,0,0,0,0,0,0,0
2018,PROV. SULAWESI TENGAH,72,KAB. BUOL,7205,Negeri,13,2,12,9,18,30,84
2018,PROV. SULAWESI TENGAH,72,KAB. MOROWALI,7206,Negeri,1,5,4,3,3,8,24
2018,PROV. SULAWESI TENGAH,72,KAB. MOROWALI,7206,Swasta,1,0,0,0,0,1,2
2018,PROV. SULAWESI TENGAH,72,KAB. BANGGAI KEPULAUAN,7207,Swasta,0,0,0,0,0,2,2
2018,PROV. SULAWESI TENGAH,72,KAB. BANGGAI KEPULAUAN,7207,Negeri,10,11,10,10,24,28,93
2018,PROV. SULAWESI TENGAH,72,KAB. PARIGI MOUTONG,7208,Swasta,0,8,10,5,5,16,44
2018,PROV. SULAWESI TENGAH,72,KAB. PARIGI MOUTONG,7208,Negeri,25,7,8,11,11,16,78
2018,PROV. SULAWESI TENGAH,72,KAB. TOJO UNA UNA,7209,Negeri,3,23,29,28,19,41,143
2018,PROV. SULAWESI TENGAH,72,KAB. TOJO UNA UNA,7209,Swasta,0,0,0,0,0,0,0
2018,PROV. SULAWESI TENGAH,72,KAB. SIGI,7210,Swasta,0,0,0,0,1,4,5
2018,PROV. SULAWESI TENGAH,72,KAB. SIGI,7210,Negeri,4,1,0,2,0,13,20
2018,PROV. SULAWESI TENGAH,72,KAB. BANGGAI LAUT,7211,Negeri,2,2,3,3,8,4,22
2018,PROV. SULAWESI TENGAH,72,KAB. BANGGAI LAUT,7211,Swasta,0,0,0,0,0,0,0
2018,PROV. SULAWESI TENGAH,72,KAB. MOROWALI UTARA,7212,Negeri,19,4,1,3,4,7,38
2018,PROV. SULAWESI TENGAH,72,KAB. MOROWALI UTARA,7212,Swasta,1,0,0,0,0,0,1
2018,PROV. SULAWESI TENGAH,72,KOTA PALU,7271,Swasta,5,0,0,2,1,1,9
2018,PROV. SULAWESI TENGAH,72,KOTA PALU,7271,Negeri,1,4,1,0,2,7,15
2018,PROV. SULAWESI SELATAN,73,KAB. KEPULAUAN SELAYAR,7301,Negeri,15,3,4,13,14,26,75
2018,PROV. SULAWESI SELATAN,73,KAB. KEPULAUAN SELAYAR,7301,Swasta,0,0,0,0,0,0,0
2018,PROV. SULAWESI SELATAN,73,KAB. BULUKUMBA,7302,Negeri,48,13,19,17,31,91,219
2018,PROV. SULAWESI SELATAN,73,KAB. BULUKUMBA,7302,Swasta,0,0,0,0,0,0,0
2018,PROV. SULAWESI SELATAN,73,KAB. BANTAENG,7303,Swasta,0,0,0,0,0,1,1
2018,PROV. SULAWESI SELATAN,73,KAB. BANTAENG,7303,Negeri,19,18,5,11,10,44,107
2018,PROV. SULAWESI SELATAN,73,KAB. JENEPONTO,7304,Negeri,72,32,13,12,24,227,380
2018,PROV. SULAWESI SELATAN,73,KAB. JENEPONTO,7304,Swasta,3,0,0,0,0,5,8
2018,PROV. SULAWESI SELATAN,73,KAB. TAKALAR,7305,Negeri,23,5,5,10,6,72,121
2018,PROV. SULAWESI SELATAN,73,KAB. TAKALAR,7305,Swasta,0,0,0,0,0,0,0
2018,PROV. SULAWESI SELATAN,73,KAB. GOWA,7306,Negeri,10,13,15,26,26,198,288
2018,PROV. SULAWESI SELATAN,73,KAB. GOWA,7306,Swasta,1,0,1,0,0,4,6
2018,PROV. SULAWESI SELATAN,73,KAB. SINJAI,7307,Swasta,0,0,0,0,0,0,0
2018,PROV. SULAWESI SELATAN,73,KAB. SINJAI,7307,Negeri,5,3,3,4,7,46,68
2018,PROV. SULAWESI SELATAN,73,KAB. BONE,7308,Negeri,127,36,30,29,34,68,324
2018,PROV. SULAWESI SELATAN,73,KAB. BONE,7308,Swasta,1,2,0,0,0,0,3
2018,PROV. SULAWESI SELATAN,73,KAB. MAROS,7309,Swasta,6,1,0,0,0,0,7
2018,PROV. SULAWESI SELATAN,73,KAB. MAROS,7309,Negeri,15,5,1,8,5,28,62
2018,PROV. SULAWESI SELATAN,73,KAB. PANGKAJENE DAN KEPULAUAN,7310,Negeri,32,5,3,5,3,15,63
2018,PROV. SULAWESI SELATAN,73,KAB. PANGKAJENE DAN KEPULAUAN,7310,Swasta,0,0,0,0,0,0,0
2018,PROV. SULAWESI SELATAN,73,KAB. BARRU,7311,Swasta,0,0,0,0,0,0,0
2018,PROV. SULAWESI SELATAN,73,KAB. BARRU,7311,Negeri,17,4,2,3,7,15,48
2018,PROV. SULAWESI SELATAN,73,KAB. SOPPENG,7312,Negeri,4,7,1,4,6,8,30
2018,PROV. SULAWESI SELATAN,73,KAB. SOPPENG,7312,Swasta,0,0,0,0,0,0,0
2018,PROV. SULAWESI SELATAN,73,KAB. WAJO,7313,Negeri,13,8,13,14,12,50,110
2018,PROV. SULAWESI SELATAN,73,KAB. WAJO,7313,Swasta,0,0,0,0,0,0,0
2018,PROV. SULAWESI SELATAN,73,KAB. SIDENRENG RAPPANG,7314,Swasta,0,0,0,0,0,0,0
2018,PROV. SULAWESI SELATAN,73,KAB. SIDENRENG RAPPANG,7314,Negeri,32,16,4,7,14,55,128
2018,PROV. SULAWESI SELATAN,73,KAB. PINRANG,7315,Negeri,63,3,12,7,18,45,148
2018,PROV. SULAWESI SELATAN,73,KAB. PINRANG,7315,Swasta,21,0,0,1,0,2,24
2018,PROV. SULAWESI SELATAN,73,KAB. ENREKANG,7316,Swasta,3,0,0,0,0,0,3
2018,PROV. SULAWESI SELATAN,73,KAB. ENREKANG,7316,Negeri,8,6,3,2,1,8,28
2018,PROV. SULAWESI SELATAN,73,KAB. LUWU,7317,Swasta,0,0,1,0,1,9,11
2018,PROV. SULAWESI SELATAN,73,KAB. LUWU,7317,Negeri,14,10,11,10,9,53,107
2018,PROV. SULAWESI SELATAN,73,KAB. TANA TORAJA,7318,Negeri,13,3,3,10,5,25,59
2018,PROV. SULAWESI SELATAN,73,KAB. TANA TORAJA,7318,Swasta,0,0,0,0,0,0,0
2018,PROV. SULAWESI SELATAN,73,KAB. LUWU UTARA,7322,Swasta,0,0,0,0,0,0,0
2018,PROV. SULAWESI SELATAN,73,KAB. LUWU UTARA,7322,Negeri,27,5,2,7,10,28,79
2018,PROV. SULAWESI SELATAN,73,KAB. LUWU TIMUR,7324,Negeri,10,3,3,4,7,10,37
2018,PROV. SULAWESI SELATAN,73,KAB. LUWU TIMUR,7324,Swasta,1,0,1,0,1,0,3
2018,PROV. SULAWESI SELATAN,73,KAB. TORAJA UTARA,7326,Negeri,22,13,6,7,3,30,81
2018,PROV. SULAWESI SELATAN,73,KAB. TORAJA UTARA,7326,Swasta,1,0,0,0,0,0,1
2018,PROV. SULAWESI SELATAN,73,KOTA MAKASSAR,7371,Swasta,11,4,3,4,10,25,57
2018,PROV. SULAWESI SELATAN,73,KOTA MAKASSAR,7371,Negeri,31,10,10,18,25,165,259
2018,PROV. SULAWESI SELATAN,73,KOTA PAREPARE,7372,Negeri,2,3,2,1,2,17,27
2018,PROV. SULAWESI SELATAN,73,KOTA PAREPARE,7372,Swasta,0,0,0,0,0,0,0
2018,PROV. SULAWESI SELATAN,73,KOTA PALOPO,7373,Swasta,2,0,0,0,0,3,5
2018,PROV. SULAWESI SELATAN,73,KOTA PALOPO,7373,Negeri,40,4,8,5,4,28,89
2018,PROV. SULAWESI TENGGARA,74,KAB. KOLAKA,7401,Negeri,7,2,3,2,2,23,39
2018,PROV. SULAWESI TENGGARA,74,KAB. KOLAKA,7401,Swasta,2,0,0,0,0,1,3
2018,PROV. SULAWESI TENGGARA,74,KAB. KONAWE,7402,Swasta,0,0,0,0,0,0,0
2018,PROV. SULAWESI TENGGARA,74,KAB. KONAWE,7402,Negeri,20,5,7,8,31,44,115
2018,PROV. SULAWESI TENGGARA,74,KAB. MUNA,7403,Swasta,0,0,1,0,0,0,1
2018,PROV. SULAWESI TENGGARA,74,KAB. MUNA,7403,Negeri,14,5,7,6,6,23,61
2018,PROV. SULAWESI TENGGARA,74,KAB. BUTON,7404,Negeri,10,0,3,4,5,16,38
2018,PROV. SULAWESI TENGGARA,74,KAB. BUTON,7404,Swasta,0,0,0,0,0,0,0
2018,PROV. SULAWESI TENGGARA,74,KAB. KONAWE SELATAN,7405,Swasta,0,0,0,0,0,0,0
2018,PROV. SULAWESI TENGGARA,74,KAB. KONAWE SELATAN,7405,Negeri,59,6,13,16,28,122,244
2018,PROV. SULAWESI TENGGARA,74,KAB. BOMBANA,7406,Negeri,60,5,2,7,5,19,98
2018,PROV. SULAWESI TENGGARA,74,KAB. BOMBANA,7406,Swasta,0,0,1,0,1,2,4
2018,PROV. SULAWESI TENGGARA,74,KAB. WAKATOBI,7407,Swasta,0,0,0,0,1,0,1
2018,PROV. SULAWESI TENGGARA,74,KAB. WAKATOBI,7407,Negeri,3,2,3,3,9,10,30
2018,PROV. SULAWESI TENGGARA,74,KAB. KOLAKA UTARA,7408,Swasta,0,0,0,0,0,0,0
2018,PROV. SULAWESI TENGGARA,74,KAB. KOLAKA UTARA,7408,Negeri,11,3,1,2,3,33,53
2018,PROV. SULAWESI TENGGARA,74,KAB. KONAWE UTARA,7409,Swasta,0,0,0,0,0,0,0
2018,PROV. SULAWESI TENGGARA,74,KAB. KONAWE UTARA,7409,Negeri,13,0,1,0,2,6,22
2018,PROV. SULAWESI TENGGARA,74,KAB. BUTON UTARA,7410,Negeri,7,0,3,6,4,3,23
2018,PROV. SULAWESI TENGGARA,74,KAB. BUTON UTARA,7410,Swasta,0,0,0,0,0,0,0
2018,PROV. SULAWESI TENGGARA,74,KAB. KOLAKA TIMUR,7411,Swasta,0,0,0,0,0,0,0
2018,PROV. SULAWESI TENGGARA,74,KAB. KOLAKA TIMUR,7411,Negeri,6,2,7,21,6,29,71
2018,PROV. SULAWESI TENGGARA,74,KAB. KONAWE KEPULAUAN,7412,Negeri,9,0,0,1,1,2,13
2018,PROV. SULAWESI TENGGARA,74,KAB. KONAWE KEPULAUAN,7412,Swasta,0,0,0,0,0,0,0
2018,PROV. SULAWESI TENGGARA,74,KAB. MUNA BARAT,7413,Negeri,0,0,2,2,10,12,26
2018,PROV. SULAWESI TENGGARA,74,KAB. MUNA BARAT,7413,Swasta,0,0,0,0,0,0,0
2018,PROV. SULAWESI TENGGARA,74,KAB. BUTON TENGAH,7414,Negeri,18,14,17,22,17,26,114
2018,PROV. SULAWESI TENGGARA,74,KAB. BUTON TENGAH,7414,Swasta,0,0,0,0,0,0,0
2018,PROV. SULAWESI TENGGARA,74,KAB. BUTON SELATAN,7415,Swasta,0,0,0,0,0,0,0
2018,PROV. SULAWESI TENGGARA,74,KAB. BUTON SELATAN,7415,Negeri,6,5,4,7,10,68,100
2018,PROV. SULAWESI TENGGARA,74,KOTA KENDARI,7471,Swasta,0,0,0,0,0,0,0
2018,PROV. SULAWESI TENGGARA,74,KOTA KENDARI,7471,Negeri,2,0,3,5,6,22,38
2018,PROV. SULAWESI TENGGARA,74,KOTA BAU BAU,7472,Negeri,8,4,1,2,4,11,30
2018,PROV. SULAWESI TENGGARA,74,KOTA BAU BAU,7472,Swasta,0,0,0,0,0,0,0
2018,PROV. GORONTALO,75,KAB. GORONTALO,7501,Negeri,69,42,65,79,101,75,431
2018,PROV. GORONTALO,75,KAB. GORONTALO,7501,Swasta,1,1,0,0,0,1,3
2018,PROV. GORONTALO,75,KAB. BOALEMO,7502,Swasta,0,0,0,0,0,0,0
2018,PROV. GORONTALO,75,KAB. BOALEMO,7502,Negeri,8,3,9,7,18,30,75
2018,PROV. GORONTALO,75,KAB. BONE BOLANGO,7503,Swasta,0,0,0,0,0,0,0
2018,PROV. GORONTALO,75,KAB. BONE BOLANGO,7503,Negeri,18,3,10,8,7,8,54
2018,PROV. GORONTALO,75,KAB. POHUWATO,7504,Swasta,0,0,0,0,0,0,0
2018,PROV. GORONTALO,75,KAB. POHUWATO,7504,Negeri,18,3,8,8,8,22,67
2018,PROV. GORONTALO,75,KAB. GORONTALO UTARA,7505,Negeri,4,4,6,7,17,24,62
2018,PROV. GORONTALO,75,KAB. GORONTALO UTARA,7505,Swasta,0,0,0,0,0,0,0
2018,PROV. GORONTALO,75,KOTA GORONTALO,7571,Negeri,8,1,0,5,3,14,31
2018,PROV. GORONTALO,75,KOTA GORONTALO,7571,Swasta,0,1,0,1,0,1,3
2018,PROV. SULAWESI BARAT,76,KAB. PASANGKAYU,7601,Negeri,7,6,10,8,15,15,61
2018,PROV. SULAWESI BARAT,76,KAB. PASANGKAYU,7601,Swasta,0,0,0,0,0,0,0
2018,PROV. SULAWESI BARAT,76,KAB. MAMUJU,7602,Negeri,11,4,8,4,8,109,144
2018,PROV. SULAWESI BARAT,76,KAB. MAMUJU,7602,Swasta,0,0,0,0,0,0,0
2018,PROV. SULAWESI BARAT,76,KAB. MAMASA,7603,Negeri,17,6,23,13,13,263,335
2018,PROV. SULAWESI BARAT,76,KAB. MAMASA,7603,Swasta,0,0,0,0,0,0,0
2018,PROV. SULAWESI BARAT,76,KAB. POLEWALI MANDAR,7604,Swasta,0,0,0,0,0,0,0
2018,PROV. SULAWESI BARAT,76,KAB. POLEWALI MANDAR,7604,Negeri,13,6,11,10,30,29,99
2018,PROV. SULAWESI BARAT,76,KAB. MAJENE,7605,Swasta,0,0,0,0,0,0,0
2018,PROV. SULAWESI BARAT,76,KAB. MAJENE,7605,Negeri,41,0,3,2,8,16,70
2018,PROV. SULAWESI BARAT,76,KAB. MAMUJU TENGAH,7606,Negeri,4,26,9,5,19,14,77
2018,PROV. SULAWESI BARAT,76,KAB. MAMUJU TENGAH,7606,Swasta,0,0,0,0,0,0,0
2018,PROV. MALUKU,81,KAB. MALUKU TENGAH,8101,Swasta,7,0,0,0,1,3,11
2018,PROV. MALUKU,81,KAB. MALUKU TENGAH,8101,Negeri,19,6,13,7,23,40,108
2018,PROV. MALUKU,81,KAB. MALUKU TENGGARA,8102,Swasta,6,0,0,2,2,9,19
2018,PROV. MALUKU,81,KAB. MALUKU TENGGARA,8102,Negeri,2,0,2,3,4,2,13
2018,PROV. MALUKU,81,KAB. KEPULAUAN TANIMBAR,8103,Swasta,2,1,0,2,2,8,15
2018,PROV. MALUKU,81,KAB. KEPULAUAN TANIMBAR,8103,Negeri,5,0,2,1,1,9,18
2018,PROV. MALUKU,81,KAB. BURU,8104,Negeri,17,10,5,9,12,41,94
2018,PROV. MALUKU,81,KAB. BURU,8104,Swasta,12,0,0,0,2,12,26
2018,PROV. MALUKU,81,KAB. SERAM BAGIAN TIMUR,8105,Negeri,7,0,1,1,5,15,29
2018,PROV. MALUKU,81,KAB. SERAM BAGIAN TIMUR,8105,Swasta,0,0,0,0,0,2,2
2018,PROV. MALUKU,81,KAB. SERAM BAGIAN BARAT,8106,Swasta,1,2,0,1,0,5,9
2018,PROV. MALUKU,81,KAB. SERAM BAGIAN BARAT,8106,Negeri,17,2,3,5,7,26,60
2018,PROV. MALUKU,81,KAB. KEPULAUAN ARU,8107,Swasta,8,0,0,0,0,0,8
2018,PROV. MALUKU,81,KAB. KEPULAUAN ARU,8107,Negeri,1,3,0,2,0,0,6
2018,PROV. MALUKU,81,KAB. MALUKU BARAT DAYA,8108,Negeri,2,1,0,0,1,3,7
2018,PROV. MALUKU,81,KAB. MALUKU BARAT DAYA,8108,Swasta,0,0,1,2,2,2,7
2018,PROV. MALUKU,81,KAB. BURU SELATAN,8109,Negeri,0,0,1,5,0,15,21
2018,PROV. MALUKU,81,KAB. BURU SELATAN,8109,Swasta,0,0,0,0,0,6,6
2018,PROV. MALUKU,81,KOTA AMBON,8171,Swasta,6,1,2,3,1,1,14
2018,PROV. MALUKU,81,KOTA AMBON,8171,Negeri,3,4,4,6,4,14,35
2018,PROV. MALUKU,81,KOTA TUAL,8172,Negeri,0,3,0,0,0,3,6
2018,PROV. MALUKU,81,KOTA TUAL,8172,Swasta,0,0,0,0,0,1,1
2018,PROV. MALUKU UTARA,82,KAB. HALMAHERA BARAT,8201,Swasta,0,0,1,0,2,2,5
2018,PROV. MALUKU UTARA,82,KAB. HALMAHERA BARAT,8201,Negeri,13,3,1,1,3,7,28
2018,PROV. MALUKU UTARA,82,KAB. HALMAHERA TENGAH,8202,Swasta,0,0,0,0,0,0,0
2018,PROV. MALUKU UTARA,82,KAB. HALMAHERA TENGAH,8202,Negeri,14,5,6,3,7,21,56
2018,PROV. MALUKU UTARA,82,KAB. HALMAHERA UTARA,8203,Negeri,11,6,5,6,26,54,108
2018,PROV. MALUKU UTARA,82,KAB. HALMAHERA UTARA,8203,Swasta,2,4,0,0,0,1,7
2018,PROV. MALUKU UTARA,82,KAB. HALMAHERA SELATAN,8204,Swasta,0,1,0,0,0,2,3
2018,PROV. MALUKU UTARA,82,KAB. HALMAHERA SELATAN,8204,Negeri,5,7,8,13,33,95,161
2018,PROV. MALUKU UTARA,82,KAB. KEPULAUAN SULA,8205,Swasta,0,0,0,0,0,0,0
2018,PROV. MALUKU UTARA,82,KAB. KEPULAUAN SULA,8205,Negeri,13,11,6,2,3,35,70
2018,PROV. MALUKU UTARA,82,KAB. HALMAHERA TIMUR,8206,Negeri,3,4,3,2,9,14,35
2018,PROV. MALUKU UTARA,82,KAB. HALMAHERA TIMUR,8206,Swasta,0,0,0,0,0,0,0
2018,PROV. MALUKU UTARA,82,KAB. PULAU MOROTAI,8207,Negeri,12,2,0,0,1,2,17
2018,PROV. MALUKU UTARA,82,KAB. PULAU MOROTAI,8207,Swasta,0,0,0,0,0,2,2
2018,PROV. MALUKU UTARA,82,KAB. PULAU TALIABU,8208,Swasta,0,0,0,0,0,0,0
2018,PROV. MALUKU UTARA,82,KAB. PULAU TALIABU,8208,Negeri,20,8,19,12,4,27,90
2018,PROV. MALUKU UTARA,82,KOTA TERNATE,8271,Negeri,3,0,5,14,8,15,45
2018,PROV. MALUKU UTARA,82,KOTA TERNATE,8271,Swasta,0,4,0,1,0,3,8
2018,PROV. MALUKU UTARA,82,KOTA TIDORE KEPULAUAN,8272,Negeri,8,3,3,3,3,5,25
2018,PROV. MALUKU UTARA,82,KOTA TIDORE KEPULAUAN,8272,Swasta,0,0,0,0,0,0,0
2018,PROV. PAPUA,91,KAB. JAYAPURA,9103,Swasta,3,10,7,8,7,9,44
2018,PROV. PAPUA,91,KAB. JAYAPURA,9103,Negeri,5,6,6,5,9,15,46
2018,PROV. PAPUA,91,KAB. KEPULAUAN YAPEN,9105,Negeri,0,2,0,0,0,1,3
2018,PROV. PAPUA,91,KAB. KEPULAUAN YAPEN,9105,Swasta,1,0,1,1,0,0,3
2018,PROV. PAPUA,91,KAB. BIAK NUMFOR,9106,Negeri,22,3,3,7,6,38,79
2018,PROV. PAPUA,91,KAB. BIAK NUMFOR,9106,Swasta,1,5,4,13,37,73,133
2018,PROV. PAPUA,91,KAB. SARMI,9110,Swasta,0,0,2,1,4,0,7
2018,PROV. PAPUA,91,KAB. SARMI,9110,Negeri,7,6,1,0,0,8,22
2018,PROV. PAPUA,91,KAB. KEEROM,9111,Swasta,0,0,0,0,0,10,10
2018,PROV. PAPUA,91,KAB. KEEROM,9111,Negeri,1,1,2,6,2,10,22
2018,PROV. PAPUA,91,KAB. WAROPEN,9115,Negeri,1,1,4,3,3,1,13
2018,PROV. PAPUA,91,KAB. WAROPEN,9115,Swasta,1,0,0,0,0,1,2
2018,PROV. PAPUA,91,KAB. SUPIORI,9119,Swasta,0,14,10,4,8,3,39
2018,PROV. PAPUA,91,KAB. SUPIORI,9119,Negeri,0,0,0,0,0,1,1
2018,PROV. PAPUA,91,KAB. MAMBERAMO RAYA,9120,Swasta,0,1,0,0,0,16,17
2018,PROV. PAPUA,91,KAB. MAMBERAMO RAYA,9120,Negeri,16,35,42,51,62,160,366
2018,PROV. PAPUA,91,KOTA JAYAPURA,9171,Negeri,4,6,5,6,17,53,91
2018,PROV. PAPUA,91,KOTA JAYAPURA,9171,Swasta,10,0,3,1,0,8,22
2018,PROV. PAPUA BARAT,92,KAB. MANOKWARI,9202,Negeri,20,2,10,7,16,31,86
2018,PROV. PAPUA BARAT,92,KAB. MANOKWARI,9202,Swasta,2,3,1,2,2,36,46
2018,PROV. PAPUA BARAT,92,KAB. FAK FAK,9203,Swasta,3,1,5,3,2,8,22
2018,PROV. PAPUA BARAT,92,KAB. FAK FAK,9203,Negeri,12,7,3,3,0,7,32
2018,PROV. PAPUA BARAT,92,KAB. TELUK BINTUNI,9206,Swasta,2,1,0,1,2,4,10
2018,PROV. PAPUA BARAT,92,KAB. TELUK BINTUNI,9206,Negeri,6,1,2,2,3,4,18
2018,PROV. PAPUA BARAT,92,KAB. TELUK WONDAMA,9207,Negeri,2,4,0,3,0,5,14
2018,PROV. PAPUA BARAT,92,KAB. TELUK WONDAMA,9207,Swasta,5,1,5,4,1,4,20
2018,PROV. PAPUA BARAT,92,KAB. KAIMANA,9208,Negeri,1,0,0,0,0,3,4
2018,PROV. PAPUA BARAT,92,KAB. KAIMANA,9208,Swasta,3,3,1,2,0,1,10
2018,PROV. PAPUA BARAT,92,KAB. MANOKWARI SELATAN,9211,Negeri,6,3,1,3,1,2,16
2018,PROV. PAPUA BARAT,92,KAB. MANOKWARI SELATAN,9211,Swasta,1,0,1,0,0,0,2
2018,PROV. PAPUA BARAT,92,KAB. PEGUNUNGAN ARFAK,9212,Swasta,1,0,0,0,0,3,4
2018,PROV. PAPUA BARAT,92,KAB. PEGUNUNGAN ARFAK,9212,Negeri,0,21,28,13,25,124,211
2019,PROV. ACEH,11,KAB. ACEH SELATAN,1101,Swasta,0,0,0,0,0,0,0
2019,PROV. ACEH,11,KAB. ACEH SELATAN,1101,Negeri,25,1,4,4,0,8,42
2019,PROV. ACEH,11,KAB. ACEH TENGGARA,1102,Negeri,16,20,13,9,16,23,97
2019,PROV. ACEH,11,KAB. ACEH TENGGARA,1102,Swasta,8,2,1,1,3,2,17
2019,PROV. ACEH,11,KAB. ACEH TIMUR,1103,Swasta,0,0,0,0,0,0,0
2019,PROV. ACEH,11,KAB. ACEH TIMUR,1103,Negeri,40,9,5,5,13,27,99
2019,PROV. ACEH,11,KAB. ACEH TENGAH,1104,Swasta,55,0,0,0,1,1,57
2019,PROV. ACEH,11,KAB. ACEH TENGAH,1104,Negeri,25,3,10,1,4,4,47
2019,PROV. ACEH,11,KAB. ACEH BARAT,1105,Negeri,27,4,3,16,3,9,62
2019,PROV. ACEH,11,KAB. ACEH BARAT,1105,Swasta,2,0,1,0,0,0,3
2019,PROV. ACEH,11,KAB. ACEH BESAR,1106,Swasta,1,0,0,0,0,0,1
2019,PROV. ACEH,11,KAB. ACEH BESAR,1106,Negeri,37,16,4,11,6,11,85
2019,PROV. ACEH,11,KAB. PIDIE,1107,Negeri,19,4,2,1,3,13,42
2019,PROV. ACEH,11,KAB. PIDIE,1107,Swasta,1,0,2,0,0,0,3
2019,PROV. ACEH,11,KAB. ACEH UTARA,1108,Negeri,47,9,5,14,5,19,99
2019,PROV. ACEH,11,KAB. ACEH UTARA,1108,Swasta,0,0,0,0,0,0,0
2019,PROV. ACEH,11,KAB. SIMEULUE,1109,Swasta,0,0,0,0,0,0,0
2019,PROV. ACEH,11,KAB. SIMEULUE,1109,Negeri,51,4,6,2,9,8,80
2019,PROV. ACEH,11,KAB. ACEH SINGKIL,1110,Negeri,41,2,1,5,7,5,61
2019,PROV. ACEH,11,KAB. ACEH SINGKIL,1110,Swasta,1,1,0,0,0,0,2
2019,PROV. ACEH,11,KAB. BIREUEN,1111,Swasta,3,0,3,0,0,0,6
2019,PROV. ACEH,11,KAB. BIREUEN,1111,Negeri,25,11,5,8,2,2,53
2019,PROV. ACEH,11,KAB. ACEH BARAT DAYA,1112,Negeri,46,1,1,1,1,4,54
2019,PROV. ACEH,11,KAB. ACEH BARAT DAYA,1112,Swasta,0,0,0,0,0,0,0
2019,PROV. ACEH,11,KAB. GAYO LUES,1113,Negeri,11,5,21,2,3,10,52
2019,PROV. ACEH,11,KAB. GAYO LUES,1113,Swasta,3,1,0,0,1,0,5
2019,PROV. ACEH,11,KAB. ACEH JAYA,1114,Swasta,0,0,0,0,0,0,0
2019,PROV. ACEH,11,KAB. ACEH JAYA,1114,Negeri,17,3,10,5,7,5,47
2019,PROV. ACEH,11,KAB. NAGAN RAYA,1115,Swasta,0,0,0,0,1,0,1
2019,PROV. ACEH,11,KAB. NAGAN RAYA,1115,Negeri,14,2,2,7,17,6,48
2019,PROV. ACEH,11,KAB. ACEH TAMIANG,1116,Negeri,14,0,4,2,3,8,31
2019,PROV. ACEH,11,KAB. ACEH TAMIANG,1116,Swasta,1,0,0,0,0,0,1
2019,PROV. ACEH,11,KAB. BENER MERIAH,1117,Negeri,17,1,1,3,0,3,25
2019,PROV. ACEH,11,KAB. BENER MERIAH,1117,Swasta,0,0,0,0,0,0,0
2019,PROV. ACEH,11,KAB. PIDIE JAYA,1118,Negeri,9,1,2,1,1,0,14
2019,PROV. ACEH,11,KAB. PIDIE JAYA,1118,Swasta,1,0,0,0,0,0,1
2019,PROV. ACEH,11,KOTA BANDA ACEH,1171,Swasta,2,0,1,0,0,0,3
2019,PROV. ACEH,11,KOTA BANDA ACEH,1171,Negeri,15,1,0,1,3,2,22
2019,PROV. ACEH,11,KOTA SABANG,1172,Swasta,0,0,0,0,0,0,0
2019,PROV. ACEH,11,KOTA SABANG,1172,Negeri,0,0,0,1,0,0,1
2019,PROV. ACEH,11,KOTA LHOKSEUMAWE,1173,Swasta,8,1,0,0,0,0,9
2019,PROV. ACEH,11,KOTA LHOKSEUMAWE,1173,Negeri,26,4,2,2,0,4,38
2019,PROV. ACEH,11,KOTA LANGSA,1174,Swasta,1,1,0,0,0,1,3
2019,PROV. ACEH,11,KOTA LANGSA,1174,Negeri,32,3,8,1,7,4,55
2019,PROV. ACEH,11,KOTA SUBULUSSALAM,1175,Negeri,28,7,5,8,2,4,54
2019,PROV. ACEH,11,KOTA SUBULUSSALAM,1175,Swasta,5,0,0,0,0,0,5
2019,PROV. SUMATERA UTARA,12,KAB. TAPANULI TENGAH,1201,Swasta,2,1,0,1,0,0,4
2019,PROV. SUMATERA UTARA,12,KAB. TAPANULI TENGAH,1201,Negeri,35,21,16,16,27,35,150
2019,PROV. SUMATERA UTARA,12,KAB. TAPANULI UTARA,1202,Negeri,23,8,9,4,7,11,62
2019,PROV. SUMATERA UTARA,12,KAB. TAPANULI UTARA,1202,Swasta,1,0,0,0,0,0,1
2019,PROV. SUMATERA UTARA,12,KAB. TAPANULI SELATAN,1203,Negeri,25,8,8,4,8,32,85
2019,PROV. SUMATERA UTARA,12,KAB. TAPANULI SELATAN,1203,Swasta,1,0,0,0,0,2,3
2019,PROV. SUMATERA UTARA,12,KAB. NIAS,1204,Swasta,0,0,0,0,0,0,0
2019,PROV. SUMATERA UTARA,12,KAB. NIAS,1204,Negeri,30,8,18,20,22,24,122
2019,PROV. SUMATERA UTARA,12,KAB. LANGKAT,1205,Swasta,14,27,2,4,0,0,47
2019,PROV. SUMATERA UTARA,12,KAB. LANGKAT,1205,Negeri,40,22,37,26,22,23,170
2019,PROV. SUMATERA UTARA,12,KAB. KARO,1206,Negeri,30,4,5,9,3,20,71
2019,PROV. SUMATERA UTARA,12,KAB. KARO,1206,Swasta,15,0,0,2,1,1,19
2019,PROV. SUMATERA UTARA,12,KAB. DELI SERDANG,1207,Swasta,67,26,19,29,29,35,205
2019,PROV. SUMATERA UTARA,12,KAB. DELI SERDANG,1207,Negeri,49,41,28,13,16,42,189
2019,PROV. SUMATERA UTARA,12,KAB. SIMALUNGUN,1208,Negeri,47,12,20,13,17,14,123
2019,PROV. SUMATERA UTARA,12,KAB. SIMALUNGUN,1208,Swasta,6,1,1,1,6,0,15
2019,PROV. SUMATERA UTARA,12,KAB. ASAHAN,1209,Negeri,55,35,19,13,16,15,153
2019,PROV. SUMATERA UTARA,12,KAB. ASAHAN,1209,Swasta,7,1,1,1,6,3,19
2019,PROV. SUMATERA UTARA,12,KAB. LABUHANBATU,1210,Negeri,18,5,11,8,4,20,66
2019,PROV. SUMATERA UTARA,12,KAB. LABUHANBATU,1210,Swasta,6,9,1,0,1,11,28
2019,PROV. SUMATERA UTARA,12,KAB. DAIRI,1211,Negeri,23,7,8,4,10,5,57
2019,PROV. SUMATERA UTARA,12,KAB. DAIRI,1211,Swasta,3,0,0,1,0,2,6
2019,PROV. SUMATERA UTARA,12,KAB. TOBA,1212,Swasta,90,0,0,0,0,0,90
2019,PROV. SUMATERA UTARA,12,KAB. TOBA,1212,Negeri,17,6,0,5,9,5,42
2019,PROV. SUMATERA UTARA,12,KAB. MANDAILING NATAL,1213,Swasta,0,0,0,2,1,0,3
2019,PROV. SUMATERA UTARA,12,KAB. MANDAILING NATAL,1213,Negeri,30,13,11,12,7,3,76
2019,PROV. SUMATERA UTARA,12,KAB. NIAS SELATAN,1214,Swasta,0,0,0,0,0,0,0
2019,PROV. SUMATERA UTARA,12,KAB. NIAS SELATAN,1214,Negeri,84,35,33,38,56,271,517
2019,PROV. SUMATERA UTARA,12,KAB. PAKPAK BHARAT,1215,Negeri,5,0,2,2,1,0,10
2019,PROV. SUMATERA UTARA,12,KAB. PAKPAK BHARAT,1215,Swasta,0,0,0,0,0,0,0
2019,PROV. SUMATERA UTARA,12,KAB. HUMBANG HASUNDUTAN,1216,Swasta,1,0,0,0,0,1,2
2019,PROV. SUMATERA UTARA,12,KAB. HUMBANG HASUNDUTAN,1216,Negeri,29,3,9,2,2,3,48
2019,PROV. SUMATERA UTARA,12,KAB. SAMOSIR,1217,Negeri,69,12,12,3,4,5,105
2019,PROV. SUMATERA UTARA,12,KAB. SAMOSIR,1217,Swasta,1,0,2,1,1,0,5
2019,PROV. SUMATERA UTARA,12,KAB. SERDANG BEDAGAI,1218,Swasta,4,5,2,2,3,0,16
2019,PROV. SUMATERA UTARA,12,KAB. SERDANG BEDAGAI,1218,Negeri,52,18,32,9,7,27,145
2019,PROV. SUMATERA UTARA,12,KAB. BATU BARA,1219,Swasta,8,1,0,0,0,0,9
2019,PROV. SUMATERA UTARA,12,KAB. BATU BARA,1219,Negeri,13,20,14,20,17,33,117
2019,PROV. SUMATERA UTARA,12,KAB. PADANG LAWAS UTARA,1220,Swasta,2,0,1,0,0,0,3
2019,PROV. SUMATERA UTARA,12,KAB. PADANG LAWAS UTARA,1220,Negeri,17,9,8,2,7,23,66
2019,PROV. SUMATERA UTARA,12,KAB. PADANG LAWAS,1221,Swasta,2,0,0,0,0,0,2
2019,PROV. SUMATERA UTARA,12,KAB. PADANG LAWAS,1221,Negeri,15,18,9,7,10,17,76
2019,PROV. SUMATERA UTARA,12,KAB. LABUHANBATU SELATAN,1222,Swasta,2,1,2,0,2,4,11
2019,PROV. SUMATERA UTARA,12,KAB. LABUHANBATU SELATAN,1222,Negeri,22,13,2,7,3,14,61
2019,PROV. SUMATERA UTARA,12,KAB. LABUHANBATU UTARA,1223,Negeri,21,9,6,18,17,10,81
2019,PROV. SUMATERA UTARA,12,KAB. LABUHANBATU UTARA,1223,Swasta,3,1,0,1,0,3,8
2019,PROV. SUMATERA UTARA,12,KAB. NIAS UTARA,1224,Swasta,0,0,0,0,0,0,0
2019,PROV. SUMATERA UTARA,12,KAB. NIAS UTARA,1224,Negeri,35,17,15,4,11,26,108
2019,PROV. SUMATERA UTARA,12,KAB. NIAS BARAT,1225,Negeri,9,15,21,3,12,11,71
2019,PROV. SUMATERA UTARA,12,KAB. NIAS BARAT,1225,Swasta,0,0,0,0,0,0,0
2019,PROV. SUMATERA UTARA,12,KOTA MEDAN,1271,Swasta,106,27,17,23,14,71,258
2019,PROV. SUMATERA UTARA,12,KOTA MEDAN,1271,Negeri,64,28,50,35,47,105,329
2019,PROV. SUMATERA UTARA,12,KOTA PEMATANGSIANTAR,1272,Negeri,11,3,2,1,4,5,26
2019,PROV. SUMATERA UTARA,12,KOTA PEMATANGSIANTAR,1272,Swasta,3,2,7,6,6,0,24
2019,PROV. SUMATERA UTARA,12,KOTA SIBOLGA,1273,Swasta,3,0,0,2,0,9,14
2019,PROV. SUMATERA UTARA,12,KOTA SIBOLGA,1273,Negeri,5,3,2,6,1,7,24
2019,PROV. SUMATERA UTARA,12,KOTA TANJUNG BALAI,1274,Negeri,8,4,3,3,1,5,24
2019,PROV. SUMATERA UTARA,12,KOTA TANJUNG BALAI,1274,Swasta,0,0,0,0,0,0,0
2019,PROV. SUMATERA UTARA,12,KOTA BINJAI,1275,Swasta,1,0,1,1,0,0,3
2019,PROV. SUMATERA UTARA,12,KOTA BINJAI,1275,Negeri,19,4,4,0,5,4,36
2019,PROV. SUMATERA UTARA,12,KOTA TEBING TINGGI,1276,Swasta,8,2,0,0,0,0,10
2019,PROV. SUMATERA UTARA,12,KOTA TEBING TINGGI,1276,Negeri,23,3,1,2,1,3,33
2019,PROV. SUMATERA UTARA,12,KOTA PADANG SIDEMPUAN,1277,Negeri,5,3,3,0,0,4,15
2019,PROV. SUMATERA UTARA,12,KOTA PADANG SIDEMPUAN,1277,Swasta,1,0,0,0,1,0,2
2019,PROV. SUMATERA UTARA,12,KOTA GUNUNGSITOLI,1278,Negeri,15,6,3,10,4,3,41
2019,PROV. SUMATERA UTARA,12,KOTA GUNUNGSITOLI,1278,Swasta,0,0,0,0,0,0,0
2019,PROV. SUMATERA BARAT,13,KAB. PESISIR SELATAN,1301,Negeri,41,5,3,2,6,9,66
2019,PROV. SUMATERA BARAT,13,KAB. PESISIR SELATAN,1301,Swasta,0,0,0,0,0,0,0
2019,PROV. SUMATERA BARAT,13,KAB. SOLOK,1302,Negeri,55,6,13,9,16,7,106
2019,PROV. SUMATERA BARAT,13,KAB. SOLOK,1302,Swasta,0,3,1,1,2,1,8
2019,PROV. SUMATERA BARAT,13,KAB. SIJUNJUNG,1303,Negeri,24,3,5,5,5,8,50
2019,PROV. SUMATERA BARAT,13,KAB. SIJUNJUNG,1303,Swasta,0,3,1,0,0,0,4
2019,PROV. SUMATERA BARAT,13,KAB. TANAH DATAR,1304,Swasta,0,1,0,1,0,0,2
2019,PROV. SUMATERA BARAT,13,KAB. TANAH DATAR,1304,Negeri,41,8,0,2,13,7,71
2019,PROV. SUMATERA BARAT,13,KAB. PADANG PARIAMAN,1305,Negeri,39,6,9,4,13,9,80
2019,PROV. SUMATERA BARAT,13,KAB. PADANG PARIAMAN,1305,Swasta,0,0,0,0,0,0,0
2019,PROV. SUMATERA BARAT,13,KAB. AGAM,1306,Swasta,4,0,1,0,1,0,6
2019,PROV. SUMATERA BARAT,13,KAB. AGAM,1306,Negeri,47,12,7,7,10,9,92
2019,PROV. SUMATERA BARAT,13,KAB. LIMA PULUH KOTA,1307,Swasta,1,0,0,0,0,0,1
2019,PROV. SUMATERA BARAT,13,KAB. LIMA PULUH KOTA,1307,Negeri,63,6,4,10,14,8,105
2019,PROV. SUMATERA BARAT,13,KAB. PASAMAN,1308,Negeri,29,14,10,6,18,5,82
2019,PROV. SUMATERA BARAT,13,KAB. PASAMAN,1308,Swasta,0,0,0,0,0,0,0
2019,PROV. SUMATERA BARAT,13,KAB. KEPULAUAN MENTAWAI,1309,Negeri,30,9,14,6,11,4,74
2019,PROV. SUMATERA BARAT,13,KAB. KEPULAUAN MENTAWAI,1309,Swasta,0,0,0,0,1,0,1
2019,PROV. SUMATERA BARAT,13,KAB. DHARMASRAYA,1310,Swasta,4,0,0,0,0,1,5
2019,PROV. SUMATERA BARAT,13,KAB. DHARMASRAYA,1310,Negeri,80,7,6,7,8,2,110
2019,PROV. SUMATERA BARAT,13,KAB. SOLOK SELATAN,1311,Swasta,2,1,0,0,0,1,4
2019,PROV. SUMATERA BARAT,13,KAB. SOLOK SELATAN,1311,Negeri,46,8,3,10,7,10,84
2019,PROV. SUMATERA BARAT,13,KAB. PASAMAN BARAT,1312,Negeri,25,10,10,9,10,13,77
2019,PROV. SUMATERA BARAT,13,KAB. PASAMAN BARAT,1312,Swasta,3,0,1,0,14,1,19
2019,PROV. SUMATERA BARAT,13,KOTA PADANG,1371,Swasta,10,1,4,3,2,4,24
2019,PROV. SUMATERA BARAT,13,KOTA PADANG,1371,Negeri,67,7,3,7,8,14,106
2019,PROV. SUMATERA BARAT,13,KOTA SOLOK,1372,Negeri,11,1,3,1,3,2,21
2019,PROV. SUMATERA BARAT,13,KOTA SOLOK,1372,Swasta,3,2,1,0,0,0,6
2019,PROV. SUMATERA BARAT,13,KOTA SAWAHLUNTO,1373,Negeri,10,2,0,2,0,3,17
2019,PROV. SUMATERA BARAT,13,KOTA SAWAHLUNTO,1373,Swasta,6,0,0,0,0,0,6
2019,PROV. SUMATERA BARAT,13,KOTA PADANG PANJANG,1374,Negeri,1,0,0,0,0,0,1
2019,PROV. SUMATERA BARAT,13,KOTA PADANG PANJANG,1374,Swasta,0,0,0,0,0,0,0
2019,PROV. SUMATERA BARAT,13,KOTA BUKITTINGGI,1375,Negeri,25,1,1,1,0,0,28
2019,PROV. SUMATERA BARAT,13,KOTA BUKITTINGGI,1375,Swasta,6,0,0,1,0,0,7
2019,PROV. SUMATERA BARAT,13,KOTA PAYAKUMBUH,1376,Negeri,27,2,1,4,5,6,45
2019,PROV. SUMATERA BARAT,13,KOTA PAYAKUMBUH,1376,Swasta,1,0,0,0,0,0,1
2019,PROV. SUMATERA BARAT,13,KOTA PARIAMAN,1377,Negeri,11,0,2,0,1,0,14
2019,PROV. SUMATERA BARAT,13,KOTA PARIAMAN,1377,Swasta,0,0,0,0,0,0,0
2019,PROV. RIAU,14,KAB. KAMPAR,1401,Swasta,9,1,0,0,0,0,10
2019,PROV. RIAU,14,KAB. KAMPAR,1401,Negeri,63,25,16,15,8,19,146
2019,PROV. RIAU,14,KAB. INDRAGIRI HULU,1402,Negeri,82,25,12,19,16,11,165
2019,PROV. RIAU,14,KAB. INDRAGIRI HULU,1402,Swasta,3,0,1,2,0,1,7
2019,PROV. RIAU,14,KAB. BENGKALIS,1403,Negeri,50,18,22,13,11,16,130
2019,PROV. RIAU,14,KAB. BENGKALIS,1403,Swasta,9,1,1,1,3,0,15
2019,PROV. RIAU,14,KAB. INDRAGIRI HILIR,1404,Swasta,12,3,9,3,0,59,86
2019,PROV. RIAU,14,KAB. INDRAGIRI HILIR,1404,Negeri,31,9,13,14,14,47,128
2019,PROV. RIAU,14,KAB. PELALAWAN,1405,Negeri,38,16,17,9,13,10,103
2019,PROV. RIAU,14,KAB. PELALAWAN,1405,Swasta,3,0,1,5,1,1,11
2019,PROV. RIAU,14,KAB. ROKAN HULU,1406,Swasta,11,18,2,5,1,9,46
2019,PROV. RIAU,14,KAB. ROKAN HULU,1406,Negeri,31,21,25,20,25,16,138
2019,PROV. RIAU,14,KAB. ROKAN HILIR,1407,Swasta,11,2,4,3,5,11,36
2019,PROV. RIAU,14,KAB. ROKAN HILIR,1407,Negeri,84,17,22,14,13,53,203
2019,PROV. RIAU,14,KAB. SIAK,1408,Negeri,39,8,14,6,6,40,113
2019,PROV. RIAU,14,KAB. SIAK,1408,Swasta,3,0,2,1,0,4,10
2019,PROV. RIAU,14,KAB. KUANTAN SINGINGI,1409,Swasta,2,0,1,0,0,0,3
2019,PROV. RIAU,14,KAB. KUANTAN SINGINGI,1409,Negeri,17,1,5,4,3,2,32
2019,PROV. RIAU,14,KAB. KEPULAUAN MERANTI,1410,Swasta,1,0,0,0,0,0,1
2019,PROV. RIAU,14,KAB. KEPULAUAN MERANTI,1410,Negeri,26,7,6,8,6,12,65
2019,PROV. RIAU,14,KOTA PEKANBARU,1471,Negeri,29,8,14,4,5,5,65
2019,PROV. RIAU,14,KOTA PEKANBARU,1471,Swasta,57,14,9,8,3,4,95
2019,PROV. RIAU,14,KOTA DUMAI,1472,Swasta,5,0,0,0,0,0,5
2019,PROV. RIAU,14,KOTA DUMAI,1472,Negeri,16,14,6,6,7,14,63
2019,PROV. JAMBI,15,KAB. KERINCI,1501,Negeri,33,22,20,7,34,29,145
2019,PROV. JAMBI,15,KAB. KERINCI,1501,Swasta,16,2,0,0,0,0,18
2019,PROV. JAMBI,15,KAB. MERANGIN,1502,Swasta,0,0,0,0,0,0,0
2019,PROV. JAMBI,15,KAB. MERANGIN,1502,Negeri,43,4,10,8,2,14,81
2019,PROV. JAMBI,15,KAB. SAROLANGUN,1503,Negeri,25,11,3,11,28,16,94
2019,PROV. JAMBI,15,KAB. SAROLANGUN,1503,Swasta,0,0,0,1,0,1,2
2019,PROV. JAMBI,15,KAB. BATANGHARI,1504,Swasta,14,0,1,0,2,3,20
2019,PROV. JAMBI,15,KAB. BATANGHARI,1504,Negeri,12,5,6,2,2,6,33
2019,PROV. JAMBI,15,KAB. MUARO JAMBI,1505,Swasta,0,0,0,0,0,0,0
2019,PROV. JAMBI,15,KAB. MUARO JAMBI,1505,Negeri,9,3,10,4,7,7,40
2019,PROV. JAMBI,15,KAB. TANJUNG JABUNG BARAT,1506,Negeri,56,3,5,7,7,13,91
2019,PROV. JAMBI,15,KAB. TANJUNG JABUNG BARAT,1506,Swasta,10,1,1,0,2,2,16
2019,PROV. JAMBI,15,KAB. TANJUNG JABUNG TIMUR,1507,Swasta,4,1,0,1,3,0,9
2019,PROV. JAMBI,15,KAB. TANJUNG JABUNG TIMUR,1507,Negeri,47,11,4,2,2,28,94
2019,PROV. JAMBI,15,KAB. BUNGO,1508,Negeri,29,13,6,6,2,14,70
2019,PROV. JAMBI,15,KAB. BUNGO,1508,Swasta,0,0,0,0,0,1,1
2019,PROV. JAMBI,15,KAB. TEBO,1509,Swasta,5,0,0,0,1,0,6
2019,PROV. JAMBI,15,KAB. TEBO,1509,Negeri,32,8,7,5,3,24,79
2019,PROV. JAMBI,15,KOTA JAMBI,1571,Negeri,16,2,4,1,4,4,31
2019,PROV. JAMBI,15,KOTA JAMBI,1571,Swasta,4,1,1,1,1,2,10
2019,PROV. JAMBI,15,KOTA SUNGAI PENUH,1572,Swasta,0,0,0,0,0,0,0
2019,PROV. JAMBI,15,KOTA SUNGAI PENUH,1572,Negeri,19,8,1,10,6,5,49
2019,PROV. SUMATERA SELATAN,16,KAB. OGAN KOMERING ULU,1601,Swasta,2,0,0,0,0,0,2
2019,PROV. SUMATERA SELATAN,16,KAB. OGAN KOMERING ULU,1601,Negeri,28,12,5,5,11,5,66
2019,PROV. SUMATERA SELATAN,16,KAB. OGAN KOMERING ILIR,1602,Swasta,10,1,0,1,0,0,12
2019,PROV. SUMATERA SELATAN,16,KAB. OGAN KOMERING ILIR,1602,Negeri,143,36,52,43,33,55,362
2019,PROV. SUMATERA SELATAN,16,KAB. MUARA ENIM,1603,Negeri,84,12,10,9,11,14,140
2019,PROV. SUMATERA SELATAN,16,KAB. MUARA ENIM,1603,Swasta,1,0,1,1,0,1,4
2019,PROV. SUMATERA SELATAN,16,KAB. LAHAT,1604,Negeri,42,5,7,3,5,11,73
2019,PROV. SUMATERA SELATAN,16,KAB. LAHAT,1604,Swasta,5,1,0,5,1,2,14
2019,PROV. SUMATERA SELATAN,16,KAB. MUSI RAWAS,1605,Negeri,46,15,7,1,9,20,98
2019,PROV. SUMATERA SELATAN,16,KAB. MUSI RAWAS,1605,Swasta,0,0,0,0,1,0,1
2019,PROV. SUMATERA SELATAN,16,KAB. MUSI BANYUASIN,1606,Negeri,85,10,11,9,17,49,181
2019,PROV. SUMATERA SELATAN,16,KAB. MUSI BANYUASIN,1606,Swasta,10,2,1,0,23,2,38
2019,PROV. SUMATERA SELATAN,16,KAB. BANYUASIN,1607,Swasta,2,0,0,0,15,2,19
2019,PROV. SUMATERA SELATAN,16,KAB. BANYUASIN,1607,Negeri,276,48,73,41,51,98,587
2019,PROV. SUMATERA SELATAN,16,KAB. OGAN KOMERING ULU TIMUR,1608,Negeri,35,8,4,3,3,14,67
2019,PROV. SUMATERA SELATAN,16,KAB. OGAN KOMERING ULU TIMUR,1608,Swasta,5,0,0,0,0,0,5
2019,PROV. SUMATERA SELATAN,16,KAB. OGAN KOMERING ULU SELATAN,1609,Negeri,54,9,10,16,13,29,131
2019,PROV. SUMATERA SELATAN,16,KAB. OGAN KOMERING ULU SELATAN,1609,Swasta,10,2,0,0,0,7,19
2019,PROV. SUMATERA SELATAN,16,KAB. OGAN ILIR,1610,Negeri,11,1,4,2,2,3,23
2019,PROV. SUMATERA SELATAN,16,KAB. OGAN ILIR,1610,Swasta,1,0,0,0,0,0,1
2019,PROV. SUMATERA SELATAN,16,KAB. EMPAT LAWANG,1611,Swasta,0,0,0,0,0,0,0
2019,PROV. SUMATERA SELATAN,16,KAB. EMPAT LAWANG,1611,Negeri,12,3,7,6,4,17,49
2019,PROV. SUMATERA SELATAN,16,KAB. PENUKAL ABAB LEMATANG ILIR,1612,Negeri,28,22,5,6,4,20,85
2019,PROV. SUMATERA SELATAN,16,KAB. PENUKAL ABAB LEMATANG ILIR,1612,Swasta,13,0,1,0,0,2,16
2019,PROV. SUMATERA SELATAN,16,KAB. MUSI RAWAS UTARA,1613,Negeri,63,9,19,12,12,22,137
2019,PROV. SUMATERA SELATAN,16,KAB. MUSI RAWAS UTARA,1613,Swasta,0,0,0,0,0,0,0
2019,PROV. SUMATERA SELATAN,16,KOTA PALEMBANG,1671,Negeri,178,14,55,25,73,35,380
2019,PROV. SUMATERA SELATAN,16,KOTA PALEMBANG,1671,Swasta,47,4,10,2,2,2,67
2019,PROV. SUMATERA SELATAN,16,KOTA PAGAR ALAM,1672,Swasta,2,0,1,0,1,0,4
2019,PROV. SUMATERA SELATAN,16,KOTA PAGAR ALAM,1672,Negeri,16,4,7,2,1,5,35
2019,PROV. SUMATERA SELATAN,16,KOTA LUBUK LINGGAU,1673,Swasta,6,1,1,4,2,0,14
2019,PROV. SUMATERA SELATAN,16,KOTA LUBUK LINGGAU,1673,Negeri,6,5,3,2,3,11,30
2019,PROV. SUMATERA SELATAN,16,KOTA PRABUMULIH,1674,Negeri,11,5,2,3,1,4,26
2019,PROV. SUMATERA SELATAN,16,KOTA PRABUMULIH,1674,Swasta,2,0,0,11,0,0,13
2019,PROV. BENGKULU,17,KAB. BENGKULU SELATAN,1701,Negeri,9,3,4,1,2,3,22
2019,PROV. BENGKULU,17,KAB. BENGKULU SELATAN,1701,Swasta,3,0,0,0,0,0,3
2019,PROV. BENGKULU,17,KAB. REJANG LEBONG,1702,Negeri,13,5,2,7,0,20,47
2019,PROV. BENGKULU,17,KAB. REJANG LEBONG,1702,Swasta,5,2,0,0,2,2,11
2019,PROV. BENGKULU,17,KAB. BENGKULU UTARA,1703,Swasta,6,0,1,0,0,3,10
2019,PROV. BENGKULU,17,KAB. BENGKULU UTARA,1703,Negeri,28,4,3,4,4,9,52
2019,PROV. BENGKULU,17,KAB. KAUR,1704,Swasta,0,0,0,0,0,0,0
2019,PROV. BENGKULU,17,KAB. KAUR,1704,Negeri,27,2,2,2,4,12,49
2019,PROV. BENGKULU,17,KAB. SELUMA,1705,Swasta,0,0,2,0,0,0,2
2019,PROV. BENGKULU,17,KAB. SELUMA,1705,Negeri,18,6,6,8,16,15,69
2019,PROV. BENGKULU,17,KAB. MUKOMUKO,1706,Negeri,59,6,4,6,3,3,81
2019,PROV. BENGKULU,17,KAB. MUKOMUKO,1706,Swasta,4,0,1,1,0,0,6
2019,PROV. BENGKULU,17,KAB. LEBONG,1707,Swasta,0,0,0,0,0,0,0
2019,PROV. BENGKULU,17,KAB. LEBONG,1707,Negeri,9,2,0,0,3,3,17
2019,PROV. BENGKULU,17,KAB. KEPAHIANG,1708,Swasta,1,0,0,0,0,1,2
2019,PROV. BENGKULU,17,KAB. KEPAHIANG,1708,Negeri,90,3,2,0,2,0,97
2019,PROV. BENGKULU,17,KAB. BENGKULU TENGAH,1709,Negeri,21,6,2,3,7,17,56
2019,PROV. BENGKULU,17,KAB. BENGKULU TENGAH,1709,Swasta,0,0,0,0,0,0,0
2019,PROV. BENGKULU,17,KOTA BENGKULU,1771,Negeri,7,7,2,1,3,5,25
2019,PROV. BENGKULU,17,KOTA BENGKULU,1771,Swasta,15,0,3,0,1,1,20
2019,PROV. LAMPUNG,18,KAB. LAMPUNG SELATAN,1801,Negeri,73,17,17,84,26,46,263
2019,PROV. LAMPUNG,18,KAB. LAMPUNG SELATAN,1801,Swasta,5,0,4,1,1,0,11
2019,PROV. LAMPUNG,18,KAB. LAMPUNG TENGAH,1802,Swasta,4,1,3,0,0,1,9
2019,PROV. LAMPUNG,18,KAB. LAMPUNG TENGAH,1802,Negeri,150,12,11,11,6,18,208
2019,PROV. LAMPUNG,18,KAB. LAMPUNG UTARA,1803,Negeri,40,15,7,8,7,33,110
2019,PROV. LAMPUNG,18,KAB. LAMPUNG UTARA,1803,Swasta,1,1,1,2,0,1,6
2019,PROV. LAMPUNG,18,KAB. LAMPUNG BARAT,1804,Negeri,35,7,6,5,4,6,63
2019,PROV. LAMPUNG,18,KAB. LAMPUNG BARAT,1804,Swasta,0,0,0,0,1,2,3
2019,PROV. LAMPUNG,18,KAB. TULANG BAWANG,1805,Swasta,4,0,0,0,0,5,9
2019,PROV. LAMPUNG,18,KAB. TULANG BAWANG,1805,Negeri,58,3,8,8,2,13,92
2019,PROV. LAMPUNG,18,KAB. TANGGAMUS,1806,Negeri,72,20,8,3,11,15,129
2019,PROV. LAMPUNG,18,KAB. TANGGAMUS,1806,Swasta,4,0,0,0,0,0,4
2019,PROV. LAMPUNG,18,KAB. LAMPUNG TIMUR,1807,Negeri,139,13,24,14,17,14,221
2019,PROV. LAMPUNG,18,KAB. LAMPUNG TIMUR,1807,Swasta,1,1,0,0,0,0,2
2019,PROV. LAMPUNG,18,KAB. WAY KANAN,1808,Negeri,34,6,5,0,6,13,64
2019,PROV. LAMPUNG,18,KAB. WAY KANAN,1808,Swasta,1,1,1,0,1,19,23
2019,PROV. LAMPUNG,18,KAB. PESAWARAN,1809,Negeri,23,4,8,7,18,7,67
2019,PROV. LAMPUNG,18,KAB. PESAWARAN,1809,Swasta,1,0,0,0,0,0,1
2019,PROV. LAMPUNG,18,KAB. PRINGSEWU,1810,Negeri,38,11,10,3,7,13,82
2019,PROV. LAMPUNG,18,KAB. PRINGSEWU,1810,Swasta,1,2,0,1,0,0,4
2019,PROV. LAMPUNG,18,KAB. MESUJI,1811,Swasta,6,0,0,0,0,0,6
2019,PROV. LAMPUNG,18,KAB. MESUJI,1811,Negeri,23,2,5,5,6,9,50
2019,PROV. LAMPUNG,18,KAB. TULANG BAWANG BARAT,1812,Swasta,3,0,1,0,0,0,4
2019,PROV. LAMPUNG,18,KAB. TULANG BAWANG BARAT,1812,Negeri,25,10,5,3,8,2,53
2019,PROV. LAMPUNG,18,KAB. PESISIR BARAT,1813,Swasta,0,0,0,0,0,0,0
2019,PROV. LAMPUNG,18,KAB. PESISIR BARAT,1813,Negeri,26,5,7,2,2,2,44
2019,PROV. LAMPUNG,18,KOTA BANDAR LAMPUNG,1871,Swasta,26,2,1,3,3,1,36
2019,PROV. LAMPUNG,18,KOTA BANDAR LAMPUNG,1871,Negeri,39,28,21,16,21,8,133
2019,PROV. LAMPUNG,18,KOTA METRO,1872,Swasta,11,0,0,0,0,0,11
2019,PROV. LAMPUNG,18,KOTA METRO,1872,Negeri,1,1,0,1,0,0,3
2019,PROV. KEPULAUAN BANGKA BELITUNG,19,KAB. BANGKA,1901,Negeri,43,5,11,6,16,7,88
2019,PROV. KEPULAUAN BANGKA BELITUNG,19,KAB. BANGKA,1901,Swasta,3,0,1,0,0,0,4
2019,PROV. KEPULAUAN BANGKA BELITUNG,19,KAB. BELITUNG,1902,Negeri,7,4,2,2,5,7,27
2019,PROV. KEPULAUAN BANGKA BELITUNG,19,KAB. BELITUNG,1902,Swasta,2,1,0,1,0,1,5
2019,PROV. KEPULAUAN BANGKA BELITUNG,19,KAB. BANGKA SELATAN,1903,Swasta,0,0,0,0,0,0,0
2019,PROV. KEPULAUAN BANGKA BELITUNG,19,KAB. BANGKA SELATAN,1903,Negeri,34,11,9,7,5,22,88
2019,PROV. KEPULAUAN BANGKA BELITUNG,19,KAB. BANGKA TENGAH,1904,Negeri,13,7,9,3,2,14,48
2019,PROV. KEPULAUAN BANGKA BELITUNG,19,KAB. BANGKA TENGAH,1904,Swasta,2,1,0,0,0,0,3
2019,PROV. KEPULAUAN BANGKA BELITUNG,19,KAB. BANGKA BARAT,1905,Negeri,3,1,4,8,13,5,34
2019,PROV. KEPULAUAN BANGKA BELITUNG,19,KAB. BANGKA BARAT,1905,Swasta,2,0,0,0,0,1,3
2019,PROV. KEPULAUAN BANGKA BELITUNG,19,KAB. BELITUNG TIMUR,1906,Swasta,0,0,0,0,0,0,0
2019,PROV. KEPULAUAN BANGKA BELITUNG,19,KAB. BELITUNG TIMUR,1906,Negeri,9,11,2,6,4,7,39
2019,PROV. KEPULAUAN BANGKA BELITUNG,19,KOTA PANGKAL PINANG,1971,Swasta,0,2,2,0,0,1,5
2019,PROV. KEPULAUAN BANGKA BELITUNG,19,KOTA PANGKAL PINANG,1971,Negeri,51,2,0,2,3,3,61
2019,PROV. KEPULAUAN RIAU,21,KAB. BINTAN,2101,Swasta,0,0,0,1,0,0,1
2019,PROV. KEPULAUAN RIAU,21,KAB. BINTAN,2101,Negeri,10,3,0,3,2,3,21
2019,PROV. KEPULAUAN RIAU,21,KAB. KARIMUN,2102,Swasta,0,1,0,0,1,0,2
2019,PROV. KEPULAUAN RIAU,21,KAB. KARIMUN,2102,Negeri,11,3,1,3,2,3,23
2019,PROV. KEPULAUAN RIAU,21,KAB. NATUNA,2103,Swasta,2,0,0,0,0,0,2
2019,PROV. KEPULAUAN RIAU,21,KAB. NATUNA,2103,Negeri,19,3,0,2,2,1,27
2019,PROV. KEPULAUAN RIAU,21,KAB. LINGGA,2104,Negeri,5,0,2,2,1,1,11
2019,PROV. KEPULAUAN RIAU,21,KAB. LINGGA,2104,Swasta,0,0,0,0,0,0,0
2019,PROV. KEPULAUAN RIAU,21,KAB. KEPULAUAN ANAMBAS,2105,Swasta,0,0,0,0,0,0,0
2019,PROV. KEPULAUAN RIAU,21,KAB. KEPULAUAN ANAMBAS,2105,Negeri,9,0,1,0,0,0,10
2019,PROV. KEPULAUAN RIAU,21,KOTA BATAM,2171,Negeri,59,10,6,6,5,14,100
2019,PROV. KEPULAUAN RIAU,21,KOTA BATAM,2171,Swasta,167,9,8,7,5,9,205
2019,PROV. KEPULAUAN RIAU,21,KOTA TANJUNG PINANG,2172,Negeri,50,3,3,2,1,0,59
2019,PROV. KEPULAUAN RIAU,21,KOTA TANJUNG PINANG,2172,Swasta,9,0,0,0,0,0,9
2019,PROV. D.K.I. JAKARTA,31,KAB. ADM. KEP. SERIBU,3101,Negeri,2,0,0,0,1,0,3
2019,PROV. D.K.I. JAKARTA,31,KOTA ADM. JAKARTA PUSAT,3171,Swasta,28,1,14,4,4,5,56
2019,PROV. D.K.I. JAKARTA,31,KOTA ADM. JAKARTA PUSAT,3171,Negeri,100,55,45,46,55,50,351
2019,PROV. D.K.I. JAKARTA,31,KOTA ADM. JAKARTA UTARA,3172,Swasta,37,7,4,5,1,7,61
2019,PROV. D.K.I. JAKARTA,31,KOTA ADM. JAKARTA UTARA,3172,Negeri,56,7,7,10,9,37,126
2019,PROV. D.K.I. JAKARTA,31,KOTA ADM. JAKARTA BARAT,3173,Swasta,123,21,12,13,16,9,194
2019,PROV. D.K.I. JAKARTA,31,KOTA ADM. JAKARTA BARAT,3173,Negeri,52,27,22,24,16,44,185
2019,PROV. D.K.I. JAKARTA,31,KOTA ADM. JAKARTA SELATAN,3174,Swasta,45,6,4,1,4,6,66
2019,PROV. D.K.I. JAKARTA,31,KOTA ADM. JAKARTA SELATAN,3174,Negeri,63,7,5,7,6,9,97
2019,PROV. D.K.I. JAKARTA,31,KOTA ADM. JAKARTA TIMUR,3175,Swasta,165,1,7,4,3,6,186
2019,PROV. D.K.I. JAKARTA,31,KOTA ADM. JAKARTA TIMUR,3175,Negeri,105,9,18,14,15,6,167
2019,PROV. JAWA BARAT,32,KAB. BOGOR,3201,Swasta,48,10,6,4,6,15,89
2019,PROV. JAWA BARAT,32,KAB. BOGOR,3201,Negeri,198,53,33,45,39,147,515
2019,PROV. JAWA BARAT,32,KAB. SUKABUMI,3202,Negeri,164,14,11,6,8,26,229
2019,PROV. JAWA BARAT,32,KAB. SUKABUMI,3202,Swasta,42,25,1,1,0,1,70
2019,PROV. JAWA BARAT,32,KAB. CIANJUR,3203,Swasta,2,1,1,1,0,2,7
2019,PROV. JAWA BARAT,32,KAB. CIANJUR,3203,Negeri,216,33,51,11,31,53,395
2019,PROV. JAWA BARAT,32,KAB. BANDUNG,3204,Swasta,12,2,3,4,2,26,49
2019,PROV. JAWA BARAT,32,KAB. BANDUNG,3204,Negeri,167,19,27,16,17,46,292
2019,PROV. JAWA BARAT,32,KAB. GARUT,3205,Negeri,133,20,11,16,8,61,249
2019,PROV. JAWA BARAT,32,KAB. GARUT,3205,Swasta,11,0,0,0,1,2,14
2019,PROV. JAWA BARAT,32,KAB. TASIKMALAYA,3206,Negeri,153,12,12,13,16,9,215
2019,PROV. JAWA BARAT,32,KAB. TASIKMALAYA,3206,Swasta,0,0,0,0,0,1,1
2019,PROV. JAWA BARAT,32,KAB. CIAMIS,3207,Swasta,0,0,0,0,0,0,0
2019,PROV. JAWA BARAT,32,KAB. CIAMIS,3207,Negeri,193,13,12,9,8,6,241
2019,PROV. JAWA BARAT,32,KAB. KUNINGAN,3208,Negeri,65,14,12,7,14,7,119
2019,PROV. JAWA BARAT,32,KAB. KUNINGAN,3208,Swasta,6,0,0,0,0,0,6
2019,PROV. JAWA BARAT,32,KAB. CIREBON,3209,Negeri,98,80,34,25,27,47,311
2019,PROV. JAWA BARAT,32,KAB. CIREBON,3209,Swasta,3,3,2,1,14,7,30
2019,PROV. JAWA BARAT,32,KAB. MAJALENGKA,3210,Swasta,1,2,2,0,0,0,5
2019,PROV. JAWA BARAT,32,KAB. MAJALENGKA,3210,Negeri,129,15,13,11,12,6,186
2019,PROV. JAWA BARAT,32,KAB. SUMEDANG,3211,Negeri,52,7,11,7,3,5,85
2019,PROV. JAWA BARAT,32,KAB. SUMEDANG,3211,Swasta,2,0,2,0,0,1,5
2019,PROV. JAWA BARAT,32,KAB. INDRAMAYU,3212,Negeri,233,19,7,12,28,20,319
2019,PROV. JAWA BARAT,32,KAB. INDRAMAYU,3212,Swasta,4,0,3,2,14,2,25
2019,PROV. JAWA BARAT,32,KAB. SUBANG,3213,Negeri,179,33,7,15,18,15,267
2019,PROV. JAWA BARAT,32,KAB. SUBANG,3213,Swasta,4,1,1,1,0,1,8
2019,PROV. JAWA BARAT,32,KAB. PURWAKARTA,3214,Negeri,63,6,4,2,3,11,89
2019,PROV. JAWA BARAT,32,KAB. PURWAKARTA,3214,Swasta,6,0,0,1,0,0,7
2019,PROV. JAWA BARAT,32,KAB. KARAWANG,3215,Negeri,173,19,23,16,24,35,290
2019,PROV. JAWA BARAT,32,KAB. KARAWANG,3215,Swasta,16,2,1,2,3,3,27
2019,PROV. JAWA BARAT,32,KAB. BEKASI,3216,Swasta,62,5,10,13,6,5,101
2019,PROV. JAWA BARAT,32,KAB. BEKASI,3216,Negeri,99,27,19,19,21,37,222
2019,PROV. JAWA BARAT,32,KAB. BANDUNG BARAT,3217,Swasta,6,0,0,1,5,1,13
2019,PROV. JAWA BARAT,32,KAB. BANDUNG BARAT,3217,Negeri,173,21,16,9,9,19,247
2019,PROV. JAWA BARAT,32,KAB. PANGANDARAN,3218,Negeri,13,0,2,0,0,1,16
2019,PROV. JAWA BARAT,32,KAB. PANGANDARAN,3218,Swasta,0,0,0,0,0,0,0
2019,PROV. JAWA BARAT,32,KOTA BOGOR,3271,Swasta,7,18,3,1,1,38,68
2019,PROV. JAWA BARAT,32,KOTA BOGOR,3271,Negeri,49,8,11,10,9,9,96
2019,PROV. JAWA BARAT,32,KOTA SUKABUMI,3272,Negeri,123,4,1,2,1,0,131
2019,PROV. JAWA BARAT,32,KOTA SUKABUMI,3272,Swasta,4,2,0,1,0,0,7
2019,PROV. JAWA BARAT,32,KOTA BANDUNG,3273,Swasta,27,1,2,2,5,8,45
2019,PROV. JAWA BARAT,32,KOTA BANDUNG,3273,Negeri,71,3,8,6,8,8,104
2019,PROV. JAWA BARAT,32,KOTA CIREBON,3274,Swasta,2,1,0,0,0,4,7
2019,PROV. JAWA BARAT,32,KOTA CIREBON,3274,Negeri,23,3,2,10,0,1,39
2019,PROV. JAWA BARAT,32,KOTA BEKASI,3275,Negeri,40,15,13,23,22,32,145
2019,PROV. JAWA BARAT,32,KOTA BEKASI,3275,Swasta,61,4,7,5,7,6,90
2019,PROV. JAWA BARAT,32,KOTA DEPOK,3276,Swasta,94,9,21,3,12,45,184
2019,PROV. JAWA BARAT,32,KOTA DEPOK,3276,Negeri,164,11,11,11,13,13,223
2019,PROV. JAWA BARAT,32,KOTA CIMAHI,3277,Swasta,2,2,3,1,0,0,8
2019,PROV. JAWA BARAT,32,KOTA CIMAHI,3277,Negeri,18,4,3,2,5,2,34
2019,PROV. JAWA BARAT,32,KOTA TASIKMALAYA,3278,Negeri,60,4,4,1,1,3,73
2019,PROV. JAWA BARAT,32,KOTA TASIKMALAYA,3278,Swasta,6,0,0,0,0,0,6
2019,PROV. JAWA BARAT,32,KOTA BANJAR,3279,Swasta,1,0,0,0,0,0,1
2019,PROV. JAWA BARAT,32,KOTA BANJAR,3279,Negeri,23,1,1,0,0,0,25
2019,PROV. JAWA TENGAH,33,KAB. CILACAP,3301,Negeri,132,16,5,15,13,20,201
2019,PROV. JAWA TENGAH,33,KAB. CILACAP,3301,Swasta,11,0,1,0,1,1,14
2019,PROV. JAWA TENGAH,33,KAB. BANYUMAS,3302,Swasta,1,0,5,1,1,1,9
2019,PROV. JAWA TENGAH,33,KAB. BANYUMAS,3302,Negeri,197,34,24,27,20,12,314
2019,PROV. JAWA TENGAH,33,KAB. PURBALINGGA,3303,Swasta,1,0,0,0,0,0,1
2019,PROV. JAWA TENGAH,33,KAB. PURBALINGGA,3303,Negeri,104,23,32,12,11,16,198
2019,PROV. JAWA TENGAH,33,KAB. BANJARNEGARA,3304,Negeri,131,6,3,4,7,15,166
2019,PROV. JAWA TENGAH,33,KAB. BANJARNEGARA,3304,Swasta,0,0,0,0,0,0,0
2019,PROV. JAWA TENGAH,33,KAB. KEBUMEN,3305,Negeri,85,13,8,4,6,7,123
2019,PROV. JAWA TENGAH,33,KAB. KEBUMEN,3305,Swasta,0,0,1,0,1,1,3
2019,PROV. JAWA TENGAH,33,KAB. PURWOREJO,3306,Negeri,30,4,3,1,4,3,45
2019,PROV. JAWA TENGAH,33,KAB. PURWOREJO,3306,Swasta,1,0,1,1,0,0,3
2019,PROV. JAWA TENGAH,33,KAB. WONOSOBO,3307,Negeri,90,5,10,10,9,9,133
2019,PROV. JAWA TENGAH,33,KAB. WONOSOBO,3307,Swasta,14,4,7,3,3,2,33
2019,PROV. JAWA TENGAH,33,KAB. MAGELANG,3308,Swasta,4,0,3,6,0,1,14
2019,PROV. JAWA TENGAH,33,KAB. MAGELANG,3308,Negeri,71,7,6,8,11,14,117
2019,PROV. JAWA TENGAH,33,KAB. BOYOLALI,3309,Swasta,6,1,0,1,0,0,8
2019,PROV. JAWA TENGAH,33,KAB. BOYOLALI,3309,Negeri,39,2,1,0,3,3,48
2019,PROV. JAWA TENGAH,33,KAB. KLATEN,3310,Negeri,28,8,2,4,4,7,53
2019,PROV. JAWA TENGAH,33,KAB. KLATEN,3310,Swasta,5,0,3,1,1,2,12
2019,PROV. JAWA TENGAH,33,KAB. SUKOHARJO,3311,Negeri,23,3,3,7,5,6,47
2019,PROV. JAWA TENGAH,33,KAB. SUKOHARJO,3311,Swasta,10,0,0,0,0,2,12
2019,PROV. JAWA TENGAH,33,KAB. WONOGIRI,3312,Negeri,106,9,8,4,4,8,139
2019,PROV. JAWA TENGAH,33,KAB. WONOGIRI,3312,Swasta,10,1,0,1,0,0,12
2019,PROV. JAWA TENGAH,33,KAB. KARANGANYAR,3313,Negeri,41,3,6,4,5,4,63
2019,PROV. JAWA TENGAH,33,KAB. KARANGANYAR,3313,Swasta,6,0,0,0,0,0,6
2019,PROV. JAWA TENGAH,33,KAB. SRAGEN,3314,Swasta,9,15,0,1,0,0,25
2019,PROV. JAWA TENGAH,33,KAB. SRAGEN,3314,Negeri,82,9,8,2,7,5,113
2019,PROV. JAWA TENGAH,33,KAB. GROBOGAN,3315,Swasta,10,0,0,0,0,0,10
2019,PROV. JAWA TENGAH,33,KAB. GROBOGAN,3315,Negeri,195,5,6,10,7,7,230
2019,PROV. JAWA TENGAH,33,KAB. BLORA,3316,Swasta,0,0,0,0,1,0,1
2019,PROV. JAWA TENGAH,33,KAB. BLORA,3316,Negeri,40,13,5,5,6,8,77
2019,PROV. JAWA TENGAH,33,KAB. REMBANG,3317,Swasta,0,0,0,0,0,0,0
2019,PROV. JAWA TENGAH,33,KAB. REMBANG,3317,Negeri,32,5,2,2,2,1,44
2019,PROV. JAWA TENGAH,33,KAB. PATI,3318,Swasta,3,0,0,1,1,1,6
2019,PROV. JAWA TENGAH,33,KAB. PATI,3318,Negeri,102,4,5,3,1,3,118
2019,PROV. JAWA TENGAH,33,KAB. KUDUS,3319,Swasta,7,1,13,0,9,0,30
2019,PROV. JAWA TENGAH,33,KAB. KUDUS,3319,Negeri,87,13,9,23,3,5,140
2019,PROV. JAWA TENGAH,33,KAB. JEPARA,3320,Swasta,1,0,0,0,0,0,1
2019,PROV. JAWA TENGAH,33,KAB. JEPARA,3320,Negeri,51,2,0,1,3,2,59
2019,PROV. JAWA TENGAH,33,KAB. DEMAK,3321,Negeri,81,15,8,2,5,5,116
2019,PROV. JAWA TENGAH,33,KAB. DEMAK,3321,Swasta,4,0,0,0,1,3,8
2019,PROV. JAWA TENGAH,33,KAB. SEMARANG,3322,Swasta,9,1,0,0,1,0,11
2019,PROV. JAWA TENGAH,33,KAB. SEMARANG,3322,Negeri,80,8,5,3,3,6,105
2019,PROV. JAWA TENGAH,33,KAB. TEMANGGUNG,3323,Negeri,50,8,2,5,9,2,76
2019,PROV. JAWA TENGAH,33,KAB. TEMANGGUNG,3323,Swasta,13,1,0,0,0,0,14
2019,PROV. JAWA TENGAH,33,KAB. KENDAL,3324,Negeri,34,7,3,1,3,4,52
2019,PROV. JAWA TENGAH,33,KAB. KENDAL,3324,Swasta,1,0,0,0,0,0,1
2019,PROV. JAWA TENGAH,33,KAB. BATANG,3325,Swasta,3,0,0,0,0,0,3
2019,PROV. JAWA TENGAH,33,KAB. BATANG,3325,Negeri,103,4,6,4,5,11,133
2019,PROV. JAWA TENGAH,33,KAB. PEKALONGAN,3326,Swasta,3,1,0,0,0,0,4
2019,PROV. JAWA TENGAH,33,KAB. PEKALONGAN,3326,Negeri,27,9,8,15,18,8,85
2019,PROV. JAWA TENGAH,33,KAB. PEMALANG,3327,Negeri,133,26,25,19,16,25,244
2019,PROV. JAWA TENGAH,33,KAB. PEMALANG,3327,Swasta,5,1,1,1,1,0,9
2019,PROV. JAWA TENGAH,33,KAB. TEGAL,3328,Swasta,12,0,0,0,0,0,12
2019,PROV. JAWA TENGAH,33,KAB. TEGAL,3328,Negeri,125,11,16,9,7,9,177
2019,PROV. JAWA TENGAH,33,KAB. BREBES,3329,Swasta,9,1,1,0,0,0,11
2019,PROV. JAWA TENGAH,33,KAB. BREBES,3329,Negeri,123,17,11,16,20,25,212
2019,PROV. JAWA TENGAH,33,KOTA MAGELANG,3371,Swasta,7,0,0,0,0,0,7
2019,PROV. JAWA TENGAH,33,KOTA MAGELANG,3371,Negeri,4,1,2,2,1,0,10
2019,PROV. JAWA TENGAH,33,KOTA SURAKARTA,3372,Negeri,20,0,3,4,5,0,32
2019,PROV. JAWA TENGAH,33,KOTA SURAKARTA,3372,Swasta,14,0,0,1,0,0,15
2019,PROV. JAWA TENGAH,33,KOTA SALATIGA,3373,Swasta,1,0,1,0,0,0,2
2019,PROV. JAWA TENGAH,33,KOTA SALATIGA,3373,Negeri,13,2,0,0,0,0,15
2019,PROV. JAWA TENGAH,33,KOTA SEMARANG,3374,Swasta,65,5,4,4,3,1,82
2019,PROV. JAWA TENGAH,33,KOTA SEMARANG,3374,Negeri,80,1,2,2,0,3,88
2019,PROV. JAWA TENGAH,33,KOTA PEKALONGAN,3375,Swasta,4,0,0,3,0,0,7
2019,PROV. JAWA TENGAH,33,KOTA PEKALONGAN,3375,Negeri,22,2,2,0,2,0,28
2019,PROV. JAWA TENGAH,33,KOTA TEGAL,3376,Negeri,7,0,1,3,1,3,15
2019,PROV. JAWA TENGAH,33,KOTA TEGAL,3376,Swasta,1,0,0,0,0,0,1
2019,PROV. D.I. YOGYAKARTA,34,KAB. KULON PROGO,3401,Swasta,10,0,0,0,0,0,10
2019,PROV. D.I. YOGYAKARTA,34,KAB. KULON PROGO,3401,Negeri,22,0,1,0,1,1,25
2019,PROV. D.I. YOGYAKARTA,34,KAB. BANTUL,3402,Negeri,20,2,1,1,0,0,24
2019,PROV. D.I. YOGYAKARTA,34,KAB. BANTUL,3402,Swasta,5,0,0,1,0,0,6
2019,PROV. D.I. YOGYAKARTA,34,KAB. GUNUNGKIDUL,3403,Swasta,8,0,0,1,0,0,9
2019,PROV. D.I. YOGYAKARTA,34,KAB. GUNUNGKIDUL,3403,Negeri,8,1,0,2,0,2,13
2019,PROV. D.I. YOGYAKARTA,34,KAB. SLEMAN,3404,Swasta,56,5,3,1,1,2,68
2019,PROV. D.I. YOGYAKARTA,34,KAB. SLEMAN,3404,Negeri,20,4,5,1,1,1,32
2019,PROV. D.I. YOGYAKARTA,34,KOTA YOGYAKARTA,3471,Negeri,13,4,1,0,1,0,19
2019,PROV. D.I. YOGYAKARTA,34,KOTA YOGYAKARTA,3471,Swasta,5,1,8,1,0,0,15
2019,PROV. JAWA TIMUR,35,KAB. PACITAN,3501,Negeri,34,4,2,3,0,0,43
2019,PROV. JAWA TIMUR,35,KAB. PACITAN,3501,Swasta,4,0,1,0,0,0,5
2019,PROV. JAWA TIMUR,35,KAB. PONOROGO,3502,Negeri,34,4,4,4,2,6,54
2019,PROV. JAWA TIMUR,35,KAB. PONOROGO,3502,Swasta,1,0,0,0,0,0,1
2019,PROV. JAWA TIMUR,35,KAB. TRENGGALEK,3503,Swasta,2,0,0,1,0,0,3
2019,PROV. JAWA TIMUR,35,KAB. TRENGGALEK,3503,Negeri,50,1,1,4,2,3,61
2019,PROV. JAWA TIMUR,35,KAB. TULUNGAGUNG,3504,Swasta,38,2,5,2,2,1,50
2019,PROV. JAWA TIMUR,35,KAB. TULUNGAGUNG,3504,Negeri,85,4,3,1,2,2,97
2019,PROV. JAWA TIMUR,35,KAB. BLITAR,3505,Swasta,2,0,0,0,0,0,2
2019,PROV. JAWA TIMUR,35,KAB. BLITAR,3505,Negeri,48,6,5,7,5,8,79
2019,PROV. JAWA TIMUR,35,KAB. KEDIRI,3506,Swasta,3,2,0,1,0,0,6
2019,PROV. JAWA TIMUR,35,KAB. KEDIRI,3506,Negeri,68,4,4,5,3,8,92
2019,PROV. JAWA TIMUR,35,KAB. MALANG,3507,Negeri,122,12,18,9,25,22,208
2019,PROV. JAWA TIMUR,35,KAB. MALANG,3507,Swasta,44,2,1,4,0,3,54
2019,PROV. JAWA TIMUR,35,KAB. LUMAJANG,3508,Swasta,1,0,0,0,1,0,2
2019,PROV. JAWA TIMUR,35,KAB. LUMAJANG,3508,Negeri,65,6,9,8,6,17,111
2019,PROV. JAWA TIMUR,35,KAB. JEMBER,3509,Swasta,10,3,1,0,0,7,21
2019,PROV. JAWA TIMUR,35,KAB. JEMBER,3509,Negeri,118,8,11,19,14,17,187
2019,PROV. JAWA TIMUR,35,KAB. BANYUWANGI,3510,Negeri,76,6,6,5,11,8,112
2019,PROV. JAWA TIMUR,35,KAB. BANYUWANGI,3510,Swasta,38,1,1,3,1,0,44
2019,PROV. JAWA TIMUR,35,KAB. BONDOWOSO,3511,Negeri,61,4,4,1,10,5,85
2019,PROV. JAWA TIMUR,35,KAB. BONDOWOSO,3511,Swasta,5,0,0,0,0,0,5
2019,PROV. JAWA TIMUR,35,KAB. SITUBONDO,3512,Swasta,1,1,1,1,0,2,6
2019,PROV. JAWA TIMUR,35,KAB. SITUBONDO,3512,Negeri,61,5,5,3,7,5,86
2019,PROV. JAWA TIMUR,35,KAB. PROBOLINGGO,3513,Negeri,88,18,8,5,17,16,152
2019,PROV. JAWA TIMUR,35,KAB. PROBOLINGGO,3513,Swasta,6,3,0,1,1,8,19
2019,PROV. JAWA TIMUR,35,KAB. PASURUAN,3514,Negeri,183,11,16,8,12,14,244
2019,PROV. JAWA TIMUR,35,KAB. PASURUAN,3514,Swasta,13,4,4,0,7,2,30
2019,PROV. JAWA TIMUR,35,KAB. SIDOARJO,3515,Negeri,53,7,4,2,7,7,80
2019,PROV. JAWA TIMUR,35,KAB. SIDOARJO,3515,Swasta,16,3,2,1,6,3,31
2019,PROV. JAWA TIMUR,35,KAB. MOJOKERTO,3516,Swasta,4,0,0,0,0,0,4
2019,PROV. JAWA TIMUR,35,KAB. MOJOKERTO,3516,Negeri,52,1,4,3,4,2,66
2019,PROV. JAWA TIMUR,35,KAB. JOMBANG,3517,Swasta,4,0,1,0,0,0,5
2019,PROV. JAWA TIMUR,35,KAB. JOMBANG,3517,Negeri,103,9,7,1,5,9,134
2019,PROV. JAWA TIMUR,35,KAB. NGANJUK,3518,Negeri,122,26,3,1,3,5,160
2019,PROV. JAWA TIMUR,35,KAB. NGANJUK,3518,Swasta,1,1,0,1,0,0,3
2019,PROV. JAWA TIMUR,35,KAB. MADIUN,3519,Swasta,1,0,0,0,0,0,1
2019,PROV. JAWA TIMUR,35,KAB. MADIUN,3519,Negeri,58,2,1,2,1,3,67
2019,PROV. JAWA TIMUR,35,KAB. MAGETAN,3520,Negeri,61,7,8,6,2,12,96
2019,PROV. JAWA TIMUR,35,KAB. MAGETAN,3520,Swasta,4,2,0,0,0,3,9
2019,PROV. JAWA TIMUR,35,KAB. NGAWI,3521,Negeri,62,6,7,6,2,2,85
2019,PROV. JAWA TIMUR,35,KAB. NGAWI,3521,Swasta,11,9,5,2,2,4,33
2019,PROV. JAWA TIMUR,35,KAB. BOJONEGORO,3522,Swasta,3,0,0,1,0,0,4
2019,PROV. JAWA TIMUR,35,KAB. BOJONEGORO,3522,Negeri,36,2,1,2,2,3,46
2019,PROV. JAWA TIMUR,35,KAB. TUBAN,3523,Negeri,77,6,5,11,8,6,113
2019,PROV. JAWA TIMUR,35,KAB. TUBAN,3523,Swasta,1,0,0,0,0,0,1
2019,PROV. JAWA TIMUR,35,KAB. LAMONGAN,3524,Swasta,5,1,2,0,2,2,12
2019,PROV. JAWA TIMUR,35,KAB. LAMONGAN,3524,Negeri,64,11,9,14,17,8,123
2019,PROV. JAWA TIMUR,35,KAB. GRESIK,3525,Negeri,48,14,6,7,8,5,88
2019,PROV. JAWA TIMUR,35,KAB. GRESIK,3525,Swasta,6,0,1,1,2,1,11
2019,PROV. JAWA TIMUR,35,KAB. BANGKALAN,3526,Swasta,10,2,0,3,5,32,52
2019,PROV. JAWA TIMUR,35,KAB. BANGKALAN,3526,Negeri,72,33,41,41,67,110,364
2019,PROV. JAWA TIMUR,35,KAB. SAMPANG,3527,Swasta,24,10,3,9,7,13,66
2019,PROV. JAWA TIMUR,35,KAB. SAMPANG,3527,Negeri,160,22,26,24,39,76,347
2019,PROV. JAWA TIMUR,35,KAB. PAMEKASAN,3528,Swasta,12,3,6,2,0,0,23
2019,PROV. JAWA TIMUR,35,KAB. PAMEKASAN,3528,Negeri,54,4,3,4,4,20,89
2019,PROV. JAWA TIMUR,35,KAB. SUMENEP,3529,Swasta,20,2,0,2,0,7,31
2019,PROV. JAWA TIMUR,35,KAB. SUMENEP,3529,Negeri,64,5,2,5,3,14,93
2019,PROV. JAWA TIMUR,35,KOTA KEDIRI,3571,Negeri,3,0,0,0,0,0,3
2019,PROV. JAWA TIMUR,35,KOTA KEDIRI,3571,Swasta,2,0,0,0,0,0,2
2019,PROV. JAWA TIMUR,35,KOTA BLITAR,3572,Negeri,0,0,0,0,0,0,0
2019,PROV. JAWA TIMUR,35,KOTA BLITAR,3572,Swasta,0,0,0,0,0,0,0
2019,PROV. JAWA TIMUR,35,KOTA MALANG,3573,Negeri,221,2,2,1,12,6,244
2019,PROV. JAWA TIMUR,35,KOTA MALANG,3573,Swasta,4,4,0,0,3,0,11
2019,PROV. JAWA TIMUR,35,KOTA PROBOLINGGO,3574,Negeri,9,0,1,1,3,0,14
2019,PROV. JAWA TIMUR,35,KOTA PROBOLINGGO,3574,Swasta,1,1,0,1,0,0,3
2019,PROV. JAWA TIMUR,35,KOTA PASURUAN,3575,Swasta,0,0,0,0,0,1,1
2019,PROV. JAWA TIMUR,35,KOTA PASURUAN,3575,Negeri,1,0,1,0,0,1,3
2019,PROV. JAWA TIMUR,35,KOTA MOJOKERTO,3576,Swasta,2,0,0,0,0,0,2
2019,PROV. JAWA TIMUR,35,KOTA MOJOKERTO,3576,Negeri,2,1,0,0,1,2,6
2019,PROV. JAWA TIMUR,35,KOTA MADIUN,3577,Negeri,4,1,0,2,0,0,7
2019,PROV. JAWA TIMUR,35,KOTA MADIUN,3577,Swasta,17,0,0,0,0,0,17
2019,PROV. JAWA TIMUR,35,KOTA SURABAYA,3578,Negeri,133,11,12,5,8,11,180
2019,PROV. JAWA TIMUR,35,KOTA SURABAYA,3578,Swasta,168,57,20,19,12,24,300
2019,PROV. JAWA TIMUR,35,KOTA BATU,3579,Negeri,25,0,0,0,1,0,26
2019,PROV. JAWA TIMUR,35,KOTA BATU,3579,Swasta,3,1,0,0,0,0,4
2019,PROV. BANTEN,36,KAB. PANDEGLANG,3601,Swasta,3,2,1,1,0,0,7
2019,PROV. BANTEN,36,KAB. PANDEGLANG,3601,Negeri,94,20,16,9,25,44,208
2019,PROV. BANTEN,36,KAB. LEBAK,3602,Swasta,11,0,2,0,1,0,14
2019,PROV. BANTEN,36,KAB. LEBAK,3602,Negeri,140,18,23,24,30,49,284
2019,PROV. BANTEN,36,KAB. TANGERANG,3603,Swasta,45,9,5,7,2,29,97
2019,PROV. BANTEN,36,KAB. TANGERANG,3603,Negeri,117,19,18,20,28,48,250
2019,PROV. BANTEN,36,KAB. SERANG,3604,Negeri,95,17,6,5,10,13,146
2019,PROV. BANTEN,36,KAB. SERANG,3604,Swasta,3,2,0,1,0,0,6
2019,PROV. BANTEN,36,KOTA TANGERANG,3671,Swasta,31,5,0,1,1,4,42
2019,PROV. BANTEN,36,KOTA TANGERANG,3671,Negeri,44,15,18,14,60,14,165
2019,PROV. BANTEN,36,KOTA CILEGON,3672,Negeri,20,4,2,2,6,3,37
2019,PROV. BANTEN,36,KOTA CILEGON,3672,Swasta,5,1,0,0,0,0,6
2019,PROV. BANTEN,36,KOTA SERANG,3673,Negeri,67,11,11,5,11,12,117
2019,PROV. BANTEN,36,KOTA SERANG,3673,Swasta,0,10,0,0,1,0,11
2019,PROV. BANTEN,36,KOTA TANGERANG SELATAN,3674,Negeri,16,14,5,5,18,22,80
2019,PROV. BANTEN,36,KOTA TANGERANG SELATAN,3674,Swasta,65,5,3,5,4,2,84
2019,PROV. BALI,51,KAB. JEMBRANA,5101,Swasta,0,0,0,1,0,0,1
2019,PROV. BALI,51,KAB. JEMBRANA,5101,Negeri,9,0,7,2,2,1,21
2019,PROV. BALI,51,KAB. TABANAN,5102,Negeri,24,0,2,1,1,1,29
2019,PROV. BALI,51,KAB. TABANAN,5102,Swasta,2,1,0,0,0,0,3
2019,PROV. BALI,51,KAB. BADUNG,5103,Swasta,0,3,0,0,0,1,4
2019,PROV. BALI,51,KAB. BADUNG,5103,Negeri,4,5,0,3,2,5,19
2019,PROV. BALI,51,KAB. GIANYAR,5104,Swasta,5,0,0,0,0,0,5
2019,PROV. BALI,51,KAB. GIANYAR,5104,Negeri,23,0,2,1,3,0,29
2019,PROV. BALI,51,KAB. KLUNGKUNG,5105,Swasta,0,0,0,0,0,0,0
2019,PROV. BALI,51,KAB. KLUNGKUNG,5105,Negeri,5,2,1,2,3,7,20
2019,PROV. BALI,51,KAB. BANGLI,5106,Negeri,5,1,0,1,0,3,10
2019,PROV. BALI,51,KAB. BANGLI,5106,Swasta,0,0,0,0,0,0,0
2019,PROV. BALI,51,KAB. KARANGASEM,5107,Swasta,0,0,0,0,0,0,0
2019,PROV. BALI,51,KAB. KARANGASEM,5107,Negeri,22,2,3,4,7,3,41
2019,PROV. BALI,51,KAB. BULELENG,5108,Swasta,1,0,0,0,0,0,1
2019,PROV. BALI,51,KAB. BULELENG,5108,Negeri,25,5,2,1,1,4,38
2019,PROV. BALI,51,KOTA DENPASAR,5171,Swasta,6,0,1,0,2,0,9
2019,PROV. BALI,51,KOTA DENPASAR,5171,Negeri,52,2,0,2,2,8,66
2019,PROV. NUSA TENGGARA BARAT,52,KAB. LOMBOK BARAT,5201,Negeri,63,20,7,5,13,20,128
2019,PROV. NUSA TENGGARA BARAT,52,KAB. LOMBOK BARAT,5201,Swasta,9,3,3,2,1,2,20
2019,PROV. NUSA TENGGARA BARAT,52,KAB. LOMBOK TENGAH,5202,Negeri,191,19,22,10,12,39,293
2019,PROV. NUSA TENGGARA BARAT,52,KAB. LOMBOK TENGAH,5202,Swasta,2,2,0,1,0,1,6
2019,PROV. NUSA TENGGARA BARAT,52,KAB. LOMBOK TIMUR,5203,Negeri,116,26,19,12,15,25,213
2019,PROV. NUSA TENGGARA BARAT,52,KAB. LOMBOK TIMUR,5203,Swasta,3,2,4,1,1,4,15
2019,PROV. NUSA TENGGARA BARAT,52,KAB. SUMBAWA,5204,Negeri,76,11,9,6,10,16,128
2019,PROV. NUSA TENGGARA BARAT,52,KAB. SUMBAWA,5204,Swasta,5,1,0,0,0,0,6
2019,PROV. NUSA TENGGARA BARAT,52,KAB. DOMPU,5205,Negeri,35,14,12,22,23,35,141
2019,PROV. NUSA TENGGARA BARAT,52,KAB. DOMPU,5205,Swasta,2,1,2,8,0,0,13
2019,PROV. NUSA TENGGARA BARAT,52,KAB. BIMA,5206,Swasta,12,0,0,0,0,2,14
2019,PROV. NUSA TENGGARA BARAT,52,KAB. BIMA,5206,Negeri,106,35,57,40,27,173,438
2019,PROV. NUSA TENGGARA BARAT,52,KAB. SUMBAWA BARAT,5207,Swasta,4,0,1,0,0,0,5
2019,PROV. NUSA TENGGARA BARAT,52,KAB. SUMBAWA BARAT,5207,Negeri,120,0,1,2,2,1,126
2019,PROV. NUSA TENGGARA BARAT,52,KAB. LOMBOK UTARA,5208,Swasta,1,0,0,1,0,0,2
2019,PROV. NUSA TENGGARA BARAT,52,KAB. LOMBOK UTARA,5208,Negeri,33,7,3,7,8,11,69
2019,PROV. NUSA TENGGARA BARAT,52,KOTA MATARAM,5271,Negeri,46,19,11,5,8,9,98
2019,PROV. NUSA TENGGARA BARAT,52,KOTA MATARAM,5271,Swasta,24,0,4,4,2,1,35
2019,PROV. NUSA TENGGARA BARAT,52,KOTA BIMA,5272,Negeri,23,1,2,3,1,26,56
2019,PROV. NUSA TENGGARA BARAT,52,KOTA BIMA,5272,Swasta,6,0,1,0,0,2,9
2019,PROV. NUSA TENGGARA TIMUR,53,KAB. KUPANG,5301,Swasta,15,2,2,0,1,4,24
2019,PROV. NUSA TENGGARA TIMUR,53,KAB. KUPANG,5301,Negeri,54,12,5,9,12,16,108
2019,PROV. NUSA TENGGARA TIMUR,53,KAB. TIMOR TENGAH SELATAN,5302,Swasta,39,4,11,4,11,6,75
2019,PROV. NUSA TENGGARA TIMUR,53,KAB. TIMOR TENGAH SELATAN,5302,Negeri,76,20,15,20,20,38,189
2019,PROV. NUSA TENGGARA TIMUR,53,KAB. TIMOR TENGAH UTARA,5303,Swasta,22,6,6,0,3,8,45
2019,PROV. NUSA TENGGARA TIMUR,53,KAB. TIMOR TENGAH UTARA,5303,Negeri,34,12,3,6,7,3,65
2019,PROV. NUSA TENGGARA TIMUR,53,KAB. BELU,5304,Negeri,52,12,12,12,15,37,140
2019,PROV. NUSA TENGGARA TIMUR,53,KAB. BELU,5304,Swasta,14,7,2,2,6,11,42
2019,PROV. NUSA TENGGARA TIMUR,53,KAB. ALOR,5305,Negeri,40,10,14,15,21,43,143
2019,PROV. NUSA TENGGARA TIMUR,53,KAB. ALOR,5305,Swasta,15,17,16,14,34,34,130
2019,PROV. NUSA TENGGARA TIMUR,53,KAB. FLORES TIMUR,5306,Swasta,70,6,5,14,5,10,110
2019,PROV. NUSA TENGGARA TIMUR,53,KAB. FLORES TIMUR,5306,Negeri,96,12,5,4,2,24,143
2019,PROV. NUSA TENGGARA TIMUR,53,KAB. SIKKA,5307,Swasta,45,6,5,6,9,15,86
2019,PROV. NUSA TENGGARA TIMUR,53,KAB. SIKKA,5307,Negeri,33,6,6,3,12,30,90
2019,PROV. NUSA TENGGARA TIMUR,53,KAB. ENDE,5308,Swasta,30,3,2,6,4,5,50
2019,PROV. NUSA TENGGARA TIMUR,53,KAB. ENDE,5308,Negeri,47,6,10,1,5,14,83
2019,PROV. NUSA TENGGARA TIMUR,53,KAB. NGADA,5309,Swasta,20,0,0,0,1,2,23
2019,PROV. NUSA TENGGARA TIMUR,53,KAB. NGADA,5309,Negeri,41,5,2,3,1,10,62
2019,PROV. NUSA TENGGARA TIMUR,53,KAB. MANGGARAI,5310,Swasta,2,0,0,0,0,1,3
2019,PROV. NUSA TENGGARA TIMUR,53,KAB. MANGGARAI,5310,Negeri,24,1,1,4,5,11,46
2019,PROV. NUSA TENGGARA TIMUR,53,KAB. SUMBA TIMUR,5311,Swasta,7,6,2,1,3,8,27
2019,PROV. NUSA TENGGARA TIMUR,53,KAB. SUMBA TIMUR,5311,Negeri,35,4,4,5,6,10,64
2019,PROV. NUSA TENGGARA TIMUR,53,KAB. SUMBA BARAT,5312,Swasta,6,2,4,0,0,0,12
2019,PROV. NUSA TENGGARA TIMUR,53,KAB. SUMBA BARAT,5312,Negeri,16,6,6,6,13,1,48
2019,PROV. NUSA TENGGARA TIMUR,53,KAB. LEMBATA,5313,Swasta,19,2,2,0,2,3,28
2019,PROV. NUSA TENGGARA TIMUR,53,KAB. LEMBATA,5313,Negeri,17,6,3,2,2,15,45
2019,PROV. NUSA TENGGARA TIMUR,53,KAB. ROTE NDAO,5314,Negeri,12,3,0,1,3,2,21
2019,PROV. NUSA TENGGARA TIMUR,53,KAB. ROTE NDAO,5314,Swasta,0,0,0,0,0,0,0
2019,PROV. NUSA TENGGARA TIMUR,53,KAB. MANGGARAI BARAT,5315,Negeri,25,12,27,5,2,11,82
2019,PROV. NUSA TENGGARA TIMUR,53,KAB. MANGGARAI BARAT,5315,Swasta,6,2,1,0,4,5,18
2019,PROV. NUSA TENGGARA TIMUR,53,KAB. NAGEKEO,5316,Negeri,18,5,2,3,6,4,38
2019,PROV. NUSA TENGGARA TIMUR,53,KAB. NAGEKEO,5316,Swasta,11,3,2,2,4,4,26
2019,PROV. NUSA TENGGARA TIMUR,53,KAB. SUMBA TENGAH,5317,Swasta,2,0,0,0,1,0,3
2019,PROV. NUSA TENGGARA TIMUR,53,KAB. SUMBA TENGAH,5317,Negeri,19,2,3,0,1,2,27
2019,PROV. NUSA TENGGARA TIMUR,53,KAB. SUMBA BARAT DAYA,5318,Negeri,73,49,74,32,84,82,394
2019,PROV. NUSA TENGGARA TIMUR,53,KAB. SUMBA BARAT DAYA,5318,Swasta,84,26,39,56,46,181,432
2019,PROV. NUSA TENGGARA TIMUR,53,KAB. MANGGARAI TIMUR,5319,Swasta,26,2,4,2,1,3,38
2019,PROV. NUSA TENGGARA TIMUR,53,KAB. MANGGARAI TIMUR,5319,Negeri,21,5,8,3,2,10,49
2019,PROV. NUSA TENGGARA TIMUR,53,KAB. SABU RAIJUA,5320,Negeri,3,1,1,0,3,0,8
2019,PROV. NUSA TENGGARA TIMUR,53,KAB. SABU RAIJUA,5320,Swasta,2,0,0,1,3,0,6
2019,PROV. NUSA TENGGARA TIMUR,53,KAB. MALAKA,5321,Negeri,38,5,5,4,5,18,75
2019,PROV. NUSA TENGGARA TIMUR,53,KAB. MALAKA,5321,Swasta,36,5,20,11,17,49,138
2019,PROV. NUSA TENGGARA TIMUR,53,KOTA KUPANG,5371,Swasta,4,4,5,2,1,5,21
2019,PROV. NUSA TENGGARA TIMUR,53,KOTA KUPANG,5371,Negeri,42,12,11,10,4,8,87
2019,PROV. KALIMANTAN BARAT,61,KAB. SAMBAS,6101,Swasta,11,0,2,1,0,0,14
2019,PROV. KALIMANTAN BARAT,61,KAB. SAMBAS,6101,Negeri,48,9,11,14,21,21,124
2019,PROV. KALIMANTAN BARAT,61,KAB. MEMPAWAH,6102,Swasta,0,1,0,0,0,0,1
2019,PROV. KALIMANTAN BARAT,61,KAB. MEMPAWAH,6102,Negeri,85,5,4,2,7,4,107
2019,PROV. KALIMANTAN BARAT,61,KAB. SANGGAU,6103,Swasta,2,0,0,0,0,0,2
2019,PROV. KALIMANTAN BARAT,61,KAB. SANGGAU,6103,Negeri,42,17,23,20,13,17,132
2019,PROV. KALIMANTAN BARAT,61,KAB. KETAPANG,6104,Swasta,2,1,2,3,2,5,15
2019,PROV. KALIMANTAN BARAT,61,KAB. KETAPANG,6104,Negeri,66,26,25,19,19,54,209
2019,PROV. KALIMANTAN BARAT,61,KAB. SINTANG,6105,Swasta,0,0,0,1,0,0,1
2019,PROV. KALIMANTAN BARAT,61,KAB. SINTANG,6105,Negeri,63,11,15,7,6,21,123
2019,PROV. KALIMANTAN BARAT,61,KAB. KAPUAS HULU,6106,Swasta,0,2,0,0,0,0,2
2019,PROV. KALIMANTAN BARAT,61,KAB. KAPUAS HULU,6106,Negeri,23,13,15,16,8,25,100
2019,PROV. KALIMANTAN BARAT,61,KAB. BENGKAYANG,6107,Negeri,37,13,6,11,10,12,89
2019,PROV. KALIMANTAN BARAT,61,KAB. BENGKAYANG,6107,Swasta,1,2,2,0,0,0,5
2019,PROV. KALIMANTAN BARAT,61,KAB. LANDAK,6108,Swasta,3,0,0,0,0,2,5
2019,PROV. KALIMANTAN BARAT,61,KAB. LANDAK,6108,Negeri,61,19,7,12,4,12,115
2019,PROV. KALIMANTAN BARAT,61,KAB. SEKADAU,6109,Negeri,6,5,1,2,1,1,16
2019,PROV. KALIMANTAN BARAT,61,KAB. SEKADAU,6109,Swasta,1,0,0,0,1,0,2
2019,PROV. KALIMANTAN BARAT,61,KAB. MELAWI,6110,Swasta,0,0,0,0,0,0,0
2019,PROV. KALIMANTAN BARAT,61,KAB. MELAWI,6110,Negeri,30,14,9,14,16,22,105
2019,PROV. KALIMANTAN BARAT,61,KAB. KAYONG UTARA,6111,Negeri,9,3,2,1,5,11,31
2019,PROV. KALIMANTAN BARAT,61,KAB. KAYONG UTARA,6111,Swasta,0,0,1,0,0,0,1
2019,PROV. KALIMANTAN BARAT,61,KAB. KUBU RAYA,6112,Negeri,41,22,13,9,14,41,140
2019,PROV. KALIMANTAN BARAT,61,KAB. KUBU RAYA,6112,Swasta,34,2,7,4,1,10,58
2019,PROV. KALIMANTAN BARAT,61,KOTA PONTIANAK,6171,Swasta,11,3,2,1,2,12,31
2019,PROV. KALIMANTAN BARAT,61,KOTA PONTIANAK,6171,Negeri,23,2,4,7,0,5,41
2019,PROV. KALIMANTAN BARAT,61,KOTA SINGKAWANG,6172,Negeri,16,8,10,10,10,11,65
2019,PROV. KALIMANTAN BARAT,61,KOTA SINGKAWANG,6172,Swasta,0,1,0,2,0,0,3
2019,PROV. KALIMANTAN TENGAH,62,KAB. KOTAWARINGIN BARAT,6201,Swasta,0,2,0,0,1,0,3
2019,PROV. KALIMANTAN TENGAH,62,KAB. KOTAWARINGIN BARAT,6201,Negeri,27,4,7,7,4,16,65
2019,PROV. KALIMANTAN TENGAH,62,KAB. KOTAWARINGIN TIMUR,6202,Negeri,37,12,5,6,5,14,79
2019,PROV. KALIMANTAN TENGAH,62,KAB. KOTAWARINGIN TIMUR,6202,Swasta,6,5,2,2,3,1,19
2019,PROV. KALIMANTAN TENGAH,62,KAB. KAPUAS,6203,Swasta,6,0,1,1,0,1,9
2019,PROV. KALIMANTAN TENGAH,62,KAB. KAPUAS,6203,Negeri,23,3,10,6,11,20,73
2019,PROV. KALIMANTAN TENGAH,62,KAB. BARITO SELATAN,6204,Negeri,7,2,6,5,4,11,35
2019,PROV. KALIMANTAN TENGAH,62,KAB. BARITO SELATAN,6204,Swasta,4,0,1,0,0,1,6
2019,PROV. KALIMANTAN TENGAH,62,KAB. BARITO UTARA,6205,Negeri,14,4,3,5,2,9,37
2019,PROV. KALIMANTAN TENGAH,62,KAB. BARITO UTARA,6205,Swasta,0,0,0,0,0,0,0
2019,PROV. KALIMANTAN TENGAH,62,KAB. KATINGAN,6206,Negeri,6,9,6,2,11,20,54
2019,PROV. KALIMANTAN TENGAH,62,KAB. KATINGAN,6206,Swasta,1,0,2,2,2,1,8
2019,PROV. KALIMANTAN TENGAH,62,KAB. SERUYAN,6207,Negeri,29,3,1,2,3,10,48
2019,PROV. KALIMANTAN TENGAH,62,KAB. SERUYAN,6207,Swasta,6,5,3,4,2,7,27
2019,PROV. KALIMANTAN TENGAH,62,KAB. SUKAMARA,6208,Swasta,0,0,0,0,0,0,0
2019,PROV. KALIMANTAN TENGAH,62,KAB. SUKAMARA,6208,Negeri,12,2,1,0,0,2,17
2019,PROV. KALIMANTAN TENGAH,62,KAB. LAMANDAU,6209,Negeri,33,1,2,6,0,2,44
2019,PROV. KALIMANTAN TENGAH,62,KAB. LAMANDAU,6209,Swasta,1,0,0,0,0,0,1
2019,PROV. KALIMANTAN TENGAH,62,KAB. GUNUNG MAS,6210,Negeri,25,4,5,6,3,6,49
2019,PROV. KALIMANTAN TENGAH,62,KAB. GUNUNG MAS,6210,Swasta,2,0,0,0,0,0,2
2019,PROV. KALIMANTAN TENGAH,62,KAB. PULANG PISAU,6211,Negeri,43,7,4,4,1,11,70
2019,PROV. KALIMANTAN TENGAH,62,KAB. PULANG PISAU,6211,Swasta,3,0,0,0,0,5,8
2019,PROV. KALIMANTAN TENGAH,62,KAB. MURUNG RAYA,6212,Negeri,31,4,3,2,5,8,53
2019,PROV. KALIMANTAN TENGAH,62,KAB. MURUNG RAYA,6212,Swasta,0,0,0,0,0,0,0
2019,PROV. KALIMANTAN TENGAH,62,KAB. BARITO TIMUR,6213,Negeri,16,3,3,4,3,4,33
2019,PROV. KALIMANTAN TENGAH,62,KAB. BARITO TIMUR,6213,Swasta,0,0,0,0,0,0,0
2019,PROV. KALIMANTAN TENGAH,62,KOTA PALANGKA RAYA,6271,Swasta,15,2,1,0,1,1,20
2019,PROV. KALIMANTAN TENGAH,62,KOTA PALANGKA RAYA,6271,Negeri,21,3,3,6,5,2,40
2019,PROV. KALIMANTAN SELATAN,63,KAB. TANAH LAUT,6301,Swasta,3,0,0,0,0,1,4
2019,PROV. KALIMANTAN SELATAN,63,KAB. TANAH LAUT,6301,Negeri,86,7,2,4,1,7,107
2019,PROV. KALIMANTAN SELATAN,63,KAB. KOTABARU,6302,Swasta,3,0,0,0,0,1,4
2019,PROV. KALIMANTAN SELATAN,63,KAB. KOTABARU,6302,Negeri,37,12,6,9,10,18,92
2019,PROV. KALIMANTAN SELATAN,63,KAB. BANJAR,6303,Negeri,27,11,4,5,7,12,66
2019,PROV. KALIMANTAN SELATAN,63,KAB. BANJAR,6303,Swasta,1,0,0,0,0,0,1
2019,PROV. KALIMANTAN SELATAN,63,KAB. BARITO KUALA,6304,Swasta,4,0,0,0,1,1,6
2019,PROV. KALIMANTAN SELATAN,63,KAB. BARITO KUALA,6304,Negeri,37,2,4,2,6,8,59
2019,PROV. KALIMANTAN SELATAN,63,KAB. TAPIN,6305,Swasta,0,0,0,1,0,0,1
2019,PROV. KALIMANTAN SELATAN,63,KAB. TAPIN,6305,Negeri,23,0,3,3,1,11,41
2019,PROV. KALIMANTAN SELATAN,63,KAB. HULU SUNGAI SELATAN,6306,Negeri,47,1,5,3,1,7,64
2019,PROV. KALIMANTAN SELATAN,63,KAB. HULU SUNGAI SELATAN,6306,Swasta,0,0,0,0,0,0,0
2019,PROV. KALIMANTAN SELATAN,63,KAB. HULU SUNGAI TENGAH,6307,Swasta,0,0,0,0,0,0,0
2019,PROV. KALIMANTAN SELATAN,63,KAB. HULU SUNGAI TENGAH,6307,Negeri,23,6,3,3,2,1,38
2019,PROV. KALIMANTAN SELATAN,63,KAB. HULU SUNGAI UTARA,6308,Negeri,28,2,3,2,1,3,39
2019,PROV. KALIMANTAN SELATAN,63,KAB. HULU SUNGAI UTARA,6308,Swasta,5,0,0,0,0,0,5
2019,PROV. KALIMANTAN SELATAN,63,KAB. TABALONG,6309,Swasta,2,0,0,0,0,0,2
2019,PROV. KALIMANTAN SELATAN,63,KAB. TABALONG,6309,Negeri,28,0,7,3,4,3,45
2019,PROV. KALIMANTAN SELATAN,63,KAB. TANAH BUMBU,6310,Swasta,10,0,1,0,1,1,13
2019,PROV. KALIMANTAN SELATAN,63,KAB. TANAH BUMBU,6310,Negeri,57,10,7,5,5,20,104
2019,PROV. KALIMANTAN SELATAN,63,KAB. BALANGAN,6311,Swasta,0,0,0,0,0,0,0
2019,PROV. KALIMANTAN SELATAN,63,KAB. BALANGAN,6311,Negeri,24,6,2,1,0,0,33
2019,PROV. KALIMANTAN SELATAN,63,KOTA BANJARMASIN,6371,Negeri,55,13,8,11,14,13,114
2019,PROV. KALIMANTAN SELATAN,63,KOTA BANJARMASIN,6371,Swasta,7,0,11,1,8,1,28
2019,PROV. KALIMANTAN SELATAN,63,KOTA BANJARBARU,6372,Swasta,2,0,1,1,2,0,6
2019,PROV. KALIMANTAN SELATAN,63,KOTA BANJARBARU,6372,Negeri,4,0,1,1,0,1,7
2019,PROV. KALIMANTAN TIMUR,64,KAB. PASER,6401,Swasta,7,0,0,0,1,0,8
2019,PROV. KALIMANTAN TIMUR,64,KAB. PASER,6401,Negeri,72,13,7,9,15,10,126
2019,PROV. KALIMANTAN TIMUR,64,KAB. KUTAI KARTANEGARA,6402,Negeri,118,24,33,27,25,42,269
2019,PROV. KALIMANTAN TIMUR,64,KAB. KUTAI KARTANEGARA,6402,Swasta,17,2,2,1,0,1,23
2019,PROV. KALIMANTAN TIMUR,64,KAB. BERAU,6403,Swasta,1,0,1,0,0,0,2
2019,PROV. KALIMANTAN TIMUR,64,KAB. BERAU,6403,Negeri,12,3,5,6,1,14,41
2019,PROV. KALIMANTAN TIMUR,64,KAB. KUTAI BARAT,6407,Negeri,20,5,4,3,3,16,51
2019,PROV. KALIMANTAN TIMUR,64,KAB. KUTAI BARAT,6407,Swasta,1,3,0,0,0,0,4
2019,PROV. KALIMANTAN TIMUR,64,KAB. KUTAI TIMUR,6408,Swasta,1,1,1,1,3,4,11
2019,PROV. KALIMANTAN TIMUR,64,KAB. KUTAI TIMUR,6408,Negeri,57,7,8,14,12,36,134
2019,PROV. KALIMANTAN TIMUR,64,KAB. PENAJAM PASER UTARA,6409,Negeri,49,5,7,7,7,18,93
2019,PROV. KALIMANTAN TIMUR,64,KAB. PENAJAM PASER UTARA,6409,Swasta,0,0,0,5,3,1,9
2019,PROV. KALIMANTAN TIMUR,64,KAB. MAHAKAM ULU,6411,Negeri,46,2,2,1,1,4,56
2019,PROV. KALIMANTAN TIMUR,64,KAB. MAHAKAM ULU,6411,Swasta,0,0,0,0,0,0,0
2019,PROV. KALIMANTAN TIMUR,64,KOTA BALIKPAPAN,6471,Swasta,4,1,0,0,0,1,6
2019,PROV. KALIMANTAN TIMUR,64,KOTA BALIKPAPAN,6471,Negeri,66,4,1,2,7,4,84
2019,PROV. KALIMANTAN TIMUR,64,KOTA SAMARINDA,6472,Swasta,22,1,5,0,0,1,29
2019,PROV. KALIMANTAN TIMUR,64,KOTA SAMARINDA,6472,Negeri,81,4,3,9,7,23,127
2019,PROV. KALIMANTAN TIMUR,64,KOTA BONTANG,6474,Negeri,19,0,0,2,2,7,30
2019,PROV. KALIMANTAN TIMUR,64,KOTA BONTANG,6474,Swasta,1,0,0,1,0,3,5
2019,PROV. KALIMANTAN UTARA,65,KAB. BULUNGAN,6501,Negeri,81,8,8,5,11,36,149
2019,PROV. KALIMANTAN UTARA,65,KAB. BULUNGAN,6501,Swasta,0,0,0,0,0,0,0
2019,PROV. KALIMANTAN UTARA,65,KAB. MALINAU,6502,Swasta,0,0,1,0,0,0,1
2019,PROV. KALIMANTAN UTARA,65,KAB. MALINAU,6502,Negeri,11,2,4,0,0,3,20
2019,PROV. KALIMANTAN UTARA,65,KAB. NUNUKAN,6503,Swasta,0,0,1,1,2,1,5
2019,PROV. KALIMANTAN UTARA,65,KAB. NUNUKAN,6503,Negeri,19,5,12,14,12,16,78
2019,PROV. KALIMANTAN UTARA,65,KAB. TANA TIDUNG,6504,Swasta,3,1,0,0,0,0,4
2019,PROV. KALIMANTAN UTARA,65,KAB. TANA TIDUNG,6504,Negeri,24,3,1,1,1,4,34
2019,PROV. KALIMANTAN UTARA,65,KOTA TARAKAN,6571,Swasta,3,0,0,1,0,0,4
2019,PROV. KALIMANTAN UTARA,65,KOTA TARAKAN,6571,Negeri,9,1,5,2,1,1,19
2019,PROV. SULAWESI UTARA,71,KAB. BOLAANG MONGONDOW,7101,Negeri,1,0,2,1,4,7,15
2019,PROV. SULAWESI UTARA,71,KAB. BOLAANG MONGONDOW,7101,Swasta,0,0,0,0,0,0,0
2019,PROV. SULAWESI UTARA,71,KAB. MINAHASA,7102,Negeri,13,9,14,7,10,18,71
2019,PROV. SULAWESI UTARA,71,KAB. MINAHASA,7102,Swasta,45,11,3,6,13,24,102
2019,PROV. SULAWESI UTARA,71,KAB. KEPULAUAN SANGIHE,7103,Negeri,7,0,2,3,1,4,17
2019,PROV. SULAWESI UTARA,71,KAB. KEPULAUAN SANGIHE,7103,Swasta,12,0,0,2,0,2,16
2019,PROV. SULAWESI UTARA,71,KAB. KEPULAUAN TALAUD,7104,Swasta,0,3,4,0,1,0,8
2019,PROV. SULAWESI UTARA,71,KAB. KEPULAUAN TALAUD,7104,Negeri,6,0,1,3,3,0,13
2019,PROV. SULAWESI UTARA,71,KAB. MINAHASA SELATAN,7105,Swasta,3,2,1,1,1,2,10
2019,PROV. SULAWESI UTARA,71,KAB. MINAHASA SELATAN,7105,Negeri,8,3,1,3,2,1,18
2019,PROV. SULAWESI UTARA,71,KAB. MINAHASA UTARA,7106,Negeri,9,4,2,2,4,48,69
2019,PROV. SULAWESI UTARA,71,KAB. MINAHASA UTARA,7106,Swasta,4,5,2,4,9,17,41
2019,PROV. SULAWESI UTARA,71,KAB. MINAHASA TENGGARA,7107,Negeri,6,0,1,1,1,1,10
2019,PROV. SULAWESI UTARA,71,KAB. MINAHASA TENGGARA,7107,Swasta,5,0,0,1,0,2,8
2019,PROV. SULAWESI UTARA,71,KAB. BOLAANG MONGONDOW UTARA,7108,Swasta,0,0,0,0,0,0,0
2019,PROV. SULAWESI UTARA,71,KAB. BOLAANG MONGONDOW UTARA,7108,Negeri,9,0,3,0,1,5,18
2019,PROV. SULAWESI UTARA,71,KAB. KEP. SIAU TAGULANDANG BIARO,7109,Swasta,2,1,1,0,0,1,5
2019,PROV. SULAWESI UTARA,71,KAB. KEP. SIAU TAGULANDANG BIARO,7109,Negeri,18,0,1,2,0,0,21
2019,PROV. SULAWESI UTARA,71,KAB. BOLAANG MONGONDOW TIMUR,7110,Negeri,1,0,0,1,0,5,7
2019,PROV. SULAWESI UTARA,71,KAB. BOLAANG MONGONDOW TIMUR,7110,Swasta,0,1,0,0,0,5,6
2019,PROV. SULAWESI UTARA,71,KAB. BOLAANG MONGONDOW SELATAN,7111,Swasta,0,0,0,0,1,0,1
2019,PROV. SULAWESI UTARA,71,KAB. BOLAANG MONGONDOW SELATAN,7111,Negeri,30,9,4,7,4,9,63
2019,PROV. SULAWESI UTARA,71,KOTA MANADO,7171,Negeri,12,13,5,8,20,18,76
2019,PROV. SULAWESI UTARA,71,KOTA MANADO,7171,Swasta,23,10,8,3,8,28,80
2019,PROV. SULAWESI UTARA,71,KOTA BITUNG,7172,Negeri,7,4,1,10,1,6,29
2019,PROV. SULAWESI UTARA,71,KOTA BITUNG,7172,Swasta,1,1,0,3,3,0,8
2019,PROV. SULAWESI UTARA,71,KOTA TOMOHON,7173,Negeri,2,0,1,1,0,0,4
2019,PROV. SULAWESI UTARA,71,KOTA TOMOHON,7173,Swasta,6,1,0,1,0,0,8
2019,PROV. SULAWESI UTARA,71,KOTA KOTAMOBAGU,7174,Swasta,0,3,0,0,3,0,6
2019,PROV. SULAWESI UTARA,71,KOTA KOTAMOBAGU,7174,Negeri,5,2,4,0,1,1,13
2019,PROV. SULAWESI TENGAH,72,KAB. BANGGAI,7201,Swasta,4,1,2,1,0,1,9
2019,PROV. SULAWESI TENGAH,72,KAB. BANGGAI,7201,Negeri,38,10,6,4,5,39,102
2019,PROV. SULAWESI TENGAH,72,KAB. POSO,7202,Swasta,3,0,2,1,0,1,7
2019,PROV. SULAWESI TENGAH,72,KAB. POSO,7202,Negeri,13,4,4,5,5,5,36
2019,PROV. SULAWESI TENGAH,72,KAB. DONGGALA,7203,Negeri,40,12,11,17,11,44,135
2019,PROV. SULAWESI TENGAH,72,KAB. DONGGALA,7203,Swasta,12,3,0,1,4,7,27
2019,PROV. SULAWESI TENGAH,72,KAB. TOLITOLI,7204,Swasta,0,0,0,0,0,0,0
2019,PROV. SULAWESI TENGAH,72,KAB. TOLITOLI,7204,Negeri,36,10,8,11,8,44,117
2019,PROV. SULAWESI TENGAH,72,KAB. BUOL,7205,Swasta,0,0,0,0,0,0,0
2019,PROV. SULAWESI TENGAH,72,KAB. BUOL,7205,Negeri,31,3,5,6,20,28,93
2019,PROV. SULAWESI TENGAH,72,KAB. MOROWALI,7206,Negeri,6,5,15,5,3,14,48
2019,PROV. SULAWESI TENGAH,72,KAB. MOROWALI,7206,Swasta,0,0,0,0,0,0,0
2019,PROV. SULAWESI TENGAH,72,KAB. BANGGAI KEPULAUAN,7207,Negeri,16,1,1,1,4,7,30
2019,PROV. SULAWESI TENGAH,72,KAB. BANGGAI KEPULAUAN,7207,Swasta,0,0,0,0,0,0,0
2019,PROV. SULAWESI TENGAH,72,KAB. PARIGI MOUTONG,7208,Negeri,58,16,20,22,44,16,176
2019,PROV. SULAWESI TENGAH,72,KAB. PARIGI MOUTONG,7208,Swasta,1,16,36,31,18,13,115
2019,PROV. SULAWESI TENGAH,72,KAB. TOJO UNA UNA,7209,Negeri,31,3,2,2,2,13,53
2019,PROV. SULAWESI TENGAH,72,KAB. TOJO UNA UNA,7209,Swasta,0,0,0,0,0,0,0
2019,PROV. SULAWESI TENGAH,72,KAB. SIGI,7210,Swasta,3,1,0,1,0,57,62
2019,PROV. SULAWESI TENGAH,72,KAB. SIGI,7210,Negeri,26,11,3,4,3,14,61
2019,PROV. SULAWESI TENGAH,72,KAB. BANGGAI LAUT,7211,Negeri,7,2,2,0,4,4,19
2019,PROV. SULAWESI TENGAH,72,KAB. BANGGAI LAUT,7211,Swasta,7,0,0,0,0,0,7
2019,PROV. SULAWESI TENGAH,72,KAB. MOROWALI UTARA,7212,Swasta,2,0,0,0,0,0,2
2019,PROV. SULAWESI TENGAH,72,KAB. MOROWALI UTARA,7212,Negeri,34,3,4,3,3,27,74
2019,PROV. SULAWESI TENGAH,72,KOTA PALU,7271,Negeri,7,8,0,2,2,6,25
2019,PROV. SULAWESI TENGAH,72,KOTA PALU,7271,Swasta,10,0,1,3,0,1,15
2019,PROV. SULAWESI SELATAN,73,KAB. KEPULAUAN SELAYAR,7301,Negeri,19,4,5,4,14,8,54
2019,PROV. SULAWESI SELATAN,73,KAB. KEPULAUAN SELAYAR,7301,Swasta,0,0,0,0,0,0,0
2019,PROV. SULAWESI SELATAN,73,KAB. BULUKUMBA,7302,Negeri,74,9,12,11,19,25,150
2019,PROV. SULAWESI SELATAN,73,KAB. BULUKUMBA,7302,Swasta,0,0,0,0,0,0,0
2019,PROV. SULAWESI SELATAN,73,KAB. BANTAENG,7303,Negeri,22,10,9,5,2,34,82
2019,PROV. SULAWESI SELATAN,73,KAB. BANTAENG,7303,Swasta,0,0,0,0,0,0,0
2019,PROV. SULAWESI SELATAN,73,KAB. JENEPONTO,7304,Swasta,19,7,5,4,1,3,39
2019,PROV. SULAWESI SELATAN,73,KAB. JENEPONTO,7304,Negeri,77,24,31,38,73,167,410
2019,PROV. SULAWESI SELATAN,73,KAB. TAKALAR,7305,Swasta,1,0,1,0,0,0,2
2019,PROV. SULAWESI SELATAN,73,KAB. TAKALAR,7305,Negeri,59,11,9,7,3,11,100
2019,PROV. SULAWESI SELATAN,73,KAB. GOWA,7306,Negeri,99,7,12,11,11,67,207
2019,PROV. SULAWESI SELATAN,73,KAB. GOWA,7306,Swasta,1,3,4,1,0,0,9
2019,PROV. SULAWESI SELATAN,73,KAB. SINJAI,7307,Swasta,0,0,0,0,0,0,0
2019,PROV. SULAWESI SELATAN,73,KAB. SINJAI,7307,Negeri,12,8,2,3,3,18,46
2019,PROV. SULAWESI SELATAN,73,KAB. BONE,7308,Swasta,1,0,0,0,0,0,1
2019,PROV. SULAWESI SELATAN,73,KAB. BONE,7308,Negeri,194,29,41,37,31,44,376
2019,PROV. SULAWESI SELATAN,73,KAB. MAROS,7309,Negeri,60,5,8,6,11,6,96
2019,PROV. SULAWESI SELATAN,73,KAB. MAROS,7309,Swasta,3,0,0,0,0,1,4
2019,PROV. SULAWESI SELATAN,73,KAB. PANGKAJENE DAN KEPULAUAN,7310,Negeri,36,11,6,4,5,11,73
2019,PROV. SULAWESI SELATAN,73,KAB. PANGKAJENE DAN KEPULAUAN,7310,Swasta,1,0,0,0,0,0,1
2019,PROV. SULAWESI SELATAN,73,KAB. BARRU,7311,Negeri,22,3,5,4,6,11,51
2019,PROV. SULAWESI SELATAN,73,KAB. BARRU,7311,Swasta,0,0,0,0,0,0,0
2019,PROV. SULAWESI SELATAN,73,KAB. SOPPENG,7312,Swasta,6,1,0,0,0,0,7
2019,PROV. SULAWESI SELATAN,73,KAB. SOPPENG,7312,Negeri,7,6,4,9,9,6,41
2019,PROV. SULAWESI SELATAN,73,KAB. WAJO,7313,Swasta,0,0,1,0,2,0,3
2019,PROV. SULAWESI SELATAN,73,KAB. WAJO,7313,Negeri,54,8,16,17,18,40,153
2019,PROV. SULAWESI SELATAN,73,KAB. SIDENRENG RAPPANG,7314,Swasta,0,1,0,1,1,1,4
2019,PROV. SULAWESI SELATAN,73,KAB. SIDENRENG RAPPANG,7314,Negeri,32,8,1,11,6,23,81
2019,PROV. SULAWESI SELATAN,73,KAB. PINRANG,7315,Negeri,112,18,20,17,32,35,234
2019,PROV. SULAWESI SELATAN,73,KAB. PINRANG,7315,Swasta,0,0,0,1,0,0,1
2019,PROV. SULAWESI SELATAN,73,KAB. ENREKANG,7316,Swasta,0,0,0,0,0,0,0
2019,PROV. SULAWESI SELATAN,73,KAB. ENREKANG,7316,Negeri,63,1,2,1,3,6,76
2019,PROV. SULAWESI SELATAN,73,KAB. LUWU,7317,Swasta,1,0,0,0,1,7,9
2019,PROV. SULAWESI SELATAN,73,KAB. LUWU,7317,Negeri,48,16,9,4,4,17,98
2019,PROV. SULAWESI SELATAN,73,KAB. TANA TORAJA,7318,Negeri,30,5,4,0,6,7,52
2019,PROV. SULAWESI SELATAN,73,KAB. TANA TORAJA,7318,Swasta,0,0,0,0,1,0,1
2019,PROV. SULAWESI SELATAN,73,KAB. LUWU UTARA,7322,Swasta,0,0,0,0,0,0,0
2019,PROV. SULAWESI SELATAN,73,KAB. LUWU UTARA,7322,Negeri,27,3,2,6,3,9,50
2019,PROV. SULAWESI SELATAN,73,KAB. LUWU TIMUR,7324,Negeri,23,3,10,1,2,9,48
2019,PROV. SULAWESI SELATAN,73,KAB. LUWU TIMUR,7324,Swasta,0,0,0,0,0,0,0
2019,PROV. SULAWESI SELATAN,73,KAB. TORAJA UTARA,7326,Swasta,0,0,0,0,0,3,3
2019,PROV. SULAWESI SELATAN,73,KAB. TORAJA UTARA,7326,Negeri,36,10,12,7,7,17,89
2019,PROV. SULAWESI SELATAN,73,KOTA MAKASSAR,7371,Swasta,49,4,6,5,6,49,119
2019,PROV. SULAWESI SELATAN,73,KOTA MAKASSAR,7371,Negeri,60,18,26,21,29,54,208
2019,PROV. SULAWESI SELATAN,73,KOTA PAREPARE,7372,Swasta,0,0,0,0,0,0,0
2019,PROV. SULAWESI SELATAN,73,KOTA PAREPARE,7372,Negeri,16,2,2,4,2,3,29
2019,PROV. SULAWESI SELATAN,73,KOTA PALOPO,7373,Swasta,21,1,2,0,1,3,28
2019,PROV. SULAWESI SELATAN,73,KOTA PALOPO,7373,Negeri,39,1,4,1,5,7,57
2019,PROV. SULAWESI TENGGARA,74,KAB. KOLAKA,7401,Negeri,60,10,5,13,41,26,155
2019,PROV. SULAWESI TENGGARA,74,KAB. KOLAKA,7401,Swasta,2,0,1,0,3,0,6
2019,PROV. SULAWESI TENGGARA,74,KAB. KONAWE,7402,Swasta,0,0,0,0,0,0,0
2019,PROV. SULAWESI TENGGARA,74,KAB. KONAWE,7402,Negeri,46,6,13,12,10,61,148
2019,PROV. SULAWESI TENGGARA,74,KAB. MUNA,7403,Negeri,19,2,14,11,11,9,66
2019,PROV. SULAWESI TENGGARA,74,KAB. MUNA,7403,Swasta,1,0,0,0,1,0,2
2019,PROV. SULAWESI TENGGARA,74,KAB. BUTON,7404,Swasta,0,0,0,0,0,0,0
2019,PROV. SULAWESI TENGGARA,74,KAB. BUTON,7404,Negeri,28,8,5,1,4,15,61
2019,PROV. SULAWESI TENGGARA,74,KAB. KONAWE SELATAN,7405,Swasta,0,0,0,0,0,0,0
2019,PROV. SULAWESI TENGGARA,74,KAB. KONAWE SELATAN,7405,Negeri,94,7,18,15,15,33,182
2019,PROV. SULAWESI TENGGARA,74,KAB. BOMBANA,7406,Negeri,26,12,19,11,17,29,114
2019,PROV. SULAWESI TENGGARA,74,KAB. BOMBANA,7406,Swasta,4,6,0,0,1,1,12
2019,PROV. SULAWESI TENGGARA,74,KAB. WAKATOBI,7407,Swasta,0,0,0,0,0,13,13
2019,PROV. SULAWESI TENGGARA,74,KAB. WAKATOBI,7407,Negeri,41,3,6,10,5,8,73
2019,PROV. SULAWESI TENGGARA,74,KAB. KOLAKA UTARA,7408,Swasta,0,0,0,0,0,0,0
2019,PROV. SULAWESI TENGGARA,74,KAB. KOLAKA UTARA,7408,Negeri,18,2,1,1,12,25,59
2019,PROV. SULAWESI TENGGARA,74,KAB. KONAWE UTARA,7409,Negeri,42,8,6,6,6,5,73
2019,PROV. SULAWESI TENGGARA,74,KAB. KONAWE UTARA,7409,Swasta,0,0,0,0,0,0,0
2019,PROV. SULAWESI TENGGARA,74,KAB. BUTON UTARA,7410,Negeri,12,16,1,1,2,6,38
2019,PROV. SULAWESI TENGGARA,74,KAB. BUTON UTARA,7410,Swasta,0,0,0,0,0,0,0
2019,PROV. SULAWESI TENGGARA,74,KAB. KOLAKA TIMUR,7411,Swasta,0,0,0,0,0,0,0
2019,PROV. SULAWESI TENGGARA,74,KAB. KOLAKA TIMUR,7411,Negeri,9,2,1,2,7,7,28
2019,PROV. SULAWESI TENGGARA,74,KAB. KONAWE KEPULAUAN,7412,Swasta,0,0,0,0,0,0,0
2019,PROV. SULAWESI TENGGARA,74,KAB. KONAWE KEPULAUAN,7412,Negeri,8,0,0,0,3,2,13
2019,PROV. SULAWESI TENGGARA,74,KAB. MUNA BARAT,7413,Negeri,2,7,2,1,2,11,25
2019,PROV. SULAWESI TENGGARA,74,KAB. MUNA BARAT,7413,Swasta,0,0,0,0,0,0,0
2019,PROV. SULAWESI TENGGARA,74,KAB. BUTON TENGAH,7414,Swasta,7,0,0,0,0,0,7
2019,PROV. SULAWESI TENGGARA,74,KAB. BUTON TENGAH,7414,Negeri,31,5,10,14,12,27,99
2019,PROV. SULAWESI TENGGARA,74,KAB. BUTON SELATAN,7415,Swasta,0,0,0,0,0,0,0
2019,PROV. SULAWESI TENGGARA,74,KAB. BUTON SELATAN,7415,Negeri,31,12,11,3,10,8,75
2019,PROV. SULAWESI TENGGARA,74,KOTA KENDARI,7471,Swasta,11,0,0,0,0,0,11
2019,PROV. SULAWESI TENGGARA,74,KOTA KENDARI,7471,Negeri,19,5,5,1,9,16,55
2019,PROV. SULAWESI TENGGARA,74,KOTA BAU BAU,7472,Negeri,18,5,8,4,5,21,61
2019,PROV. SULAWESI TENGGARA,74,KOTA BAU BAU,7472,Swasta,0,0,0,0,0,0,0
2019,PROV. GORONTALO,75,KAB. GORONTALO,7501,Swasta,2,0,0,0,0,6,8
2019,PROV. GORONTALO,75,KAB. GORONTALO,7501,Negeri,57,22,17,29,32,41,198
2019,PROV. GORONTALO,75,KAB. BOALEMO,7502,Negeri,27,21,16,17,28,25,134
2019,PROV. GORONTALO,75,KAB. BOALEMO,7502,Swasta,0,0,0,0,0,0,0
2019,PROV. GORONTALO,75,KAB. BONE BOLANGO,7503,Swasta,0,0,0,0,0,0,0
2019,PROV. GORONTALO,75,KAB. BONE BOLANGO,7503,Negeri,39,7,7,8,10,7,78
2019,PROV. GORONTALO,75,KAB. POHUWATO,7504,Negeri,43,19,11,12,17,15,117
2019,PROV. GORONTALO,75,KAB. POHUWATO,7504,Swasta,0,0,2,0,0,0,2
2019,PROV. GORONTALO,75,KAB. GORONTALO UTARA,7505,Negeri,30,4,8,8,10,17,77
2019,PROV. GORONTALO,75,KAB. GORONTALO UTARA,7505,Swasta,0,0,0,0,0,0,0
2019,PROV. GORONTALO,75,KOTA GORONTALO,7571,Swasta,3,0,0,1,0,0,4
2019,PROV. GORONTALO,75,KOTA GORONTALO,7571,Negeri,11,2,5,3,0,4,25
2019,PROV. SULAWESI BARAT,76,KAB. PASANGKAYU,7601,Swasta,1,0,0,0,0,1,2
2019,PROV. SULAWESI BARAT,76,KAB. PASANGKAYU,7601,Negeri,15,5,16,8,10,5,59
2019,PROV. SULAWESI BARAT,76,KAB. MAMUJU,7602,Negeri,27,8,3,5,15,41,99
2019,PROV. SULAWESI BARAT,76,KAB. MAMUJU,7602,Swasta,0,0,0,0,0,0,0
2019,PROV. SULAWESI BARAT,76,KAB. MAMASA,7603,Swasta,0,0,1,2,0,1,4
2019,PROV. SULAWESI BARAT,76,KAB. MAMASA,7603,Negeri,45,47,31,51,50,145,369
2019,PROV. SULAWESI BARAT,76,KAB. POLEWALI MANDAR,7604,Negeri,37,16,4,11,12,71,151
2019,PROV. SULAWESI BARAT,76,KAB. POLEWALI MANDAR,7604,Swasta,0,0,0,0,0,0,0
2019,PROV. SULAWESI BARAT,76,KAB. MAJENE,7605,Swasta,0,0,0,0,0,0,0
2019,PROV. SULAWESI BARAT,76,KAB. MAJENE,7605,Negeri,50,1,1,4,6,12,74
2019,PROV. SULAWESI BARAT,76,KAB. MAMUJU TENGAH,7606,Swasta,0,0,0,0,0,0,0
2019,PROV. SULAWESI BARAT,76,KAB. MAMUJU TENGAH,7606,Negeri,29,8,8,5,3,6,59
2019,PROV. MALUKU,81,KAB. MALUKU TENGAH,8101,Negeri,48,15,14,14,21,55,167
2019,PROV. MALUKU,81,KAB. MALUKU TENGAH,8101,Swasta,1,11,1,1,1,10,25
2019,PROV. MALUKU,81,KAB. MALUKU TENGGARA,8102,Swasta,10,2,2,3,5,6,28
2019,PROV. MALUKU,81,KAB. MALUKU TENGGARA,8102,Negeri,1,0,1,0,0,0,2
2019,PROV. MALUKU,81,KAB. KEPULAUAN TANIMBAR,8103,Swasta,34,3,1,2,5,24,69
2019,PROV. MALUKU,81,KAB. KEPULAUAN TANIMBAR,8103,Negeri,6,2,0,1,2,6,17
2019,PROV. MALUKU,81,KAB. BURU,8104,Swasta,8,0,1,1,0,2,12
2019,PROV. MALUKU,81,KAB. BURU,8104,Negeri,41,4,17,10,9,56,137
2019,PROV. MALUKU,81,KAB. SERAM BAGIAN TIMUR,8105,Negeri,34,10,5,6,21,140,216
2019,PROV. MALUKU,81,KAB. SERAM BAGIAN TIMUR,8105,Swasta,0,0,0,0,2,55,57
2019,PROV. MALUKU,81,KAB. SERAM BAGIAN BARAT,8106,Negeri,9,4,6,2,2,33,56
2019,PROV. MALUKU,81,KAB. SERAM BAGIAN BARAT,8106,Swasta,7,0,1,0,1,4,13
2019,PROV. MALUKU,81,KAB. KEPULAUAN ARU,8107,Negeri,11,2,2,1,3,10,29
2019,PROV. MALUKU,81,KAB. KEPULAUAN ARU,8107,Swasta,2,2,4,11,1,3,23
2019,PROV. MALUKU,81,KAB. MALUKU BARAT DAYA,8108,Swasta,3,0,0,0,0,3,6
2019,PROV. MALUKU,81,KAB. MALUKU BARAT DAYA,8108,Negeri,26,4,6,3,3,10,52
2019,PROV. MALUKU,81,KAB. BURU SELATAN,8109,Swasta,1,1,0,1,0,3,6
2019,PROV. MALUKU,81,KAB. BURU SELATAN,8109,Negeri,13,1,0,1,5,20,40
2019,PROV. MALUKU,81,KOTA AMBON,8171,Negeri,61,13,10,14,6,35,139
2019,PROV. MALUKU,81,KOTA AMBON,8171,Swasta,3,1,4,2,3,4,17
2019,PROV. MALUKU,81,KOTA TUAL,8172,Swasta,0,0,1,0,0,2,3
2019,PROV. MALUKU,81,KOTA TUAL,8172,Negeri,4,4,1,4,13,14,40
2019,PROV. MALUKU UTARA,82,KAB. HALMAHERA BARAT,8201,Negeri,19,14,4,0,2,19,58
2019,PROV. MALUKU UTARA,82,KAB. HALMAHERA BARAT,8201,Swasta,5,2,0,2,3,2,14
2019,PROV. MALUKU UTARA,82,KAB. HALMAHERA TENGAH,8202,Swasta,0,0,0,0,0,0,0
2019,PROV. MALUKU UTARA,82,KAB. HALMAHERA TENGAH,8202,Negeri,53,13,12,9,9,29,125
2019,PROV. MALUKU UTARA,82,KAB. HALMAHERA UTARA,8203,Swasta,14,8,3,7,1,6,39
2019,PROV. MALUKU UTARA,82,KAB. HALMAHERA UTARA,8203,Negeri,5,16,21,5,12,31,90
2019,PROV. MALUKU UTARA,82,KAB. HALMAHERA SELATAN,8204,Negeri,56,19,17,34,26,316,468
2019,PROV. MALUKU UTARA,82,KAB. HALMAHERA SELATAN,8204,Swasta,5,1,2,2,2,11,23
2019,PROV. MALUKU UTARA,82,KAB. KEPULAUAN SULA,8205,Swasta,0,0,1,0,0,1,2
2019,PROV. MALUKU UTARA,82,KAB. KEPULAUAN SULA,8205,Negeri,13,4,4,8,2,29,60
2019,PROV. MALUKU UTARA,82,KAB. HALMAHERA TIMUR,8206,Negeri,29,4,11,6,11,39,100
2019,PROV. MALUKU UTARA,82,KAB. HALMAHERA TIMUR,8206,Swasta,0,0,0,0,0,0,0
2019,PROV. MALUKU UTARA,82,KAB. PULAU MOROTAI,8207,Negeri,6,1,1,0,1,1,10
2019,PROV. MALUKU UTARA,82,KAB. PULAU MOROTAI,8207,Swasta,1,0,0,0,0,0,1
2019,PROV. MALUKU UTARA,82,KAB. PULAU TALIABU,8208,Swasta,0,1,0,1,1,19,22
2019,PROV. MALUKU UTARA,82,KAB. PULAU TALIABU,8208,Negeri,42,6,1,2,4,50,105
2019,PROV. MALUKU UTARA,82,KOTA TERNATE,8271,Swasta,13,3,1,0,4,7,28
2019,PROV. MALUKU UTARA,82,KOTA TERNATE,8271,Negeri,18,16,13,10,4,11,72
2019,PROV. MALUKU UTARA,82,KOTA TIDORE KEPULAUAN,8272,Swasta,0,0,0,0,0,0,0
2019,PROV. MALUKU UTARA,82,KOTA TIDORE KEPULAUAN,8272,Negeri,11,1,0,1,3,12,28
2019,PROV. PAPUA,91,KAB. JAYAPURA,9103,Negeri,10,6,16,9,6,20,67
2019,PROV. PAPUA,91,KAB. JAYAPURA,9103,Swasta,25,4,5,2,3,4,43
2019,PROV. PAPUA,91,KAB. KEPULAUAN YAPEN,9105,Negeri,5,2,2,1,5,12,27
2019,PROV. PAPUA,91,KAB. KEPULAUAN YAPEN,9105,Swasta,11,4,4,2,10,37,68
2019,PROV. PAPUA,91,KAB. BIAK NUMFOR,9106,Swasta,34,3,2,10,8,37,94
2019,PROV. PAPUA,91,KAB. BIAK NUMFOR,9106,Negeri,9,7,9,4,6,10,45
2019,PROV. PAPUA,91,KAB. SARMI,9110,Swasta,3,1,1,1,0,7,13
2019,PROV. PAPUA,91,KAB. SARMI,9110,Negeri,17,3,1,4,8,37,70
2019,PROV. PAPUA,91,KAB. KEEROM,9111,Negeri,8,4,4,1,7,6,30
2019,PROV. PAPUA,91,KAB. KEEROM,9111,Swasta,0,0,0,0,0,14,14
2019,PROV. PAPUA,91,KAB. WAROPEN,9115,Negeri,2,2,3,1,2,5,15
2019,PROV. PAPUA,91,KAB. WAROPEN,9115,Swasta,2,3,0,0,2,14,21
2019,PROV. PAPUA,91,KAB. SUPIORI,9119,Swasta,8,3,3,2,0,5,21
2019,PROV. PAPUA,91,KAB. SUPIORI,9119,Negeri,28,3,3,1,6,3,44
2019,PROV. PAPUA,91,KAB. MAMBERAMO RAYA,9120,Negeri,16,20,55,27,16,136,270
2019,PROV. PAPUA,91,KAB. MAMBERAMO RAYA,9120,Swasta,10,6,4,5,10,4,39
2019,PROV. PAPUA,91,KOTA JAYAPURA,9171,Negeri,10,10,3,3,11,13,50
2019,PROV. PAPUA,91,KOTA JAYAPURA,9171,Swasta,7,2,7,1,3,5,25
2019,PROV. PAPUA BARAT,92,KAB. MANOKWARI,9202,Swasta,1,0,0,0,5,4,10
2019,PROV. PAPUA BARAT,92,KAB. MANOKWARI,9202,Negeri,8,10,11,19,11,43,102
2019,PROV. PAPUA BARAT,92,KAB. FAK FAK,9203,Negeri,31,8,4,10,12,12,77
2019,PROV. PAPUA BARAT,92,KAB. FAK FAK,9203,Swasta,18,4,1,2,0,5,30
2019,PROV. PAPUA BARAT,92,KAB. TELUK BINTUNI,9206,Negeri,12,2,5,3,4,47,73
2019,PROV. PAPUA BARAT,92,KAB. TELUK BINTUNI,9206,Swasta,3,1,0,0,2,31,37
2019,PROV. PAPUA BARAT,92,KAB. TELUK WONDAMA,9207,Swasta,18,1,2,5,9,4,39
2019,PROV. PAPUA BARAT,92,KAB. TELUK WONDAMA,9207,Negeri,19,0,4,5,3,11,42
2019,PROV. PAPUA BARAT,92,KAB. KAIMANA,9208,Negeri,14,2,2,1,2,3,24
2019,PROV. PAPUA BARAT,92,KAB. KAIMANA,9208,Swasta,8,1,1,0,1,2,13
2019,PROV. PAPUA BARAT,92,KAB. MANOKWARI SELATAN,9211,Negeri,5,11,3,0,1,3,23
2019,PROV. PAPUA BARAT,92,KAB. MANOKWARI SELATAN,9211,Swasta,0,1,1,0,0,26,28
2019,PROV. PAPUA BARAT,92,KAB. PEGUNUNGAN ARFAK,9212,Negeri,2,4,6,1,1,57,71
2019,PROV. PAPUA BARAT,92,KAB. PEGUNUNGAN ARFAK,9212,Swasta,2,0,0,0,0,0,2
2020,PROV. ACEH,11,KAB. ACEH SELATAN,1101,Swasta,1,0,0,0,0,0,1
2020,PROV. ACEH,11,KAB. ACEH SELATAN,1101,Negeri,49,0,0,1,4,2,56
2020,PROV. ACEH,11,KAB. ACEH TENGGARA,1102,Swasta,3,1,0,2,2,1,9
2020,PROV. ACEH,11,KAB. ACEH TENGGARA,1102,Negeri,30,2,4,3,1,0,40
2020,PROV. ACEH,11,KAB. ACEH TIMUR,1103,Negeri,22,10,1,4,4,6,47
2020,PROV. ACEH,11,KAB. ACEH TIMUR,1103,Swasta,0,0,0,0,0,0,0
2020,PROV. ACEH,11,KAB. ACEH TENGAH,1104,Swasta,21,1,1,0,0,0,23
2020,PROV. ACEH,11,KAB. ACEH TENGAH,1104,Negeri,17,5,2,0,1,0,25
2020,PROV. ACEH,11,KAB. ACEH BARAT,1105,Swasta,0,0,0,0,0,0,0
2020,PROV. ACEH,11,KAB. ACEH BARAT,1105,Negeri,9,3,2,0,0,1,15
2020,PROV. ACEH,11,KAB. ACEH BESAR,1106,Negeri,32,1,1,5,0,0,39
2020,PROV. ACEH,11,KAB. ACEH BESAR,1106,Swasta,3,0,0,0,0,0,3
2020,PROV. ACEH,11,KAB. PIDIE,1107,Negeri,21,5,5,0,4,3,38
2020,PROV. ACEH,11,KAB. PIDIE,1107,Swasta,1,0,0,0,0,0,1
2020,PROV. ACEH,11,KAB. ACEH UTARA,1108,Swasta,0,0,0,0,0,0,0
2020,PROV. ACEH,11,KAB. ACEH UTARA,1108,Negeri,85,3,1,4,1,4,98
2020,PROV. ACEH,11,KAB. SIMEULUE,1109,Negeri,49,0,1,2,0,4,56
2020,PROV. ACEH,11,KAB. SIMEULUE,1109,Swasta,0,0,0,0,0,0,0
2020,PROV. ACEH,11,KAB. ACEH SINGKIL,1110,Swasta,0,0,0,0,0,0,0
2020,PROV. ACEH,11,KAB. ACEH SINGKIL,1110,Negeri,11,2,6,0,1,2,22
2020,PROV. ACEH,11,KAB. BIREUEN,1111,Negeri,56,6,2,1,2,0,67
2020,PROV. ACEH,11,KAB. BIREUEN,1111,Swasta,1,0,1,0,0,0,2
2020,PROV. ACEH,11,KAB. ACEH BARAT DAYA,1112,Negeri,11,2,1,1,2,1,18
2020,PROV. ACEH,11,KAB. ACEH BARAT DAYA,1112,Swasta,0,0,0,0,0,0,0
2020,PROV. ACEH,11,KAB. GAYO LUES,1113,Negeri,26,2,1,2,4,2,37
2020,PROV. ACEH,11,KAB. GAYO LUES,1113,Swasta,2,0,0,0,0,0,2
2020,PROV. ACEH,11,KAB. ACEH JAYA,1114,Swasta,0,0,0,0,0,0,0
2020,PROV. ACEH,11,KAB. ACEH JAYA,1114,Negeri,5,1,0,0,0,0,6
2020,PROV. ACEH,11,KAB. NAGAN RAYA,1115,Negeri,27,1,1,0,2,2,33
2020,PROV. ACEH,11,KAB. NAGAN RAYA,1115,Swasta,0,0,0,0,0,0,0
2020,PROV. ACEH,11,KAB. ACEH TAMIANG,1116,Negeri,32,1,2,0,1,3,39
2020,PROV. ACEH,11,KAB. ACEH TAMIANG,1116,Swasta,1,0,0,2,1,0,4
2020,PROV. ACEH,11,KAB. BENER MERIAH,1117,Negeri,40,0,1,0,0,1,42
2020,PROV. ACEH,11,KAB. BENER MERIAH,1117,Swasta,0,0,0,0,0,0,0
2020,PROV. ACEH,11,KAB. PIDIE JAYA,1118,Negeri,13,0,2,0,0,0,15
2020,PROV. ACEH,11,KAB. PIDIE JAYA,1118,Swasta,0,0,0,0,0,0,0
2020,PROV. ACEH,11,KOTA BANDA ACEH,1171,Swasta,1,0,0,0,2,0,3
2020,PROV. ACEH,11,KOTA BANDA ACEH,1171,Negeri,11,4,1,2,2,1,21
2020,PROV. ACEH,11,KOTA SABANG,1172,Swasta,0,0,0,0,0,0,0
2020,PROV. ACEH,11,KOTA SABANG,1172,Negeri,5,0,0,0,0,0,5
2020,PROV. ACEH,11,KOTA LHOKSEUMAWE,1173,Swasta,1,0,0,0,0,0,1
2020,PROV. ACEH,11,KOTA LHOKSEUMAWE,1173,Negeri,14,5,1,1,3,7,31
2020,PROV. ACEH,11,KOTA LANGSA,1174,Negeri,14,3,4,0,0,2,23
2020,PROV. ACEH,11,KOTA LANGSA,1174,Swasta,0,1,0,0,0,0,1
2020,PROV. ACEH,11,KOTA SUBULUSSALAM,1175,Swasta,0,1,0,0,0,0,1
2020,PROV. ACEH,11,KOTA SUBULUSSALAM,1175,Negeri,19,3,1,0,2,4,29
2020,PROV. SUMATERA UTARA,12,KAB. TAPANULI TENGAH,1201,Negeri,22,8,4,7,8,8,57
2020,PROV. SUMATERA UTARA,12,KAB. TAPANULI TENGAH,1201,Swasta,1,2,0,0,0,0,3
2020,PROV. SUMATERA UTARA,12,KAB. TAPANULI UTARA,1202,Swasta,67,0,0,0,0,0,67
2020,PROV. SUMATERA UTARA,12,KAB. TAPANULI UTARA,1202,Negeri,21,3,2,3,5,2,36
2020,PROV. SUMATERA UTARA,12,KAB. TAPANULI SELATAN,1203,Swasta,0,5,0,0,0,0,5
2020,PROV. SUMATERA UTARA,12,KAB. TAPANULI SELATAN,1203,Negeri,20,2,3,2,4,1,32
2020,PROV. SUMATERA UTARA,12,KAB. NIAS,1204,Negeri,3,10,8,12,13,9,55
2020,PROV. SUMATERA UTARA,12,KAB. NIAS,1204,Swasta,0,0,0,0,0,0,0
2020,PROV. SUMATERA UTARA,12,KAB. LANGKAT,1205,Negeri,83,5,4,5,5,4,106
2020,PROV. SUMATERA UTARA,12,KAB. LANGKAT,1205,Swasta,9,5,1,1,4,0,20
2020,PROV. SUMATERA UTARA,12,KAB. KARO,1206,Swasta,8,3,1,1,0,0,13
2020,PROV. SUMATERA UTARA,12,KAB. KARO,1206,Negeri,23,2,2,1,4,4,36
2020,PROV. SUMATERA UTARA,12,KAB. DELI SERDANG,1207,Negeri,42,14,10,6,6,10,88
2020,PROV. SUMATERA UTARA,12,KAB. DELI SERDANG,1207,Swasta,129,10,12,21,11,13,196
2020,PROV. SUMATERA UTARA,12,KAB. SIMALUNGUN,1208,Swasta,24,10,0,11,0,2,47
2020,PROV. SUMATERA UTARA,12,KAB. SIMALUNGUN,1208,Negeri,31,9,15,16,6,8,85
2020,PROV. SUMATERA UTARA,12,KAB. ASAHAN,1209,Negeri,32,13,15,4,7,13,84
2020,PROV. SUMATERA UTARA,12,KAB. ASAHAN,1209,Swasta,4,2,1,1,1,1,10
2020,PROV. SUMATERA UTARA,12,KAB. LABUHANBATU,1210,Swasta,1,0,0,0,0,0,1
2020,PROV. SUMATERA UTARA,12,KAB. LABUHANBATU,1210,Negeri,31,0,2,0,2,8,43
2020,PROV. SUMATERA UTARA,12,KAB. DAIRI,1211,Negeri,8,2,6,6,4,5,31
2020,PROV. SUMATERA UTARA,12,KAB. DAIRI,1211,Swasta,6,0,0,1,0,1,8
2020,PROV. SUMATERA UTARA,12,KAB. TOBA,1212,Negeri,9,29,8,1,2,1,50
2020,PROV. SUMATERA UTARA,12,KAB. TOBA,1212,Swasta,1,4,0,0,0,0,5
2020,PROV. SUMATERA UTARA,12,KAB. MANDAILING NATAL,1213,Negeri,14,16,4,2,5,3,44
2020,PROV. SUMATERA UTARA,12,KAB. MANDAILING NATAL,1213,Swasta,44,1,0,0,0,0,45
2020,PROV. SUMATERA UTARA,12,KAB. NIAS SELATAN,1214,Swasta,0,0,0,0,0,0,0
2020,PROV. SUMATERA UTARA,12,KAB. NIAS SELATAN,1214,Negeri,36,16,9,9,18,31,119
2020,PROV. SUMATERA UTARA,12,KAB. PAKPAK BHARAT,1215,Negeri,1,1,0,0,1,1,4
2020,PROV. SUMATERA UTARA,12,KAB. PAKPAK BHARAT,1215,Swasta,1,0,0,0,0,0,1
2020,PROV. SUMATERA UTARA,12,KAB. HUMBANG HASUNDUTAN,1216,Swasta,0,0,0,0,0,0,0
2020,PROV. SUMATERA UTARA,12,KAB. HUMBANG HASUNDUTAN,1216,Negeri,19,7,4,7,2,1,40
2020,PROV. SUMATERA UTARA,12,KAB. SAMOSIR,1217,Swasta,0,0,0,0,0,0,0
2020,PROV. SUMATERA UTARA,12,KAB. SAMOSIR,1217,Negeri,5,1,0,1,3,0,10
2020,PROV. SUMATERA UTARA,12,KAB. SERDANG BEDAGAI,1218,Negeri,23,3,3,8,6,9,52
2020,PROV. SUMATERA UTARA,12,KAB. SERDANG BEDAGAI,1218,Swasta,8,1,0,0,0,0,9
2020,PROV. SUMATERA UTARA,12,KAB. BATU BARA,1219,Negeri,18,5,7,2,7,1,40
2020,PROV. SUMATERA UTARA,12,KAB. BATU BARA,1219,Swasta,0,0,0,0,1,0,1
2020,PROV. SUMATERA UTARA,12,KAB. PADANG LAWAS UTARA,1220,Swasta,1,0,0,0,0,0,1
2020,PROV. SUMATERA UTARA,12,KAB. PADANG LAWAS UTARA,1220,Negeri,7,3,5,2,6,3,26
2020,PROV. SUMATERA UTARA,12,KAB. PADANG LAWAS,1221,Negeri,22,3,0,0,0,2,27
2020,PROV. SUMATERA UTARA,12,KAB. PADANG LAWAS,1221,Swasta,0,0,0,0,0,0,0
2020,PROV. SUMATERA UTARA,12,KAB. LABUHANBATU SELATAN,1222,Negeri,21,4,3,5,2,1,36
2020,PROV. SUMATERA UTARA,12,KAB. LABUHANBATU SELATAN,1222,Swasta,2,3,1,2,0,0,8
2020,PROV. SUMATERA UTARA,12,KAB. LABUHANBATU UTARA,1223,Swasta,6,1,0,0,3,1,11
2020,PROV. SUMATERA UTARA,12,KAB. LABUHANBATU UTARA,1223,Negeri,24,2,1,2,6,7,42
2020,PROV. SUMATERA UTARA,12,KAB. NIAS UTARA,1224,Swasta,0,0,0,0,0,0,0
2020,PROV. SUMATERA UTARA,12,KAB. NIAS UTARA,1224,Negeri,12,5,3,2,9,13,44
2020,PROV. SUMATERA UTARA,12,KAB. NIAS BARAT,1225,Negeri,29,5,2,5,9,0,50
2020,PROV. SUMATERA UTARA,12,KAB. NIAS BARAT,1225,Swasta,0,0,0,0,0,0,0
2020,PROV. SUMATERA UTARA,12,KOTA MEDAN,1271,Negeri,41,4,14,2,7,22,90
2020,PROV. SUMATERA UTARA,12,KOTA MEDAN,1271,Swasta,103,25,14,12,21,30,205
2020,PROV. SUMATERA UTARA,12,KOTA PEMATANGSIANTAR,1272,Negeri,5,4,0,5,3,3,20
2020,PROV. SUMATERA UTARA,12,KOTA PEMATANGSIANTAR,1272,Swasta,2,2,1,1,1,0,7
2020,PROV. SUMATERA UTARA,12,KOTA SIBOLGA,1273,Swasta,0,0,0,0,0,0,0
2020,PROV. SUMATERA UTARA,12,KOTA SIBOLGA,1273,Negeri,7,0,1,3,7,0,18
2020,PROV. SUMATERA UTARA,12,KOTA TANJUNG BALAI,1274,Swasta,0,0,0,0,0,0,0
2020,PROV. SUMATERA UTARA,12,KOTA TANJUNG BALAI,1274,Negeri,2,1,2,2,3,1,11
2020,PROV. SUMATERA UTARA,12,KOTA BINJAI,1275,Swasta,16,3,2,1,1,0,23
2020,PROV. SUMATERA UTARA,12,KOTA BINJAI,1275,Negeri,1,2,0,1,4,5,13
2020,PROV. SUMATERA UTARA,12,KOTA TEBING TINGGI,1276,Swasta,3,0,1,0,0,0,4
2020,PROV. SUMATERA UTARA,12,KOTA TEBING TINGGI,1276,Negeri,3,0,0,0,0,1,4
2020,PROV. SUMATERA UTARA,12,KOTA PADANG SIDEMPUAN,1277,Swasta,0,0,0,0,0,0,0
2020,PROV. SUMATERA UTARA,12,KOTA PADANG SIDEMPUAN,1277,Negeri,0,0,0,0,0,0,0
2020,PROV. SUMATERA UTARA,12,KOTA GUNUNGSITOLI,1278,Swasta,0,0,0,0,0,0,0
2020,PROV. SUMATERA UTARA,12,KOTA GUNUNGSITOLI,1278,Negeri,15,4,4,3,5,3,34
2020,PROV. SUMATERA BARAT,13,KAB. PESISIR SELATAN,1301,Swasta,29,1,1,0,0,0,31
2020,PROV. SUMATERA BARAT,13,KAB. PESISIR SELATAN,1301,Negeri,22,5,3,4,5,6,45
2020,PROV. SUMATERA BARAT,13,KAB. SOLOK,1302,Negeri,53,0,2,5,9,7,76
2020,PROV. SUMATERA BARAT,13,KAB. SOLOK,1302,Swasta,3,0,0,0,0,0,3
2020,PROV. SUMATERA BARAT,13,KAB. SIJUNJUNG,1303,Swasta,5,0,1,0,0,0,6
2020,PROV. SUMATERA BARAT,13,KAB. SIJUNJUNG,1303,Negeri,33,3,5,3,3,8,55
2020,PROV. SUMATERA BARAT,13,KAB. TANAH DATAR,1304,Negeri,19,1,5,4,2,2,33
2020,PROV. SUMATERA BARAT,13,KAB. TANAH DATAR,1304,Swasta,1,0,0,0,1,0,2
2020,PROV. SUMATERA BARAT,13,KAB. PADANG PARIAMAN,1305,Swasta,1,0,0,0,0,0,1
2020,PROV. SUMATERA BARAT,13,KAB. PADANG PARIAMAN,1305,Negeri,47,10,5,4,2,0,68
2020,PROV. SUMATERA BARAT,13,KAB. AGAM,1306,Swasta,4,0,0,0,1,0,5
2020,PROV. SUMATERA BARAT,13,KAB. AGAM,1306,Negeri,72,4,4,5,3,2,90
2020,PROV. SUMATERA BARAT,13,KAB. LIMA PULUH KOTA,1307,Negeri,35,4,4,4,3,3,53
2020,PROV. SUMATERA BARAT,13,KAB. LIMA PULUH KOTA,1307,Swasta,0,0,0,0,0,0,0
2020,PROV. SUMATERA BARAT,13,KAB. PASAMAN,1308,Negeri,5,5,3,2,7,2,24
2020,PROV. SUMATERA BARAT,13,KAB. PASAMAN,1308,Swasta,0,0,0,0,0,0,0
2020,PROV. SUMATERA BARAT,13,KAB. KEPULAUAN MENTAWAI,1309,Negeri,14,5,1,1,3,2,26
2020,PROV. SUMATERA BARAT,13,KAB. KEPULAUAN MENTAWAI,1309,Swasta,1,1,0,0,0,0,2
2020,PROV. SUMATERA BARAT,13,KAB. DHARMASRAYA,1310,Negeri,28,8,1,1,1,3,42
2020,PROV. SUMATERA BARAT,13,KAB. DHARMASRAYA,1310,Swasta,1,1,1,0,1,0,4
2020,PROV. SUMATERA BARAT,13,KAB. SOLOK SELATAN,1311,Negeri,70,3,1,8,5,2,89
2020,PROV. SUMATERA BARAT,13,KAB. SOLOK SELATAN,1311,Swasta,0,0,0,0,0,0,0
2020,PROV. SUMATERA BARAT,13,KAB. PASAMAN BARAT,1312,Negeri,37,2,5,3,3,6,56
2020,PROV. SUMATERA BARAT,13,KAB. PASAMAN BARAT,1312,Swasta,7,2,2,2,1,2,16
2020,PROV. SUMATERA BARAT,13,KOTA PADANG,1371,Negeri,40,6,2,3,6,4,61
2020,PROV. SUMATERA BARAT,13,KOTA PADANG,1371,Swasta,3,2,0,1,1,0,7
2020,PROV. SUMATERA BARAT,13,KOTA SOLOK,1372,Swasta,0,0,0,0,0,0,0
2020,PROV. SUMATERA BARAT,13,KOTA SOLOK,1372,Negeri,13,1,2,1,3,1,21
2020,PROV. SUMATERA BARAT,13,KOTA SAWAHLUNTO,1373,Negeri,1,0,0,0,0,0,1
2020,PROV. SUMATERA BARAT,13,KOTA SAWAHLUNTO,1373,Swasta,0,0,0,0,0,0,0
2020,PROV. SUMATERA BARAT,13,KOTA PADANG PANJANG,1374,Swasta,4,0,0,0,0,0,4
2020,PROV. SUMATERA BARAT,13,KOTA PADANG PANJANG,1374,Negeri,3,0,0,0,0,0,3
2020,PROV. SUMATERA BARAT,13,KOTA BUKITTINGGI,1375,Swasta,3,0,0,0,0,0,3
2020,PROV. SUMATERA BARAT,13,KOTA BUKITTINGGI,1375,Negeri,5,0,1,1,0,0,7
2020,PROV. SUMATERA BARAT,13,KOTA PAYAKUMBUH,1376,Negeri,14,2,2,0,0,3,21
2020,PROV. SUMATERA BARAT,13,KOTA PAYAKUMBUH,1376,Swasta,2,0,0,0,0,0,2
2020,PROV. SUMATERA BARAT,13,KOTA PARIAMAN,1377,Negeri,22,0,2,0,0,0,24
2020,PROV. SUMATERA BARAT,13,KOTA PARIAMAN,1377,Swasta,0,0,0,0,0,0,0
2020,PROV. RIAU,14,KAB. KAMPAR,1401,Swasta,14,1,0,0,0,0,15
2020,PROV. RIAU,14,KAB. KAMPAR,1401,Negeri,49,5,3,3,3,7,70
2020,PROV. RIAU,14,KAB. INDRAGIRI HULU,1402,Swasta,0,3,0,0,1,0,4
2020,PROV. RIAU,14,KAB. INDRAGIRI HULU,1402,Negeri,71,5,6,6,6,5,99
2020,PROV. RIAU,14,KAB. BENGKALIS,1403,Negeri,132,14,18,12,9,16,201
2020,PROV. RIAU,14,KAB. BENGKALIS,1403,Swasta,12,9,3,0,1,0,25
2020,PROV. RIAU,14,KAB. INDRAGIRI HILIR,1404,Swasta,6,2,0,0,1,1,10
2020,PROV. RIAU,14,KAB. INDRAGIRI HILIR,1404,Negeri,36,7,5,1,11,13,73
2020,PROV. RIAU,14,KAB. PELALAWAN,1405,Swasta,3,0,1,1,0,1,6
2020,PROV. RIAU,14,KAB. PELALAWAN,1405,Negeri,26,6,9,5,4,4,54
2020,PROV. RIAU,14,KAB. ROKAN HULU,1406,Negeri,19,4,3,6,2,4,38
2020,PROV. RIAU,14,KAB. ROKAN HULU,1406,Swasta,7,2,1,2,0,16,28
2020,PROV. RIAU,14,KAB. ROKAN HILIR,1407,Negeri,147,6,10,11,11,11,196
2020,PROV. RIAU,14,KAB. ROKAN HILIR,1407,Swasta,19,8,4,2,1,2,36
2020,PROV. RIAU,14,KAB. SIAK,1408,Negeri,60,4,2,7,6,4,83
2020,PROV. RIAU,14,KAB. SIAK,1408,Swasta,6,1,1,2,1,1,12
2020,PROV. RIAU,14,KAB. KUANTAN SINGINGI,1409,Swasta,7,0,0,0,1,0,8
2020,PROV. RIAU,14,KAB. KUANTAN SINGINGI,1409,Negeri,30,1,1,4,5,2,43
2020,PROV. RIAU,14,KAB. KEPULAUAN MERANTI,1410,Swasta,0,0,0,0,0,0,0
2020,PROV. RIAU,14,KAB. KEPULAUAN MERANTI,1410,Negeri,59,3,0,1,4,7,74
2020,PROV. RIAU,14,KOTA PEKANBARU,1471,Negeri,61,3,1,5,5,2,77
2020,PROV. RIAU,14,KOTA PEKANBARU,1471,Swasta,86,2,16,2,5,3,114
2020,PROV. RIAU,14,KOTA DUMAI,1472,Swasta,4,0,3,1,0,0,8
2020,PROV. RIAU,14,KOTA DUMAI,1472,Negeri,9,0,1,3,2,0,15
2020,PROV. JAMBI,15,KAB. KERINCI,1501,Swasta,7,0,1,0,1,0,9
2020,PROV. JAMBI,15,KAB. KERINCI,1501,Negeri,16,2,1,3,3,4,29
2020,PROV. JAMBI,15,KAB. MERANGIN,1502,Negeri,39,2,2,1,1,2,47
2020,PROV. JAMBI,15,KAB. MERANGIN,1502,Swasta,0,0,0,0,0,0,0
2020,PROV. JAMBI,15,KAB. SAROLANGUN,1503,Swasta,1,0,0,1,0,0,2
2020,PROV. JAMBI,15,KAB. SAROLANGUN,1503,Negeri,12,1,13,10,3,10,49
2020,PROV. JAMBI,15,KAB. BATANGHARI,1504,Swasta,5,0,0,0,0,0,5
2020,PROV. JAMBI,15,KAB. BATANGHARI,1504,Negeri,65,3,4,5,5,6,88
2020,PROV. JAMBI,15,KAB. MUARO JAMBI,1505,Swasta,0,0,0,0,0,0,0
2020,PROV. JAMBI,15,KAB. MUARO JAMBI,1505,Negeri,19,5,3,11,4,10,52
2020,PROV. JAMBI,15,KAB. TANJUNG JABUNG BARAT,1506,Negeri,12,4,5,2,4,2,29
2020,PROV. JAMBI,15,KAB. TANJUNG JABUNG BARAT,1506,Swasta,1,0,0,1,0,0,2
2020,PROV. JAMBI,15,KAB. TANJUNG JABUNG TIMUR,1507,Negeri,9,3,0,3,0,3,18
2020,PROV. JAMBI,15,KAB. TANJUNG JABUNG TIMUR,1507,Swasta,1,0,0,0,0,0,1
2020,PROV. JAMBI,15,KAB. BUNGO,1508,Negeri,13,10,3,4,1,0,31
2020,PROV. JAMBI,15,KAB. BUNGO,1508,Swasta,0,0,0,0,0,0,0
2020,PROV. JAMBI,15,KAB. TEBO,1509,Negeri,138,8,8,2,11,8,175
2020,PROV. JAMBI,15,KAB. TEBO,1509,Swasta,11,3,0,0,0,0,14
2020,PROV. JAMBI,15,KOTA JAMBI,1571,Swasta,23,1,0,0,0,0,24
2020,PROV. JAMBI,15,KOTA JAMBI,1571,Negeri,24,2,3,0,1,3,33
2020,PROV. JAMBI,15,KOTA SUNGAI PENUH,1572,Negeri,42,3,6,0,1,1,53
2020,PROV. JAMBI,15,KOTA SUNGAI PENUH,1572,Swasta,0,0,0,0,0,0,0
2020,PROV. SUMATERA SELATAN,16,KAB. OGAN KOMERING ULU,1601,Negeri,17,3,3,2,2,6,33
2020,PROV. SUMATERA SELATAN,16,KAB. OGAN KOMERING ULU,1601,Swasta,0,0,0,4,1,0,5
2020,PROV. SUMATERA SELATAN,16,KAB. OGAN KOMERING ILIR,1602,Swasta,1,0,0,0,0,0,1
2020,PROV. SUMATERA SELATAN,16,KAB. OGAN KOMERING ILIR,1602,Negeri,110,17,12,5,14,20,178
2020,PROV. SUMATERA SELATAN,16,KAB. MUARA ENIM,1603,Swasta,1,0,0,0,0,0,1
2020,PROV. SUMATERA SELATAN,16,KAB. MUARA ENIM,1603,Negeri,138,15,5,5,9,4,176
2020,PROV. SUMATERA SELATAN,16,KAB. LAHAT,1604,Negeri,45,1,3,5,2,4,60
2020,PROV. SUMATERA SELATAN,16,KAB. LAHAT,1604,Swasta,0,0,0,0,0,1,1
2020,PROV. SUMATERA SELATAN,16,KAB. MUSI RAWAS,1605,Swasta,0,0,0,0,0,0,0
2020,PROV. SUMATERA SELATAN,16,KAB. MUSI RAWAS,1605,Negeri,37,4,4,7,6,11,69
2020,PROV. SUMATERA SELATAN,16,KAB. MUSI BANYUASIN,1606,Negeri,68,3,7,4,6,6,94
2020,PROV. SUMATERA SELATAN,16,KAB. MUSI BANYUASIN,1606,Swasta,13,5,1,1,1,0,21
2020,PROV. SUMATERA SELATAN,16,KAB. BANYUASIN,1607,Swasta,2,1,0,1,0,0,4
2020,PROV. SUMATERA SELATAN,16,KAB. BANYUASIN,1607,Negeri,124,16,16,13,24,29,222
2020,PROV. SUMATERA SELATAN,16,KAB. OGAN KOMERING ULU TIMUR,1608,Negeri,103,2,5,2,2,7,121
2020,PROV. SUMATERA SELATAN,16,KAB. OGAN KOMERING ULU TIMUR,1608,Swasta,37,0,0,1,0,0,38
2020,PROV. SUMATERA SELATAN,16,KAB. OGAN KOMERING ULU SELATAN,1609,Negeri,3,1,1,2,1,5,13
2020,PROV. SUMATERA SELATAN,16,KAB. OGAN KOMERING ULU SELATAN,1609,Swasta,0,0,1,0,0,0,1
2020,PROV. SUMATERA SELATAN,16,KAB. OGAN ILIR,1610,Negeri,6,3,2,0,2,2,15
2020,PROV. SUMATERA SELATAN,16,KAB. OGAN ILIR,1610,Swasta,0,0,0,0,0,0,0
2020,PROV. SUMATERA SELATAN,16,KAB. EMPAT LAWANG,1611,Swasta,0,0,0,0,0,0,0
2020,PROV. SUMATERA SELATAN,16,KAB. EMPAT LAWANG,1611,Negeri,2,1,0,1,1,1,6
2020,PROV. SUMATERA SELATAN,16,KAB. PENUKAL ABAB LEMATANG ILIR,1612,Negeri,14,8,7,10,13,11,63
2020,PROV. SUMATERA SELATAN,16,KAB. PENUKAL ABAB LEMATANG ILIR,1612,Swasta,0,0,0,0,0,0,0
2020,PROV. SUMATERA SELATAN,16,KAB. MUSI RAWAS UTARA,1613,Negeri,71,2,3,1,5,4,86
2020,PROV. SUMATERA SELATAN,16,KAB. MUSI RAWAS UTARA,1613,Swasta,0,0,0,0,0,0,0
2020,PROV. SUMATERA SELATAN,16,KOTA PALEMBANG,1671,Swasta,38,1,1,4,0,1,45
2020,PROV. SUMATERA SELATAN,16,KOTA PALEMBANG,1671,Negeri,127,14,8,11,13,23,196
2020,PROV. SUMATERA SELATAN,16,KOTA PAGAR ALAM,1672,Negeri,13,2,2,0,1,0,18
2020,PROV. SUMATERA SELATAN,16,KOTA PAGAR ALAM,1672,Swasta,0,0,0,0,0,0,0
2020,PROV. SUMATERA SELATAN,16,KOTA LUBUK LINGGAU,1673,Negeri,21,2,3,0,4,3,33
2020,PROV. SUMATERA SELATAN,16,KOTA LUBUK LINGGAU,1673,Swasta,3,0,0,0,0,0,3
2020,PROV. SUMATERA SELATAN,16,KOTA PRABUMULIH,1674,Negeri,26,3,3,1,0,1,34
2020,PROV. SUMATERA SELATAN,16,KOTA PRABUMULIH,1674,Swasta,2,0,0,0,1,1,4
2020,PROV. BENGKULU,17,KAB. BENGKULU SELATAN,1701,Swasta,0,0,0,0,0,0,0
2020,PROV. BENGKULU,17,KAB. BENGKULU SELATAN,1701,Negeri,13,0,0,0,0,0,13
2020,PROV. BENGKULU,17,KAB. REJANG LEBONG,1702,Negeri,5,0,1,4,2,5,17
2020,PROV. BENGKULU,17,KAB. REJANG LEBONG,1702,Swasta,5,1,0,1,1,0,8
2020,PROV. BENGKULU,17,KAB. BENGKULU UTARA,1703,Negeri,35,0,6,1,3,1,46
2020,PROV. BENGKULU,17,KAB. BENGKULU UTARA,1703,Swasta,8,1,1,1,0,0,11
2020,PROV. BENGKULU,17,KAB. KAUR,1704,Swasta,0,0,0,0,0,0,0
2020,PROV. BENGKULU,17,KAB. KAUR,1704,Negeri,8,3,1,0,3,3,18
2020,PROV. BENGKULU,17,KAB. SELUMA,1705,Negeri,21,3,5,3,7,3,42
2020,PROV. BENGKULU,17,KAB. SELUMA,1705,Swasta,0,0,0,0,0,0,0
2020,PROV. BENGKULU,17,KAB. MUKOMUKO,1706,Swasta,0,0,0,0,0,1,1
2020,PROV. BENGKULU,17,KAB. MUKOMUKO,1706,Negeri,20,3,10,2,5,1,41
2020,PROV. BENGKULU,17,KAB. LEBONG,1707,Swasta,0,0,0,0,0,0,0
2020,PROV. BENGKULU,17,KAB. LEBONG,1707,Negeri,4,0,0,1,0,0,5
2020,PROV. BENGKULU,17,KAB. KEPAHIANG,1708,Swasta,0,1,0,0,0,0,1
2020,PROV. BENGKULU,17,KAB. KEPAHIANG,1708,Negeri,13,1,0,0,1,2,17
2020,PROV. BENGKULU,17,KAB. BENGKULU TENGAH,1709,Swasta,0,0,0,0,0,0,0
2020,PROV. BENGKULU,17,KAB. BENGKULU TENGAH,1709,Negeri,24,7,2,11,2,1,47
2020,PROV. BENGKULU,17,KOTA BENGKULU,1771,Negeri,20,4,4,7,6,2,43
2020,PROV. BENGKULU,17,KOTA BENGKULU,1771,Swasta,1,0,1,1,0,1,4
2020,PROV. LAMPUNG,18,KAB. LAMPUNG SELATAN,1801,Negeri,31,8,6,7,7,13,72
2020,PROV. LAMPUNG,18,KAB. LAMPUNG SELATAN,1801,Swasta,3,0,0,0,0,0,3
2020,PROV. LAMPUNG,18,KAB. LAMPUNG TENGAH,1802,Negeri,117,10,6,11,10,9,163
2020,PROV. LAMPUNG,18,KAB. LAMPUNG TENGAH,1802,Swasta,1,1,1,0,1,0,4
2020,PROV. LAMPUNG,18,KAB. LAMPUNG UTARA,1803,Negeri,94,6,3,5,8,6,122
2020,PROV. LAMPUNG,18,KAB. LAMPUNG UTARA,1803,Swasta,18,0,0,0,0,1,19
2020,PROV. LAMPUNG,18,KAB. LAMPUNG BARAT,1804,Swasta,2,0,0,0,0,0,2
2020,PROV. LAMPUNG,18,KAB. LAMPUNG BARAT,1804,Negeri,7,2,0,1,4,1,15
2020,PROV. LAMPUNG,18,KAB. TULANG BAWANG,1805,Negeri,65,6,4,3,3,5,86
2020,PROV. LAMPUNG,18,KAB. TULANG BAWANG,1805,Swasta,10,7,4,4,4,3,32
2020,PROV. LAMPUNG,18,KAB. TANGGAMUS,1806,Swasta,2,0,1,0,0,0,3
2020,PROV. LAMPUNG,18,KAB. TANGGAMUS,1806,Negeri,140,5,4,5,6,4,164
2020,PROV. LAMPUNG,18,KAB. LAMPUNG TIMUR,1807,Negeri,90,3,8,3,3,8,115
2020,PROV. LAMPUNG,18,KAB. LAMPUNG TIMUR,1807,Swasta,2,2,3,0,2,2,11
2020,PROV. LAMPUNG,18,KAB. WAY KANAN,1808,Swasta,0,0,0,0,0,0,0
2020,PROV. LAMPUNG,18,KAB. WAY KANAN,1808,Negeri,161,8,11,5,4,9,198
2020,PROV. LAMPUNG,18,KAB. PESAWARAN,1809,Swasta,0,0,0,0,0,0,0
2020,PROV. LAMPUNG,18,KAB. PESAWARAN,1809,Negeri,45,0,3,3,3,3,57
2020,PROV. LAMPUNG,18,KAB. PRINGSEWU,1810,Swasta,0,0,0,0,0,0,0
2020,PROV. LAMPUNG,18,KAB. PRINGSEWU,1810,Negeri,101,3,2,2,3,2,113
2020,PROV. LAMPUNG,18,KAB. MESUJI,1811,Swasta,0,0,1,0,0,0,1
2020,PROV. LAMPUNG,18,KAB. MESUJI,1811,Negeri,25,2,2,0,1,3,33
2020,PROV. LAMPUNG,18,KAB. TULANG BAWANG BARAT,1812,Negeri,33,1,0,4,1,5,44
2020,PROV. LAMPUNG,18,KAB. TULANG BAWANG BARAT,1812,Swasta,0,0,0,0,0,0,0
2020,PROV. LAMPUNG,18,KAB. PESISIR BARAT,1813,Negeri,11,1,0,0,1,6,19
2020,PROV. LAMPUNG,18,KAB. PESISIR BARAT,1813,Swasta,0,0,0,0,0,0,0
2020,PROV. LAMPUNG,18,KOTA BANDAR LAMPUNG,1871,Negeri,33,3,9,3,3,3,54
2020,PROV. LAMPUNG,18,KOTA BANDAR LAMPUNG,1871,Swasta,2,1,1,0,1,0,5
2020,PROV. LAMPUNG,18,KOTA METRO,1872,Negeri,6,0,0,0,1,0,7
2020,PROV. LAMPUNG,18,KOTA METRO,1872,Swasta,1,1,0,0,0,0,2
2020,PROV. KEPULAUAN BANGKA BELITUNG,19,KAB. BANGKA,1901,Negeri,41,5,4,7,4,2,63
2020,PROV. KEPULAUAN BANGKA BELITUNG,19,KAB. BANGKA,1901,Swasta,11,0,0,0,0,0,11
2020,PROV. KEPULAUAN BANGKA BELITUNG,19,KAB. BELITUNG,1902,Negeri,15,3,1,2,2,0,23
2020,PROV. KEPULAUAN BANGKA BELITUNG,19,KAB. BELITUNG,1902,Swasta,1,0,0,0,0,0,1
2020,PROV. KEPULAUAN BANGKA BELITUNG,19,KAB. BANGKA SELATAN,1903,Negeri,35,9,2,6,6,2,60
2020,PROV. KEPULAUAN BANGKA BELITUNG,19,KAB. BANGKA SELATAN,1903,Swasta,0,0,0,0,0,0,0
2020,PROV. KEPULAUAN BANGKA BELITUNG,19,KAB. BANGKA TENGAH,1904,Negeri,9,8,3,1,1,1,23
2020,PROV. KEPULAUAN BANGKA BELITUNG,19,KAB. BANGKA TENGAH,1904,Swasta,1,0,0,0,0,0,1
2020,PROV. KEPULAUAN BANGKA BELITUNG,19,KAB. BANGKA BARAT,1905,Swasta,0,0,0,0,0,1,1
2020,PROV. KEPULAUAN BANGKA BELITUNG,19,KAB. BANGKA BARAT,1905,Negeri,26,3,4,3,6,1,43
2020,PROV. KEPULAUAN BANGKA BELITUNG,19,KAB. BELITUNG TIMUR,1906,Negeri,14,2,2,1,3,2,24
2020,PROV. KEPULAUAN BANGKA BELITUNG,19,KAB. BELITUNG TIMUR,1906,Swasta,0,0,0,0,0,0,0
2020,PROV. KEPULAUAN BANGKA BELITUNG,19,KOTA PANGKAL PINANG,1971,Swasta,2,0,0,0,0,0,2
2020,PROV. KEPULAUAN BANGKA BELITUNG,19,KOTA PANGKAL PINANG,1971,Negeri,15,2,0,1,2,3,23
2020,PROV. KEPULAUAN RIAU,21,KAB. BINTAN,2101,Swasta,2,0,1,0,0,0,3
2020,PROV. KEPULAUAN RIAU,21,KAB. BINTAN,2101,Negeri,90,2,3,0,1,1,97
2020,PROV. KEPULAUAN RIAU,21,KAB. KARIMUN,2102,Swasta,1,0,1,0,1,0,3
2020,PROV. KEPULAUAN RIAU,21,KAB. KARIMUN,2102,Negeri,18,1,2,2,1,2,26
2020,PROV. KEPULAUAN RIAU,21,KAB. NATUNA,2103,Negeri,16,3,1,2,1,1,24
2020,PROV. KEPULAUAN RIAU,21,KAB. NATUNA,2103,Swasta,16,0,0,0,0,0,16
2020,PROV. KEPULAUAN RIAU,21,KAB. LINGGA,2104,Swasta,0,0,0,0,0,0,0
2020,PROV. KEPULAUAN RIAU,21,KAB. LINGGA,2104,Negeri,0,1,0,1,0,0,2
2020,PROV. KEPULAUAN RIAU,21,KAB. KEPULAUAN ANAMBAS,2105,Swasta,0,0,0,0,0,0,0
2020,PROV. KEPULAUAN RIAU,21,KAB. KEPULAUAN ANAMBAS,2105,Negeri,4,5,1,4,1,1,16
2020,PROV. KEPULAUAN RIAU,21,KOTA BATAM,2171,Swasta,138,4,2,5,4,5,158
2020,PROV. KEPULAUAN RIAU,21,KOTA BATAM,2171,Negeri,117,5,1,9,2,8,142
2020,PROV. KEPULAUAN RIAU,21,KOTA TANJUNG PINANG,2172,Swasta,14,0,0,0,0,0,14
2020,PROV. KEPULAUAN RIAU,21,KOTA TANJUNG PINANG,2172,Negeri,13,3,0,2,2,2,22
2020,PROV. D.K.I. JAKARTA,31,KAB. ADM. KEP. SERIBU,3101,Negeri,0,0,0,0,0,0,0
2020,PROV. D.K.I. JAKARTA,31,KOTA ADM. JAKARTA PUSAT,3171,Swasta,299,9,4,6,8,2,328
2020,PROV. D.K.I. JAKARTA,31,KOTA ADM. JAKARTA PUSAT,3171,Negeri,90,23,24,20,20,16,193
2020,PROV. D.K.I. JAKARTA,31,KOTA ADM. JAKARTA UTARA,3172,Swasta,199,13,9,0,11,16,248
2020,PROV. D.K.I. JAKARTA,31,KOTA ADM. JAKARTA UTARA,3172,Negeri,544,8,7,5,12,16,592
2020,PROV. D.K.I. JAKARTA,31,KOTA ADM. JAKARTA BARAT,3173,Swasta,433,2,5,3,2,0,445
2020,PROV. D.K.I. JAKARTA,31,KOTA ADM. JAKARTA BARAT,3173,Negeri,1522,20,15,21,16,9,1603
2020,PROV. D.K.I. JAKARTA,31,KOTA ADM. JAKARTA SELATAN,3174,Negeri,626,8,5,8,4,5,656
2020,PROV. D.K.I. JAKARTA,31,KOTA ADM. JAKARTA SELATAN,3174,Swasta,247,3,3,0,1,1,255
2020,PROV. D.K.I. JAKARTA,31,KOTA ADM. JAKARTA TIMUR,3175,Swasta,332,3,3,1,0,1,340
2020,PROV. D.K.I. JAKARTA,31,KOTA ADM. JAKARTA TIMUR,3175,Negeri,1057,15,5,5,9,9,1100
2020,PROV. JAWA BARAT,32,KAB. BOGOR,3201,Negeri,280,42,29,27,29,65,472
2020,PROV. JAWA BARAT,32,KAB. BOGOR,3201,Swasta,48,9,8,12,8,8,93
2020,PROV. JAWA BARAT,32,KAB. SUKABUMI,3202,Swasta,17,0,0,0,0,0,17
2020,PROV. JAWA BARAT,32,KAB. SUKABUMI,3202,Negeri,81,18,7,6,22,10,144
2020,PROV. JAWA BARAT,32,KAB. CIANJUR,3203,Negeri,391,13,10,13,10,5,442
2020,PROV. JAWA BARAT,32,KAB. CIANJUR,3203,Swasta,2,0,0,0,0,0,2
2020,PROV. JAWA BARAT,32,KAB. BANDUNG,3204,Swasta,25,2,2,1,1,0,31
2020,PROV. JAWA BARAT,32,KAB. BANDUNG,3204,Negeri,327,17,12,20,14,16,406
2020,PROV. JAWA BARAT,32,KAB. GARUT,3205,Swasta,7,0,0,0,1,0,8
2020,PROV. JAWA BARAT,32,KAB. GARUT,3205,Negeri,170,11,13,8,11,11,224
2020,PROV. JAWA BARAT,32,KAB. TASIKMALAYA,3206,Swasta,19,0,0,0,1,0,20
2020,PROV. JAWA BARAT,32,KAB. TASIKMALAYA,3206,Negeri,379,8,5,5,1,3,401
2020,PROV. JAWA BARAT,32,KAB. CIAMIS,3207,Negeri,190,3,3,7,2,2,207
2020,PROV. JAWA BARAT,32,KAB. CIAMIS,3207,Swasta,0,0,0,0,0,0,0
2020,PROV. JAWA BARAT,32,KAB. KUNINGAN,3208,Swasta,9,0,0,0,0,0,9
2020,PROV. JAWA BARAT,32,KAB. KUNINGAN,3208,Negeri,172,4,3,1,4,1,185
2020,PROV. JAWA BARAT,32,KAB. CIREBON,3209,Swasta,6,1,0,0,0,0,7
2020,PROV. JAWA BARAT,32,KAB. CIREBON,3209,Negeri,147,8,3,11,17,13,199
2020,PROV. JAWA BARAT,32,KAB. MAJALENGKA,3210,Negeri,83,10,13,5,7,5,123
2020,PROV. JAWA BARAT,32,KAB. MAJALENGKA,3210,Swasta,7,0,0,0,0,0,7
2020,PROV. JAWA BARAT,32,KAB. SUMEDANG,3211,Negeri,90,3,6,3,1,1,104
2020,PROV. JAWA BARAT,32,KAB. SUMEDANG,3211,Swasta,1,0,0,0,0,0,1
2020,PROV. JAWA BARAT,32,KAB. INDRAMAYU,3212,Negeri,994,19,14,9,7,12,1055
2020,PROV. JAWA BARAT,32,KAB. INDRAMAYU,3212,Swasta,22,1,1,2,1,0,27
2020,PROV. JAWA BARAT,32,KAB. SUBANG,3213,Negeri,194,7,10,4,3,6,224
2020,PROV. JAWA BARAT,32,KAB. SUBANG,3213,Swasta,0,0,0,0,0,0,0
2020,PROV. JAWA BARAT,32,KAB. PURWAKARTA,3214,Swasta,12,0,1,0,1,1,15
2020,PROV. JAWA BARAT,32,KAB. PURWAKARTA,3214,Negeri,136,10,3,4,2,3,158
2020,PROV. JAWA BARAT,32,KAB. KARAWANG,3215,Swasta,13,1,2,1,1,3,21
2020,PROV. JAWA BARAT,32,KAB. KARAWANG,3215,Negeri,495,20,33,14,19,28,609
2020,PROV. JAWA BARAT,32,KAB. BEKASI,3216,Swasta,116,14,0,4,2,1,137
2020,PROV. JAWA BARAT,32,KAB. BEKASI,3216,Negeri,100,12,13,11,11,13,160
2020,PROV. JAWA BARAT,32,KAB. BANDUNG BARAT,3217,Swasta,5,1,1,2,0,0,9
2020,PROV. JAWA BARAT,32,KAB. BANDUNG BARAT,3217,Negeri,182,12,5,9,13,7,228
2020,PROV. JAWA BARAT,32,KAB. PANGANDARAN,3218,Negeri,38,1,0,0,1,0,40
2020,PROV. JAWA BARAT,32,KAB. PANGANDARAN,3218,Swasta,0,0,0,0,0,0,0
2020,PROV. JAWA BARAT,32,KOTA BOGOR,3271,Negeri,152,2,3,4,5,7,173
2020,PROV. JAWA BARAT,32,KOTA BOGOR,3271,Swasta,14,1,3,2,1,0,21
2020,PROV. JAWA BARAT,32,KOTA SUKABUMI,3272,Negeri,19,3,0,0,0,1,23
2020,PROV. JAWA BARAT,32,KOTA SUKABUMI,3272,Swasta,4,0,0,0,0,0,4
2020,PROV. JAWA BARAT,32,KOTA BANDUNG,3273,Swasta,53,1,3,1,1,2,61
2020,PROV. JAWA BARAT,32,KOTA BANDUNG,3273,Negeri,97,9,2,3,2,2,115
2020,PROV. JAWA BARAT,32,KOTA CIREBON,3274,Negeri,15,0,0,0,0,0,15
2020,PROV. JAWA BARAT,32,KOTA CIREBON,3274,Swasta,4,0,1,0,0,0,5
2020,PROV. JAWA BARAT,32,KOTA BEKASI,3275,Swasta,51,2,8,3,3,0,67
2020,PROV. JAWA BARAT,32,KOTA BEKASI,3275,Negeri,132,13,3,4,4,1,157
2020,PROV. JAWA BARAT,32,KOTA DEPOK,3276,Negeri,233,13,12,7,8,1,274
2020,PROV. JAWA BARAT,32,KOTA DEPOK,3276,Swasta,27,6,4,1,2,2,42
2020,PROV. JAWA BARAT,32,KOTA CIMAHI,3277,Negeri,64,1,5,1,0,1,72
2020,PROV. JAWA BARAT,32,KOTA CIMAHI,3277,Swasta,26,0,0,0,0,0,26
2020,PROV. JAWA BARAT,32,KOTA TASIKMALAYA,3278,Swasta,5,0,0,0,0,0,5
2020,PROV. JAWA BARAT,32,KOTA TASIKMALAYA,3278,Negeri,13,1,0,1,1,1,17
2020,PROV. JAWA BARAT,32,KOTA BANJAR,3279,Negeri,11,0,0,0,0,0,11
2020,PROV. JAWA BARAT,32,KOTA BANJAR,3279,Swasta,0,0,0,0,0,0,0
2020,PROV. JAWA TENGAH,33,KAB. CILACAP,3301,Swasta,11,0,1,1,0,0,13
2020,PROV. JAWA TENGAH,33,KAB. CILACAP,3301,Negeri,78,4,2,4,12,7,107
2020,PROV. JAWA TENGAH,33,KAB. BANYUMAS,3302,Swasta,7,1,4,3,2,1,18
2020,PROV. JAWA TENGAH,33,KAB. BANYUMAS,3302,Negeri,105,12,5,3,8,3,136
2020,PROV. JAWA TENGAH,33,KAB. PURBALINGGA,3303,Swasta,0,0,0,0,0,0,0
2020,PROV. JAWA TENGAH,33,KAB. PURBALINGGA,3303,Negeri,58,3,4,3,2,1,71
2020,PROV. JAWA TENGAH,33,KAB. BANJARNEGARA,3304,Negeri,87,1,1,1,6,3,99
2020,PROV. JAWA TENGAH,33,KAB. BANJARNEGARA,3304,Swasta,4,0,0,0,0,2,6
2020,PROV. JAWA TENGAH,33,KAB. KEBUMEN,3305,Swasta,0,0,4,0,0,0,4
2020,PROV. JAWA TENGAH,33,KAB. KEBUMEN,3305,Negeri,10,1,3,2,3,2,21
2020,PROV. JAWA TENGAH,33,KAB. PURWOREJO,3306,Negeri,46,1,0,1,3,2,53
2020,PROV. JAWA TENGAH,33,KAB. PURWOREJO,3306,Swasta,1,0,0,0,0,0,1
2020,PROV. JAWA TENGAH,33,KAB. WONOSOBO,3307,Negeri,174,4,3,1,3,4,189
2020,PROV. JAWA TENGAH,33,KAB. WONOSOBO,3307,Swasta,19,0,0,0,0,0,19
2020,PROV. JAWA TENGAH,33,KAB. MAGELANG,3308,Negeri,271,2,2,0,3,3,281
2020,PROV. JAWA TENGAH,33,KAB. MAGELANG,3308,Swasta,13,0,0,0,1,0,14
2020,PROV. JAWA TENGAH,33,KAB. BOYOLALI,3309,Negeri,86,8,7,2,7,10,120
2020,PROV. JAWA TENGAH,33,KAB. BOYOLALI,3309,Swasta,3,2,1,1,0,0,7
2020,PROV. JAWA TENGAH,33,KAB. KLATEN,3310,Swasta,5,1,1,0,1,0,8
2020,PROV. JAWA TENGAH,33,KAB. KLATEN,3310,Negeri,36,6,1,2,6,2,53
2020,PROV. JAWA TENGAH,33,KAB. SUKOHARJO,3311,Negeri,53,3,3,1,2,3,65
2020,PROV. JAWA TENGAH,33,KAB. SUKOHARJO,3311,Swasta,26,0,0,0,0,0,26
2020,PROV. JAWA TENGAH,33,KAB. WONOGIRI,3312,Negeri,101,2,3,4,2,5,117
2020,PROV. JAWA TENGAH,33,KAB. WONOGIRI,3312,Swasta,9,0,0,0,0,0,9
2020,PROV. JAWA TENGAH,33,KAB. KARANGANYAR,3313,Negeri,29,2,0,1,2,0,34
2020,PROV. JAWA TENGAH,33,KAB. KARANGANYAR,3313,Swasta,2,0,0,0,0,0,2
2020,PROV. JAWA TENGAH,33,KAB. SRAGEN,3314,Swasta,2,0,2,0,0,0,4
2020,PROV. JAWA TENGAH,33,KAB. SRAGEN,3314,Negeri,62,4,1,1,2,0,70
2020,PROV. JAWA TENGAH,33,KAB. GROBOGAN,3315,Negeri,114,9,2,3,2,4,134
2020,PROV. JAWA TENGAH,33,KAB. GROBOGAN,3315,Swasta,2,0,0,0,0,0,2
2020,PROV. JAWA TENGAH,33,KAB. BLORA,3316,Negeri,141,7,3,2,0,1,154
2020,PROV. JAWA TENGAH,33,KAB. BLORA,3316,Swasta,2,0,0,0,0,0,2
2020,PROV. JAWA TENGAH,33,KAB. REMBANG,3317,Negeri,26,0,0,0,1,1,28
2020,PROV. JAWA TENGAH,33,KAB. REMBANG,3317,Swasta,0,0,0,0,0,0,0
2020,PROV. JAWA TENGAH,33,KAB. PATI,3318,Swasta,3,1,1,0,0,0,5
2020,PROV. JAWA TENGAH,33,KAB. PATI,3318,Negeri,81,1,1,1,1,1,86
2020,PROV. JAWA TENGAH,33,KAB. KUDUS,3319,Swasta,29,1,1,1,0,0,32
2020,PROV. JAWA TENGAH,33,KAB. KUDUS,3319,Negeri,70,4,1,0,4,2,81
2020,PROV. JAWA TENGAH,33,KAB. JEPARA,3320,Negeri,26,1,0,1,5,4,37
2020,PROV. JAWA TENGAH,33,KAB. JEPARA,3320,Swasta,5,0,0,0,0,0,5
2020,PROV. JAWA TENGAH,33,KAB. DEMAK,3321,Swasta,22,1,0,0,0,0,23
2020,PROV. JAWA TENGAH,33,KAB. DEMAK,3321,Negeri,78,2,2,0,3,1,86
2020,PROV. JAWA TENGAH,33,KAB. SEMARANG,3322,Negeri,175,4,4,1,0,1,185
2020,PROV. JAWA TENGAH,33,KAB. SEMARANG,3322,Swasta,9,0,2,1,0,1,13
2020,PROV. JAWA TENGAH,33,KAB. TEMANGGUNG,3323,Swasta,2,0,0,0,1,0,3
2020,PROV. JAWA TENGAH,33,KAB. TEMANGGUNG,3323,Negeri,76,5,4,3,0,5,93
2020,PROV. JAWA TENGAH,33,KAB. KENDAL,3324,Negeri,63,5,6,2,5,1,82
2020,PROV. JAWA TENGAH,33,KAB. KENDAL,3324,Swasta,8,0,0,0,0,0,8
2020,PROV. JAWA TENGAH,33,KAB. BATANG,3325,Negeri,68,5,6,5,6,4,94
2020,PROV. JAWA TENGAH,33,KAB. BATANG,3325,Swasta,0,0,0,0,0,0,0
2020,PROV. JAWA TENGAH,33,KAB. PEKALONGAN,3326,Negeri,34,5,2,2,3,3,49
2020,PROV. JAWA TENGAH,33,KAB. PEKALONGAN,3326,Swasta,3,0,0,0,0,0,3
2020,PROV. JAWA TENGAH,33,KAB. PEMALANG,3327,Swasta,29,0,2,1,0,1,33
2020,PROV. JAWA TENGAH,33,KAB. PEMALANG,3327,Negeri,401,5,3,7,4,8,428
2020,PROV. JAWA TENGAH,33,KAB. TEGAL,3328,Swasta,0,0,0,0,0,0,0
2020,PROV. JAWA TENGAH,33,KAB. TEGAL,3328,Negeri,142,8,7,19,11,10,197
2020,PROV. JAWA TENGAH,33,KAB. BREBES,3329,Swasta,6,0,0,0,0,0,6
2020,PROV. JAWA TENGAH,33,KAB. BREBES,3329,Negeri,130,10,17,7,3,17,184
2020,PROV. JAWA TENGAH,33,KOTA MAGELANG,3371,Swasta,4,0,0,0,0,0,4
2020,PROV. JAWA TENGAH,33,KOTA MAGELANG,3371,Negeri,9,0,0,0,0,0,9
2020,PROV. JAWA TENGAH,33,KOTA SURAKARTA,3372,Negeri,23,4,6,1,0,1,35
2020,PROV. JAWA TENGAH,33,KOTA SURAKARTA,3372,Swasta,24,1,0,0,1,0,26
2020,PROV. JAWA TENGAH,33,KOTA SALATIGA,3373,Negeri,10,2,1,1,0,0,14
2020,PROV. JAWA TENGAH,33,KOTA SALATIGA,3373,Swasta,1,1,0,0,0,0,2
2020,PROV. JAWA TENGAH,33,KOTA SEMARANG,3374,Swasta,116,8,2,4,4,3,137
2020,PROV. JAWA TENGAH,33,KOTA SEMARANG,3374,Negeri,108,3,1,5,2,0,119
2020,PROV. JAWA TENGAH,33,KOTA PEKALONGAN,3375,Swasta,19,0,0,0,0,0,19
2020,PROV. JAWA TENGAH,33,KOTA PEKALONGAN,3375,Negeri,4,0,0,1,1,1,7
2020,PROV. JAWA TENGAH,33,KOTA TEGAL,3376,Swasta,5,1,0,0,0,0,6
2020,PROV. JAWA TENGAH,33,KOTA TEGAL,3376,Negeri,9,1,0,2,1,1,14
2020,PROV. D.I. YOGYAKARTA,34,KAB. KULON PROGO,3401,Swasta,2,1,0,0,0,0,3
2020,PROV. D.I. YOGYAKARTA,34,KAB. KULON PROGO,3401,Negeri,12,0,0,1,1,0,14
2020,PROV. D.I. YOGYAKARTA,34,KAB. BANTUL,3402,Negeri,16,3,0,0,2,0,21
2020,PROV. D.I. YOGYAKARTA,34,KAB. BANTUL,3402,Swasta,5,0,0,0,0,0,5
2020,PROV. D.I. YOGYAKARTA,34,KAB. GUNUNGKIDUL,3403,Swasta,32,0,0,2,0,0,34
2020,PROV. D.I. YOGYAKARTA,34,KAB. GUNUNGKIDUL,3403,Negeri,148,0,1,1,0,1,151
2020,PROV. D.I. YOGYAKARTA,34,KAB. SLEMAN,3404,Negeri,93,2,0,0,0,2,97
2020,PROV. D.I. YOGYAKARTA,34,KAB. SLEMAN,3404,Swasta,75,2,0,0,0,0,77
2020,PROV. D.I. YOGYAKARTA,34,KOTA YOGYAKARTA,3471,Negeri,1,1,1,1,0,1,5
2020,PROV. D.I. YOGYAKARTA,34,KOTA YOGYAKARTA,3471,Swasta,6,0,0,0,0,0,6
2020,PROV. JAWA TIMUR,35,KAB. PACITAN,3501,Negeri,52,1,0,0,0,0,53
2020,PROV. JAWA TIMUR,35,KAB. PACITAN,3501,Swasta,18,1,1,0,1,1,22
2020,PROV. JAWA TIMUR,35,KAB. PONOROGO,3502,Negeri,29,0,0,0,0,2,31
2020,PROV. JAWA TIMUR,35,KAB. PONOROGO,3502,Swasta,7,1,1,2,1,0,12
2020,PROV. JAWA TIMUR,35,KAB. TRENGGALEK,3503,Negeri,97,11,0,2,2,1,113
2020,PROV. JAWA TIMUR,35,KAB. TRENGGALEK,3503,Swasta,2,1,0,1,1,0,5
2020,PROV. JAWA TIMUR,35,KAB. TULUNGAGUNG,3504,Swasta,1,0,0,0,0,1,2
2020,PROV. JAWA TIMUR,35,KAB. TULUNGAGUNG,3504,Negeri,14,4,0,0,1,2,21
2020,PROV. JAWA TIMUR,35,KAB. BLITAR,3505,Negeri,16,4,1,1,0,4,26
2020,PROV. JAWA TIMUR,35,KAB. BLITAR,3505,Swasta,0,0,0,0,0,0,0
2020,PROV. JAWA TIMUR,35,KAB. KEDIRI,3506,Negeri,65,1,2,3,4,1,76
2020,PROV. JAWA TIMUR,35,KAB. KEDIRI,3506,Swasta,10,3,0,0,0,0,13
2020,PROV. JAWA TIMUR,35,KAB. MALANG,3507,Swasta,42,0,1,1,1,0,45
2020,PROV. JAWA TIMUR,35,KAB. MALANG,3507,Negeri,254,22,10,10,18,20,334
2020,PROV. JAWA TIMUR,35,KAB. LUMAJANG,3508,Swasta,1,0,15,0,0,0,16
2020,PROV. JAWA TIMUR,35,KAB. LUMAJANG,3508,Negeri,74,5,4,1,3,2,89
2020,PROV. JAWA TIMUR,35,KAB. JEMBER,3509,Negeri,89,7,8,8,9,12,133
2020,PROV. JAWA TIMUR,35,KAB. JEMBER,3509,Swasta,16,0,2,3,3,1,25
2020,PROV. JAWA TIMUR,35,KAB. BANYUWANGI,3510,Swasta,31,4,1,0,0,0,36
2020,PROV. JAWA TIMUR,35,KAB. BANYUWANGI,3510,Negeri,107,9,6,3,4,9,138
2020,PROV. JAWA TIMUR,35,KAB. BONDOWOSO,3511,Negeri,63,4,2,0,2,2,73
2020,PROV. JAWA TIMUR,35,KAB. BONDOWOSO,3511,Swasta,7,0,0,0,0,0,7
2020,PROV. JAWA TIMUR,35,KAB. SITUBONDO,3512,Negeri,86,2,0,0,2,0,90
2020,PROV. JAWA TIMUR,35,KAB. SITUBONDO,3512,Swasta,1,0,0,0,0,0,1
2020,PROV. JAWA TIMUR,35,KAB. PROBOLINGGO,3513,Swasta,9,1,2,1,0,0,13
2020,PROV. JAWA TIMUR,35,KAB. PROBOLINGGO,3513,Negeri,54,6,2,9,5,8,84
2020,PROV. JAWA TIMUR,35,KAB. PASURUAN,3514,Negeri,63,2,4,7,9,12,97
2020,PROV. JAWA TIMUR,35,KAB. PASURUAN,3514,Swasta,6,0,0,0,0,1,7
2020,PROV. JAWA TIMUR,35,KAB. SIDOARJO,3515,Swasta,51,6,1,3,1,1,63
2020,PROV. JAWA TIMUR,35,KAB. SIDOARJO,3515,Negeri,131,10,13,10,6,5,175
2020,PROV. JAWA TIMUR,35,KAB. MOJOKERTO,3516,Negeri,28,4,0,2,2,0,36
2020,PROV. JAWA TIMUR,35,KAB. MOJOKERTO,3516,Swasta,3,0,0,0,0,0,3
2020,PROV. JAWA TIMUR,35,KAB. JOMBANG,3517,Negeri,21,3,2,1,0,0,27
2020,PROV. JAWA TIMUR,35,KAB. JOMBANG,3517,Swasta,1,1,0,0,1,0,3
2020,PROV. JAWA TIMUR,35,KAB. NGANJUK,3518,Swasta,19,0,0,0,0,0,19
2020,PROV. JAWA TIMUR,35,KAB. NGANJUK,3518,Negeri,97,4,1,2,1,0,105
2020,PROV. JAWA TIMUR,35,KAB. MADIUN,3519,Swasta,0,0,0,0,0,0,0
2020,PROV. JAWA TIMUR,35,KAB. MADIUN,3519,Negeri,15,0,0,1,0,0,16
2020,PROV. JAWA TIMUR,35,KAB. MAGETAN,3520,Swasta,0,0,0,0,0,0,0
2020,PROV. JAWA TIMUR,35,KAB. MAGETAN,3520,Negeri,41,3,2,1,0,0,47
2020,PROV. JAWA TIMUR,35,KAB. NGAWI,3521,Swasta,35,1,1,0,0,0,37
2020,PROV. JAWA TIMUR,35,KAB. NGAWI,3521,Negeri,65,4,1,4,3,3,80
2020,PROV. JAWA TIMUR,35,KAB. BOJONEGORO,3522,Negeri,67,4,1,4,5,3,84
2020,PROV. JAWA TIMUR,35,KAB. BOJONEGORO,3522,Swasta,0,0,0,0,0,0,0
2020,PROV. JAWA TIMUR,35,KAB. TUBAN,3523,Swasta,1,0,1,0,0,0,2
2020,PROV. JAWA TIMUR,35,KAB. TUBAN,3523,Negeri,40,3,1,4,3,1,52
2020,PROV. JAWA TIMUR,35,KAB. LAMONGAN,3524,Negeri,35,1,1,1,1,2,41
2020,PROV. JAWA TIMUR,35,KAB. LAMONGAN,3524,Swasta,7,0,1,0,0,0,8
2020,PROV. JAWA TIMUR,35,KAB. GRESIK,3525,Swasta,7,0,2,0,0,0,9
2020,PROV. JAWA TIMUR,35,KAB. GRESIK,3525,Negeri,52,3,3,1,0,4,63
2020,PROV. JAWA TIMUR,35,KAB. BANGKALAN,3526,Swasta,3,0,4,2,0,11,20
2020,PROV. JAWA TIMUR,35,KAB. BANGKALAN,3526,Negeri,61,4,5,10,13,39,132
2020,PROV. JAWA TIMUR,35,KAB. SAMPANG,3527,Negeri,104,7,8,4,15,42,180
2020,PROV. JAWA TIMUR,35,KAB. SAMPANG,3527,Swasta,29,5,4,5,2,8,53
2020,PROV. JAWA TIMUR,35,KAB. PAMEKASAN,3528,Swasta,7,0,0,1,0,1,9
2020,PROV. JAWA TIMUR,35,KAB. PAMEKASAN,3528,Negeri,19,11,4,5,5,10,54
2020,PROV. JAWA TIMUR,35,KAB. SUMENEP,3529,Negeri,39,3,4,3,2,3,54
2020,PROV. JAWA TIMUR,35,KAB. SUMENEP,3529,Swasta,4,0,3,3,0,2,12
2020,PROV. JAWA TIMUR,35,KOTA KEDIRI,3571,Negeri,12,0,0,0,0,0,12
2020,PROV. JAWA TIMUR,35,KOTA KEDIRI,3571,Swasta,3,0,0,0,0,0,3
2020,PROV. JAWA TIMUR,35,KOTA BLITAR,3572,Negeri,3,1,0,0,0,0,4
2020,PROV. JAWA TIMUR,35,KOTA BLITAR,3572,Swasta,0,0,0,0,0,0,0
2020,PROV. JAWA TIMUR,35,KOTA MALANG,3573,Negeri,27,1,0,1,0,0,29
2020,PROV. JAWA TIMUR,35,KOTA MALANG,3573,Swasta,7,0,1,1,2,0,11
2020,PROV. JAWA TIMUR,35,KOTA PROBOLINGGO,3574,Swasta,0,0,0,0,0,0,0
2020,PROV. JAWA TIMUR,35,KOTA PROBOLINGGO,3574,Negeri,22,0,0,1,1,0,24
2020,PROV. JAWA TIMUR,35,KOTA PASURUAN,3575,Swasta,5,1,2,3,0,0,11
2020,PROV. JAWA TIMUR,35,KOTA PASURUAN,3575,Negeri,0,0,0,0,0,0,0
2020,PROV. JAWA TIMUR,35,KOTA MOJOKERTO,3576,Swasta,0,0,0,0,0,0,0
2020,PROV. JAWA TIMUR,35,KOTA MOJOKERTO,3576,Negeri,1,0,0,0,0,0,1
2020,PROV. JAWA TIMUR,35,KOTA MADIUN,3577,Swasta,87,1,0,0,0,0,88
2020,PROV. JAWA TIMUR,35,KOTA MADIUN,3577,Negeri,5,0,0,0,0,1,6
2020,PROV. JAWA TIMUR,35,KOTA SURABAYA,3578,Negeri,87,6,2,5,4,4,108
2020,PROV. JAWA TIMUR,35,KOTA SURABAYA,3578,Swasta,125,35,3,11,5,5,184
2020,PROV. JAWA TIMUR,35,KOTA BATU,3579,Swasta,2,1,0,0,1,0,4
2020,PROV. JAWA TIMUR,35,KOTA BATU,3579,Negeri,4,0,0,1,0,0,5
2020,PROV. BANTEN,36,KAB. PANDEGLANG,3601,Swasta,5,1,2,0,0,0,8
2020,PROV. BANTEN,36,KAB. PANDEGLANG,3601,Negeri,64,16,9,18,11,8,126
2020,PROV. BANTEN,36,KAB. LEBAK,3602,Swasta,13,0,1,0,0,0,14
2020,PROV. BANTEN,36,KAB. LEBAK,3602,Negeri,96,14,4,6,9,12,141
2020,PROV. BANTEN,36,KAB. TANGERANG,3603,Negeri,202,38,13,26,16,33,328
2020,PROV. BANTEN,36,KAB. TANGERANG,3603,Swasta,127,2,3,3,1,4,140
2020,PROV. BANTEN,36,KAB. SERANG,3604,Negeri,59,4,8,6,6,3,86
2020,PROV. BANTEN,36,KAB. SERANG,3604,Swasta,2,0,0,0,1,0,3
2020,PROV. BANTEN,36,KOTA TANGERANG,3671,Swasta,17,0,2,0,1,1,21
2020,PROV. BANTEN,36,KOTA TANGERANG,3671,Negeri,56,6,6,4,7,4,83
2020,PROV. BANTEN,36,KOTA CILEGON,3672,Swasta,3,0,0,0,1,0,4
2020,PROV. BANTEN,36,KOTA CILEGON,3672,Negeri,9,0,1,0,0,1,11
2020,PROV. BANTEN,36,KOTA SERANG,3673,Swasta,4,1,0,0,2,0,7
2020,PROV. BANTEN,36,KOTA SERANG,3673,Negeri,44,6,4,11,8,5,78
2020,PROV. BANTEN,36,KOTA TANGERANG SELATAN,3674,Negeri,90,7,7,4,6,42,156
2020,PROV. BANTEN,36,KOTA TANGERANG SELATAN,3674,Swasta,117,6,1,1,4,1,130
2020,PROV. BALI,51,KAB. JEMBRANA,5101,Negeri,6,2,0,1,0,1,10
2020,PROV. BALI,51,KAB. JEMBRANA,5101,Swasta,0,0,0,0,0,0,0
2020,PROV. BALI,51,KAB. TABANAN,5102,Negeri,18,2,0,0,1,0,21
2020,PROV. BALI,51,KAB. TABANAN,5102,Swasta,0,0,0,0,0,0,0
2020,PROV. BALI,51,KAB. BADUNG,5103,Swasta,1,0,4,0,3,1,9
2020,PROV. BALI,51,KAB. BADUNG,5103,Negeri,19,1,2,0,3,1,26
2020,PROV. BALI,51,KAB. GIANYAR,5104,Swasta,0,0,0,0,0,0,0
2020,PROV. BALI,51,KAB. GIANYAR,5104,Negeri,4,0,0,0,0,1,5
2020,PROV. BALI,51,KAB. KLUNGKUNG,5105,Swasta,0,0,0,0,0,0,0
2020,PROV. BALI,51,KAB. KLUNGKUNG,5105,Negeri,7,1,1,1,4,2,16
2020,PROV. BALI,51,KAB. BANGLI,5106,Negeri,5,0,0,1,0,0,6
2020,PROV. BALI,51,KAB. BANGLI,5106,Swasta,0,0,0,0,0,0,0
2020,PROV. BALI,51,KAB. KARANGASEM,5107,Negeri,14,6,1,1,0,1,23
2020,PROV. BALI,51,KAB. KARANGASEM,5107,Swasta,0,0,0,0,0,0,0
2020,PROV. BALI,51,KAB. BULELENG,5108,Negeri,28,4,1,2,2,2,39
2020,PROV. BALI,51,KAB. BULELENG,5108,Swasta,0,0,0,0,0,0,0
2020,PROV. BALI,51,KOTA DENPASAR,5171,Negeri,12,0,0,2,1,0,15
2020,PROV. BALI,51,KOTA DENPASAR,5171,Swasta,3,1,0,1,0,0,5
2020,PROV. NUSA TENGGARA BARAT,52,KAB. LOMBOK BARAT,5201,Swasta,8,1,1,0,1,0,11
2020,PROV. NUSA TENGGARA BARAT,52,KAB. LOMBOK BARAT,5201,Negeri,73,14,6,2,1,4,100
2020,PROV. NUSA TENGGARA BARAT,52,KAB. LOMBOK TENGAH,5202,Swasta,17,1,1,0,0,0,19
2020,PROV. NUSA TENGGARA BARAT,52,KAB. LOMBOK TENGAH,5202,Negeri,99,6,7,12,19,6,149
2020,PROV. NUSA TENGGARA BARAT,52,KAB. LOMBOK TIMUR,5203,Negeri,124,8,10,8,6,7,163
2020,PROV. NUSA TENGGARA BARAT,52,KAB. LOMBOK TIMUR,5203,Swasta,19,4,2,2,1,8,36
2020,PROV. NUSA TENGGARA BARAT,52,KAB. SUMBAWA,5204,Negeri,101,5,3,5,0,0,114
2020,PROV. NUSA TENGGARA BARAT,52,KAB. SUMBAWA,5204,Swasta,0,0,0,0,0,0,0
2020,PROV. NUSA TENGGARA BARAT,52,KAB. DOMPU,5205,Swasta,6,0,0,0,0,0,6
2020,PROV. NUSA TENGGARA BARAT,52,KAB. DOMPU,5205,Negeri,14,1,4,10,7,3,39
2020,PROV. NUSA TENGGARA BARAT,52,KAB. BIMA,5206,Swasta,1,0,1,0,0,0,2
2020,PROV. NUSA TENGGARA BARAT,52,KAB. BIMA,5206,Negeri,74,24,4,7,16,23,148
2020,PROV. NUSA TENGGARA BARAT,52,KAB. SUMBAWA BARAT,5207,Negeri,17,2,1,0,1,1,22
2020,PROV. NUSA TENGGARA BARAT,52,KAB. SUMBAWA BARAT,5207,Swasta,8,0,0,0,0,0,8
2020,PROV. NUSA TENGGARA BARAT,52,KAB. LOMBOK UTARA,5208,Negeri,46,1,5,4,3,1,60
2020,PROV. NUSA TENGGARA BARAT,52,KAB. LOMBOK UTARA,5208,Swasta,0,0,0,0,0,0,0
2020,PROV. NUSA TENGGARA BARAT,52,KOTA MATARAM,5271,Negeri,19,2,3,2,1,4,31
2020,PROV. NUSA TENGGARA BARAT,52,KOTA MATARAM,5271,Swasta,19,2,0,0,1,0,22
2020,PROV. NUSA TENGGARA BARAT,52,KOTA BIMA,5272,Swasta,1,0,1,1,0,0,3
2020,PROV. NUSA TENGGARA BARAT,52,KOTA BIMA,5272,Negeri,27,1,1,0,0,3,32
2020,PROV. NUSA TENGGARA TIMUR,53,KAB. KUPANG,5301,Negeri,32,7,6,6,8,18,77
2020,PROV. NUSA TENGGARA TIMUR,53,KAB. KUPANG,5301,Swasta,19,3,2,1,8,8,41
2020,PROV. NUSA TENGGARA TIMUR,53,KAB. TIMOR TENGAH SELATAN,5302,Swasta,16,3,0,4,4,20,47
2020,PROV. NUSA TENGGARA TIMUR,53,KAB. TIMOR TENGAH SELATAN,5302,Negeri,53,3,4,3,4,2,69
2020,PROV. NUSA TENGGARA TIMUR,53,KAB. TIMOR TENGAH UTARA,5303,Swasta,16,3,5,4,4,1,33
2020,PROV. NUSA TENGGARA TIMUR,53,KAB. TIMOR TENGAH UTARA,5303,Negeri,15,6,5,2,3,11,42
2020,PROV. NUSA TENGGARA TIMUR,53,KAB. BELU,5304,Swasta,6,2,2,0,1,0,11
2020,PROV. NUSA TENGGARA TIMUR,53,KAB. BELU,5304,Negeri,11,0,2,0,2,4,19
2020,PROV. NUSA TENGGARA TIMUR,53,KAB. ALOR,5305,Swasta,4,1,1,1,0,1,8
2020,PROV. NUSA TENGGARA TIMUR,53,KAB. ALOR,5305,Negeri,15,2,2,3,2,7,31
2020,PROV. NUSA TENGGARA TIMUR,53,KAB. FLORES TIMUR,5306,Negeri,15,1,3,3,5,5,32
2020,PROV. NUSA TENGGARA TIMUR,53,KAB. FLORES TIMUR,5306,Swasta,14,4,1,1,1,1,22
2020,PROV. NUSA TENGGARA TIMUR,53,KAB. SIKKA,5307,Swasta,7,5,7,6,8,6,39
2020,PROV. NUSA TENGGARA TIMUR,53,KAB. SIKKA,5307,Negeri,24,5,3,1,7,7,47
2020,PROV. NUSA TENGGARA TIMUR,53,KAB. ENDE,5308,Negeri,13,4,1,2,3,2,25
2020,PROV. NUSA TENGGARA TIMUR,53,KAB. ENDE,5308,Swasta,19,3,1,1,3,1,28
2020,PROV. NUSA TENGGARA TIMUR,53,KAB. NGADA,5309,Negeri,17,1,1,0,2,4,25
2020,PROV. NUSA TENGGARA TIMUR,53,KAB. NGADA,5309,Swasta,2,0,0,0,0,2,4
2020,PROV. NUSA TENGGARA TIMUR,53,KAB. MANGGARAI,5310,Negeri,1,2,0,3,1,1,8
2020,PROV. NUSA TENGGARA TIMUR,53,KAB. MANGGARAI,5310,Swasta,2,0,0,0,0,2,4
2020,PROV. NUSA TENGGARA TIMUR,53,KAB. SUMBA TIMUR,5311,Swasta,27,3,1,1,3,1,36
2020,PROV. NUSA TENGGARA TIMUR,53,KAB. SUMBA TIMUR,5311,Negeri,40,3,0,2,5,3,53
2020,PROV. NUSA TENGGARA TIMUR,53,KAB. SUMBA BARAT,5312,Swasta,14,0,1,0,1,0,16
2020,PROV. NUSA TENGGARA TIMUR,53,KAB. SUMBA BARAT,5312,Negeri,9,1,2,1,1,1,15
2020,PROV. NUSA TENGGARA TIMUR,53,KAB. LEMBATA,5313,Swasta,19,0,0,0,1,1,21
2020,PROV. NUSA TENGGARA TIMUR,53,KAB. LEMBATA,5313,Negeri,39,0,0,2,0,2,43
2020,PROV. NUSA TENGGARA TIMUR,53,KAB. ROTE NDAO,5314,Swasta,6,4,0,0,0,0,10
2020,PROV. NUSA TENGGARA TIMUR,53,KAB. ROTE NDAO,5314,Negeri,38,1,1,1,0,5,46
2020,PROV. NUSA TENGGARA TIMUR,53,KAB. MANGGARAI BARAT,5315,Negeri,14,3,2,1,2,1,23
2020,PROV. NUSA TENGGARA TIMUR,53,KAB. MANGGARAI BARAT,5315,Swasta,6,2,0,0,1,0,9
2020,PROV. NUSA TENGGARA TIMUR,53,KAB. NAGEKEO,5316,Swasta,5,0,2,0,0,1,8
2020,PROV. NUSA TENGGARA TIMUR,53,KAB. NAGEKEO,5316,Negeri,14,2,1,1,0,0,18
2020,PROV. NUSA TENGGARA TIMUR,53,KAB. SUMBA TENGAH,5317,Negeri,3,1,0,0,1,1,6
2020,PROV. NUSA TENGGARA TIMUR,53,KAB. SUMBA TENGAH,5317,Swasta,0,0,0,0,2,4,6
2020,PROV. NUSA TENGGARA TIMUR,53,KAB. SUMBA BARAT DAYA,5318,Negeri,38,9,2,13,15,12,89
2020,PROV. NUSA TENGGARA TIMUR,53,KAB. SUMBA BARAT DAYA,5318,Swasta,115,32,32,20,37,36,272
2020,PROV. NUSA TENGGARA TIMUR,53,KAB. MANGGARAI TIMUR,5319,Negeri,20,5,4,2,4,6,41
2020,PROV. NUSA TENGGARA TIMUR,53,KAB. MANGGARAI TIMUR,5319,Swasta,7,3,0,0,1,1,12
2020,PROV. NUSA TENGGARA TIMUR,53,KAB. SABU RAIJUA,5320,Swasta,5,1,1,0,0,0,7
2020,PROV. NUSA TENGGARA TIMUR,53,KAB. SABU RAIJUA,5320,Negeri,3,0,1,0,0,0,4
2020,PROV. NUSA TENGGARA TIMUR,53,KAB. MALAKA,5321,Swasta,4,0,0,0,1,0,5
2020,PROV. NUSA TENGGARA TIMUR,53,KAB. MALAKA,5321,Negeri,5,1,1,0,0,1,8
2020,PROV. NUSA TENGGARA TIMUR,53,KOTA KUPANG,5371,Negeri,17,4,8,3,5,1,38
2020,PROV. NUSA TENGGARA TIMUR,53,KOTA KUPANG,5371,Swasta,52,2,2,1,1,2,60
2020,PROV. KALIMANTAN BARAT,61,KAB. SAMBAS,6101,Negeri,18,3,2,2,8,9,42
2020,PROV. KALIMANTAN BARAT,61,KAB. SAMBAS,6101,Swasta,1,2,1,0,0,0,4
2020,PROV. KALIMANTAN BARAT,61,KAB. MEMPAWAH,6102,Negeri,29,4,0,0,3,6,42
2020,PROV. KALIMANTAN BARAT,61,KAB. MEMPAWAH,6102,Swasta,0,0,0,0,0,0,0
2020,PROV. KALIMANTAN BARAT,61,KAB. SANGGAU,6103,Swasta,50,0,0,0,0,0,50
2020,PROV. KALIMANTAN BARAT,61,KAB. SANGGAU,6103,Negeri,33,5,7,9,8,12,74
2020,PROV. KALIMANTAN BARAT,61,KAB. KETAPANG,6104,Swasta,38,3,2,1,4,1,49
2020,PROV. KALIMANTAN BARAT,61,KAB. KETAPANG,6104,Negeri,35,8,4,14,4,24,89
2020,PROV. KALIMANTAN BARAT,61,KAB. SINTANG,6105,Swasta,1,0,0,0,0,0,1
2020,PROV. KALIMANTAN BARAT,61,KAB. SINTANG,6105,Negeri,22,5,4,4,1,14,50
2020,PROV. KALIMANTAN BARAT,61,KAB. KAPUAS HULU,6106,Negeri,12,2,3,1,4,4,26
2020,PROV. KALIMANTAN BARAT,61,KAB. KAPUAS HULU,6106,Swasta,0,1,2,1,0,1,5
2020,PROV. KALIMANTAN BARAT,61,KAB. BENGKAYANG,6107,Negeri,11,3,2,7,4,9,36
2020,PROV. KALIMANTAN BARAT,61,KAB. BENGKAYANG,6107,Swasta,1,1,0,2,0,0,4
2020,PROV. KALIMANTAN BARAT,61,KAB. LANDAK,6108,Negeri,25,6,8,0,2,2,43
2020,PROV. KALIMANTAN BARAT,61,KAB. LANDAK,6108,Swasta,0,0,0,0,0,0,0
2020,PROV. KALIMANTAN BARAT,61,KAB. SEKADAU,6109,Swasta,0,0,0,0,0,0,0
2020,PROV. KALIMANTAN BARAT,61,KAB. SEKADAU,6109,Negeri,14,2,4,0,3,3,26
2020,PROV. KALIMANTAN BARAT,61,KAB. MELAWI,6110,Swasta,1,0,0,3,0,0,4
2020,PROV. KALIMANTAN BARAT,61,KAB. MELAWI,6110,Negeri,38,1,5,3,2,3,52
2020,PROV. KALIMANTAN BARAT,61,KAB. KAYONG UTARA,6111,Negeri,2,4,1,2,1,4,14
2020,PROV. KALIMANTAN BARAT,61,KAB. KAYONG UTARA,6111,Swasta,0,0,0,0,0,0,0
2020,PROV. KALIMANTAN BARAT,61,KAB. KUBU RAYA,6112,Swasta,34,0,0,1,0,0,35
2020,PROV. KALIMANTAN BARAT,61,KAB. KUBU RAYA,6112,Negeri,17,19,3,5,4,9,57
2020,PROV. KALIMANTAN BARAT,61,KOTA PONTIANAK,6171,Swasta,154,0,0,0,0,0,154
2020,PROV. KALIMANTAN BARAT,61,KOTA PONTIANAK,6171,Negeri,126,5,0,2,1,2,136
2020,PROV. KALIMANTAN BARAT,61,KOTA SINGKAWANG,6172,Negeri,2,3,2,0,6,4,17
2020,PROV. KALIMANTAN BARAT,61,KOTA SINGKAWANG,6172,Swasta,1,0,0,0,0,0,1
2020,PROV. KALIMANTAN TENGAH,62,KAB. KOTAWARINGIN BARAT,6201,Negeri,46,0,2,1,2,5,56
2020,PROV. KALIMANTAN TENGAH,62,KAB. KOTAWARINGIN BARAT,6201,Swasta,22,0,1,3,1,1,28
2020,PROV. KALIMANTAN TENGAH,62,KAB. KOTAWARINGIN TIMUR,6202,Swasta,9,3,1,1,0,2,16
2020,PROV. KALIMANTAN TENGAH,62,KAB. KOTAWARINGIN TIMUR,6202,Negeri,20,8,2,16,2,4,52
2020,PROV. KALIMANTAN TENGAH,62,KAB. KAPUAS,6203,Swasta,0,1,0,1,0,1,3
2020,PROV. KALIMANTAN TENGAH,62,KAB. KAPUAS,6203,Negeri,49,8,2,1,2,8,70
2020,PROV. KALIMANTAN TENGAH,62,KAB. BARITO SELATAN,6204,Negeri,9,0,1,0,0,0,10
2020,PROV. KALIMANTAN TENGAH,62,KAB. BARITO SELATAN,6204,Swasta,0,0,0,0,0,0,0
2020,PROV. KALIMANTAN TENGAH,62,KAB. BARITO UTARA,6205,Swasta,1,0,0,0,0,0,1
2020,PROV. KALIMANTAN TENGAH,62,KAB. BARITO UTARA,6205,Negeri,18,3,3,4,3,4,35
2020,PROV. KALIMANTAN TENGAH,62,KAB. KATINGAN,6206,Swasta,0,0,0,0,0,0,0
2020,PROV. KALIMANTAN TENGAH,62,KAB. KATINGAN,6206,Negeri,26,3,1,2,3,2,37
2020,PROV. KALIMANTAN TENGAH,62,KAB. SERUYAN,6207,Swasta,1,2,2,1,1,1,8
2020,PROV. KALIMANTAN TENGAH,62,KAB. SERUYAN,6207,Negeri,19,0,3,1,5,3,31
2020,PROV. KALIMANTAN TENGAH,62,KAB. SUKAMARA,6208,Negeri,4,0,1,0,0,0,5
2020,PROV. KALIMANTAN TENGAH,62,KAB. SUKAMARA,6208,Swasta,0,0,1,0,0,0,1
2020,PROV. KALIMANTAN TENGAH,62,KAB. LAMANDAU,6209,Negeri,22,3,0,1,3,3,32
2020,PROV. KALIMANTAN TENGAH,62,KAB. LAMANDAU,6209,Swasta,0,0,0,0,0,0,0
2020,PROV. KALIMANTAN TENGAH,62,KAB. GUNUNG MAS,6210,Negeri,6,1,1,4,0,5,17
2020,PROV. KALIMANTAN TENGAH,62,KAB. GUNUNG MAS,6210,Swasta,0,0,0,0,0,0,0
2020,PROV. KALIMANTAN TENGAH,62,KAB. PULANG PISAU,6211,Negeri,28,1,0,0,4,2,35
2020,PROV. KALIMANTAN TENGAH,62,KAB. PULANG PISAU,6211,Swasta,0,0,0,1,0,1,2
2020,PROV. KALIMANTAN TENGAH,62,KAB. MURUNG RAYA,6212,Swasta,0,0,0,0,0,0,0
2020,PROV. KALIMANTAN TENGAH,62,KAB. MURUNG RAYA,6212,Negeri,44,4,8,4,4,1,65
2020,PROV. KALIMANTAN TENGAH,62,KAB. BARITO TIMUR,6213,Swasta,0,0,0,0,0,0,0
2020,PROV. KALIMANTAN TENGAH,62,KAB. BARITO TIMUR,6213,Negeri,11,2,1,1,1,0,16
2020,PROV. KALIMANTAN TENGAH,62,KOTA PALANGKA RAYA,6271,Swasta,3,0,0,1,0,1,5
2020,PROV. KALIMANTAN TENGAH,62,KOTA PALANGKA RAYA,6271,Negeri,30,7,1,0,0,1,39
2020,PROV. KALIMANTAN SELATAN,63,KAB. TANAH LAUT,6301,Swasta,0,0,0,0,0,0,0
2020,PROV. KALIMANTAN SELATAN,63,KAB. TANAH LAUT,6301,Negeri,8,1,3,3,2,2,19
2020,PROV. KALIMANTAN SELATAN,63,KAB. KOTABARU,6302,Negeri,45,6,2,3,1,4,61
2020,PROV. KALIMANTAN SELATAN,63,KAB. KOTABARU,6302,Swasta,0,0,0,0,0,0,0
2020,PROV. KALIMANTAN SELATAN,63,KAB. BANJAR,6303,Swasta,0,0,0,0,0,0,0
2020,PROV. KALIMANTAN SELATAN,63,KAB. BANJAR,6303,Negeri,40,0,4,5,3,7,59
2020,PROV. KALIMANTAN SELATAN,63,KAB. BARITO KUALA,6304,Swasta,0,0,0,0,0,0,0
2020,PROV. KALIMANTAN SELATAN,63,KAB. BARITO KUALA,6304,Negeri,40,2,1,1,6,3,53
2020,PROV. KALIMANTAN SELATAN,63,KAB. TAPIN,6305,Swasta,0,6,0,0,0,0,6
2020,PROV. KALIMANTAN SELATAN,63,KAB. TAPIN,6305,Negeri,9,1,0,1,1,4,16
2020,PROV. KALIMANTAN SELATAN,63,KAB. HULU SUNGAI SELATAN,6306,Swasta,0,0,0,0,0,0,0
2020,PROV. KALIMANTAN SELATAN,63,KAB. HULU SUNGAI SELATAN,6306,Negeri,3,0,0,0,2,1,6
2020,PROV. KALIMANTAN SELATAN,63,KAB. HULU SUNGAI TENGAH,6307,Swasta,0,0,0,0,0,0,0
2020,PROV. KALIMANTAN SELATAN,63,KAB. HULU SUNGAI TENGAH,6307,Negeri,18,1,0,3,2,2,26
2020,PROV. KALIMANTAN SELATAN,63,KAB. HULU SUNGAI UTARA,6308,Negeri,13,2,1,0,0,1,17
2020,PROV. KALIMANTAN SELATAN,63,KAB. HULU SUNGAI UTARA,6308,Swasta,0,0,0,0,0,0,0
2020,PROV. KALIMANTAN SELATAN,63,KAB. TABALONG,6309,Negeri,18,0,2,4,1,1,26
2020,PROV. KALIMANTAN SELATAN,63,KAB. TABALONG,6309,Swasta,0,0,0,0,0,0,0
2020,PROV. KALIMANTAN SELATAN,63,KAB. TANAH BUMBU,6310,Swasta,2,0,0,0,0,1,3
2020,PROV. KALIMANTAN SELATAN,63,KAB. TANAH BUMBU,6310,Negeri,12,2,0,3,4,3,24
2020,PROV. KALIMANTAN SELATAN,63,KAB. BALANGAN,6311,Negeri,32,0,1,0,0,0,33
2020,PROV. KALIMANTAN SELATAN,63,KAB. BALANGAN,6311,Swasta,0,0,0,0,0,0,0
2020,PROV. KALIMANTAN SELATAN,63,KOTA BANJARMASIN,6371,Negeri,53,6,2,1,5,6,73
2020,PROV. KALIMANTAN SELATAN,63,KOTA BANJARMASIN,6371,Swasta,41,0,0,0,1,0,42
2020,PROV. KALIMANTAN SELATAN,63,KOTA BANJARBARU,6372,Swasta,2,0,0,0,0,0,2
2020,PROV. KALIMANTAN SELATAN,63,KOTA BANJARBARU,6372,Negeri,7,1,0,2,0,0,10
2020,PROV. KALIMANTAN TIMUR,64,KAB. PASER,6401,Negeri,30,4,2,5,4,11,56
2020,PROV. KALIMANTAN TIMUR,64,KAB. PASER,6401,Swasta,4,1,1,0,0,1,7
2020,PROV. KALIMANTAN TIMUR,64,KAB. KUTAI KARTANEGARA,6402,Negeri,160,9,9,5,7,6,196
2020,PROV. KALIMANTAN TIMUR,64,KAB. KUTAI KARTANEGARA,6402,Swasta,26,0,5,0,0,0,31
2020,PROV. KALIMANTAN TIMUR,64,KAB. BERAU,6403,Swasta,0,0,0,0,0,0,0
2020,PROV. KALIMANTAN TIMUR,64,KAB. BERAU,6403,Negeri,28,2,4,3,3,6,46
2020,PROV. KALIMANTAN TIMUR,64,KAB. KUTAI BARAT,6407,Swasta,2,0,0,0,0,0,2
2020,PROV. KALIMANTAN TIMUR,64,KAB. KUTAI BARAT,6407,Negeri,15,5,3,7,0,1,31
2020,PROV. KALIMANTAN TIMUR,64,KAB. KUTAI TIMUR,6408,Swasta,37,1,0,0,1,1,40
2020,PROV. KALIMANTAN TIMUR,64,KAB. KUTAI TIMUR,6408,Negeri,28,2,2,9,7,4,52
2020,PROV. KALIMANTAN TIMUR,64,KAB. PENAJAM PASER UTARA,6409,Negeri,12,1,3,2,1,4,23
2020,PROV. KALIMANTAN TIMUR,64,KAB. PENAJAM PASER UTARA,6409,Swasta,0,0,0,0,1,0,1
2020,PROV. KALIMANTAN TIMUR,64,KAB. MAHAKAM ULU,6411,Negeri,5,0,1,0,1,1,8
2020,PROV. KALIMANTAN TIMUR,64,KAB. MAHAKAM ULU,6411,Swasta,0,0,0,0,0,0,0
2020,PROV. KALIMANTAN TIMUR,64,KOTA BALIKPAPAN,6471,Swasta,28,1,2,0,0,2,33
2020,PROV. KALIMANTAN TIMUR,64,KOTA BALIKPAPAN,6471,Negeri,44,6,7,6,6,10,79
2020,PROV. KALIMANTAN TIMUR,64,KOTA SAMARINDA,6472,Swasta,19,0,2,1,0,0,22
2020,PROV. KALIMANTAN TIMUR,64,KOTA SAMARINDA,6472,Negeri,38,3,3,5,2,4,55
2020,PROV. KALIMANTAN TIMUR,64,KOTA BONTANG,6474,Swasta,4,0,0,1,1,0,6
2020,PROV. KALIMANTAN TIMUR,64,KOTA BONTANG,6474,Negeri,2,5,0,2,0,1,10
2020,PROV. KALIMANTAN UTARA,65,KAB. BULUNGAN,6501,Negeri,149,10,0,3,3,5,170
2020,PROV. KALIMANTAN UTARA,65,KAB. BULUNGAN,6501,Swasta,0,0,0,0,0,0,0
2020,PROV. KALIMANTAN UTARA,65,KAB. MALINAU,6502,Swasta,11,0,2,0,0,0,13
2020,PROV. KALIMANTAN UTARA,65,KAB. MALINAU,6502,Negeri,13,1,0,0,1,0,15
2020,PROV. KALIMANTAN UTARA,65,KAB. NUNUKAN,6503,Swasta,3,0,0,0,1,1,5
2020,PROV. KALIMANTAN UTARA,65,KAB. NUNUKAN,6503,Negeri,20,7,1,4,3,3,38
2020,PROV. KALIMANTAN UTARA,65,KAB. TANA TIDUNG,6504,Negeri,4,0,2,0,0,0,6
2020,PROV. KALIMANTAN UTARA,65,KAB. TANA TIDUNG,6504,Swasta,2,0,0,0,0,0,2
2020,PROV. KALIMANTAN UTARA,65,KOTA TARAKAN,6571,Negeri,3,3,43,32,1,0,82
2020,PROV. KALIMANTAN UTARA,65,KOTA TARAKAN,6571,Swasta,3,0,0,0,0,0,3
2020,PROV. SULAWESI UTARA,71,KAB. BOLAANG MONGONDOW,7101,Swasta,0,0,0,0,0,0,0
2020,PROV. SULAWESI UTARA,71,KAB. BOLAANG MONGONDOW,7101,Negeri,23,1,1,4,4,4,37
2020,PROV. SULAWESI UTARA,71,KAB. MINAHASA,7102,Swasta,5,1,2,1,1,1,11
2020,PROV. SULAWESI UTARA,71,KAB. MINAHASA,7102,Negeri,4,8,7,2,21,2,44
2020,PROV. SULAWESI UTARA,71,KAB. KEPULAUAN SANGIHE,7103,Negeri,1,2,1,1,1,5,11
2020,PROV. SULAWESI UTARA,71,KAB. KEPULAUAN SANGIHE,7103,Swasta,2,3,1,3,1,0,10
2020,PROV. SULAWESI UTARA,71,KAB. KEPULAUAN TALAUD,7104,Negeri,1,0,0,0,0,5,6
2020,PROV. SULAWESI UTARA,71,KAB. KEPULAUAN TALAUD,7104,Swasta,5,0,0,1,0,0,6
2020,PROV. SULAWESI UTARA,71,KAB. MINAHASA SELATAN,7105,Swasta,2,3,0,0,0,1,6
2020,PROV. SULAWESI UTARA,71,KAB. MINAHASA SELATAN,7105,Negeri,5,1,1,0,0,1,8
2020,PROV. SULAWESI UTARA,71,KAB. MINAHASA UTARA,7106,Swasta,5,0,0,0,0,2,7
2020,PROV. SULAWESI UTARA,71,KAB. MINAHASA UTARA,7106,Negeri,5,1,1,2,3,3,15
2020,PROV. SULAWESI UTARA,71,KAB. MINAHASA TENGGARA,7107,Swasta,15,0,0,0,0,0,15
2020,PROV. SULAWESI UTARA,71,KAB. MINAHASA TENGGARA,7107,Negeri,6,0,1,1,0,1,9
2020,PROV. SULAWESI UTARA,71,KAB. BOLAANG MONGONDOW UTARA,7108,Negeri,1,0,1,1,0,1,4
2020,PROV. SULAWESI UTARA,71,KAB. BOLAANG MONGONDOW UTARA,7108,Swasta,0,0,0,0,0,0,0
2020,PROV. SULAWESI UTARA,71,KAB. KEP. SIAU TAGULANDANG BIARO,7109,Negeri,1,0,0,0,1,0,2
2020,PROV. SULAWESI UTARA,71,KAB. KEP. SIAU TAGULANDANG BIARO,7109,Swasta,0,0,1,0,0,1,2
2020,PROV. SULAWESI UTARA,71,KAB. BOLAANG MONGONDOW TIMUR,7110,Negeri,3,0,1,1,0,0,5
2020,PROV. SULAWESI UTARA,71,KAB. BOLAANG MONGONDOW TIMUR,7110,Swasta,12,0,0,0,0,0,12
2020,PROV. SULAWESI UTARA,71,KAB. BOLAANG MONGONDOW SELATAN,7111,Negeri,14,1,1,0,0,2,18
2020,PROV. SULAWESI UTARA,71,KAB. BOLAANG MONGONDOW SELATAN,7111,Swasta,0,0,0,0,0,0,0
2020,PROV. SULAWESI UTARA,71,KOTA MANADO,7171,Swasta,16,0,2,1,2,4,25
2020,PROV. SULAWESI UTARA,71,KOTA MANADO,7171,Negeri,13,7,12,9,9,7,57
2020,PROV. SULAWESI UTARA,71,KOTA BITUNG,7172,Negeri,1,1,1,1,0,1,5
2020,PROV. SULAWESI UTARA,71,KOTA BITUNG,7172,Swasta,10,2,1,2,7,2,24
2020,PROV. SULAWESI UTARA,71,KOTA TOMOHON,7173,Swasta,16,0,1,1,0,0,18
2020,PROV. SULAWESI UTARA,71,KOTA TOMOHON,7173,Negeri,3,0,0,0,0,0,3
2020,PROV. SULAWESI UTARA,71,KOTA KOTAMOBAGU,7174,Swasta,1,1,0,0,0,0,2
2020,PROV. SULAWESI UTARA,71,KOTA KOTAMOBAGU,7174,Negeri,2,1,0,1,1,0,5
2020,PROV. SULAWESI TENGAH,72,KAB. BANGGAI,7201,Negeri,27,2,3,0,1,5,38
2020,PROV. SULAWESI TENGAH,72,KAB. BANGGAI,7201,Swasta,4,1,0,0,0,0,5
2020,PROV. SULAWESI TENGAH,72,KAB. POSO,7202,Negeri,13,3,0,0,0,1,17
2020,PROV. SULAWESI TENGAH,72,KAB. POSO,7202,Swasta,5,1,1,0,0,0,7
2020,PROV. SULAWESI TENGAH,72,KAB. DONGGALA,7203,Swasta,0,1,0,0,0,0,1
2020,PROV. SULAWESI TENGAH,72,KAB. DONGGALA,7203,Negeri,50,8,2,4,4,3,71
2020,PROV. SULAWESI TENGAH,72,KAB. TOLITOLI,7204,Negeri,18,0,6,3,2,11,40
2020,PROV. SULAWESI TENGAH,72,KAB. TOLITOLI,7204,Swasta,0,0,0,0,0,0,0
2020,PROV. SULAWESI TENGAH,72,KAB. BUOL,7205,Negeri,13,0,1,2,1,6,23
2020,PROV. SULAWESI TENGAH,72,KAB. BUOL,7205,Swasta,0,0,0,0,0,0,0
2020,PROV. SULAWESI TENGAH,72,KAB. MOROWALI,7206,Swasta,1,0,0,0,0,0,1
2020,PROV. SULAWESI TENGAH,72,KAB. MOROWALI,7206,Negeri,63,1,2,3,1,5,75
2020,PROV. SULAWESI TENGAH,72,KAB. BANGGAI KEPULAUAN,7207,Negeri,12,1,0,1,0,2,16
2020,PROV. SULAWESI TENGAH,72,KAB. BANGGAI KEPULAUAN,7207,Swasta,0,0,0,0,0,0,0
2020,PROV. SULAWESI TENGAH,72,KAB. PARIGI MOUTONG,7208,Negeri,107,7,0,6,5,4,129
2020,PROV. SULAWESI TENGAH,72,KAB. PARIGI MOUTONG,7208,Swasta,1,0,0,0,0,1,2
2020,PROV. SULAWESI TENGAH,72,KAB. TOJO UNA UNA,7209,Negeri,15,0,1,2,2,13,33
2020,PROV. SULAWESI TENGAH,72,KAB. TOJO UNA UNA,7209,Swasta,0,0,0,0,0,0,0
2020,PROV. SULAWESI TENGAH,72,KAB. SIGI,7210,Swasta,1,0,1,0,0,0,2
2020,PROV. SULAWESI TENGAH,72,KAB. SIGI,7210,Negeri,16,1,0,0,0,0,17
2020,PROV. SULAWESI TENGAH,72,KAB. BANGGAI LAUT,7211,Swasta,0,0,0,0,0,0,0
2020,PROV. SULAWESI TENGAH,72,KAB. BANGGAI LAUT,7211,Negeri,9,0,2,2,3,2,18
2020,PROV. SULAWESI TENGAH,72,KAB. MOROWALI UTARA,7212,Swasta,1,0,0,0,0,0,1
2020,PROV. SULAWESI TENGAH,72,KAB. MOROWALI UTARA,7212,Negeri,46,3,3,3,1,2,58
2020,PROV. SULAWESI TENGAH,72,KOTA PALU,7271,Swasta,7,0,0,0,0,2,9
2020,PROV. SULAWESI TENGAH,72,KOTA PALU,7271,Negeri,17,0,0,1,2,2,22
2020,PROV. SULAWESI SELATAN,73,KAB. KEPULAUAN SELAYAR,7301,Negeri,19,1,5,5,6,9,45
2020,PROV. SULAWESI SELATAN,73,KAB. KEPULAUAN SELAYAR,7301,Swasta,0,0,0,0,0,0,0
2020,PROV. SULAWESI SELATAN,73,KAB. BULUKUMBA,7302,Negeri,59,2,8,11,25,8,113
2020,PROV. SULAWESI SELATAN,73,KAB. BULUKUMBA,7302,Swasta,0,0,0,0,0,0,0
2020,PROV. SULAWESI SELATAN,73,KAB. BANTAENG,7303,Negeri,41,4,4,1,3,1,54
2020,PROV. SULAWESI SELATAN,73,KAB. BANTAENG,7303,Swasta,0,0,0,0,0,0,0
2020,PROV. SULAWESI SELATAN,73,KAB. JENEPONTO,7304,Negeri,780,35,18,15,6,26,880
2020,PROV. SULAWESI SELATAN,73,KAB. JENEPONTO,7304,Swasta,3,0,0,0,0,0,3
2020,PROV. SULAWESI SELATAN,73,KAB. TAKALAR,7305,Swasta,2,0,0,0,0,0,2
2020,PROV. SULAWESI SELATAN,73,KAB. TAKALAR,7305,Negeri,73,1,0,2,0,3,79
2020,PROV. SULAWESI SELATAN,73,KAB. GOWA,7306,Negeri,62,6,7,5,5,7,92
2020,PROV. SULAWESI SELATAN,73,KAB. GOWA,7306,Swasta,5,0,0,0,2,0,7
2020,PROV. SULAWESI SELATAN,73,KAB. SINJAI,7307,Swasta,1,0,0,0,0,0,1
2020,PROV. SULAWESI SELATAN,73,KAB. SINJAI,7307,Negeri,33,3,2,4,3,1,46
2020,PROV. SULAWESI SELATAN,73,KAB. BONE,7308,Negeri,202,15,26,19,20,16,298
2020,PROV. SULAWESI SELATAN,73,KAB. BONE,7308,Swasta,4,0,1,0,0,0,5
2020,PROV. SULAWESI SELATAN,73,KAB. MAROS,7309,Negeri,63,8,6,4,4,4,89
2020,PROV. SULAWESI SELATAN,73,KAB. MAROS,7309,Swasta,1,0,0,0,0,0,1
2020,PROV. SULAWESI SELATAN,73,KAB. PANGKAJENE DAN KEPULAUAN,7310,Negeri,15,4,2,2,3,2,28
2020,PROV. SULAWESI SELATAN,73,KAB. PANGKAJENE DAN KEPULAUAN,7310,Swasta,3,0,0,0,0,0,3
2020,PROV. SULAWESI SELATAN,73,KAB. BARRU,7311,Negeri,96,0,2,1,0,1,100
2020,PROV. SULAWESI SELATAN,73,KAB. BARRU,7311,Swasta,0,0,0,0,0,0,0
2020,PROV. SULAWESI SELATAN,73,KAB. SOPPENG,7312,Negeri,12,2,3,0,2,0,19
2020,PROV. SULAWESI SELATAN,73,KAB. SOPPENG,7312,Swasta,0,0,0,0,0,0,0
2020,PROV. SULAWESI SELATAN,73,KAB. WAJO,7313,Negeri,64,5,8,7,5,9,98
2020,PROV. SULAWESI SELATAN,73,KAB. WAJO,7313,Swasta,2,0,0,0,0,0,2
2020,PROV. SULAWESI SELATAN,73,KAB. SIDENRENG RAPPANG,7314,Negeri,11,6,2,1,5,7,32
2020,PROV. SULAWESI SELATAN,73,KAB. SIDENRENG RAPPANG,7314,Swasta,0,0,0,0,0,0,0
2020,PROV. SULAWESI SELATAN,73,KAB. PINRANG,7315,Swasta,0,0,0,1,0,0,1
2020,PROV. SULAWESI SELATAN,73,KAB. PINRANG,7315,Negeri,104,3,4,1,5,20,137
2020,PROV. SULAWESI SELATAN,73,KAB. ENREKANG,7316,Swasta,0,0,0,0,0,0,0
2020,PROV. SULAWESI SELATAN,73,KAB. ENREKANG,7316,Negeri,16,1,1,1,4,2,25
2020,PROV. SULAWESI SELATAN,73,KAB. LUWU,7317,Negeri,17,2,5,9,1,4,38
2020,PROV. SULAWESI SELATAN,73,KAB. LUWU,7317,Swasta,6,0,0,0,0,0,6
2020,PROV. SULAWESI SELATAN,73,KAB. TANA TORAJA,7318,Negeri,12,2,3,5,1,3,26
2020,PROV. SULAWESI SELATAN,73,KAB. TANA TORAJA,7318,Swasta,1,0,0,0,0,0,1
2020,PROV. SULAWESI SELATAN,73,KAB. LUWU UTARA,7322,Negeri,25,2,0,0,2,1,30
2020,PROV. SULAWESI SELATAN,73,KAB. LUWU UTARA,7322,Swasta,10,0,0,0,0,0,10
2020,PROV. SULAWESI SELATAN,73,KAB. LUWU TIMUR,7324,Negeri,17,2,2,2,2,3,28
2020,PROV. SULAWESI SELATAN,73,KAB. LUWU TIMUR,7324,Swasta,2,0,0,0,0,0,2
2020,PROV. SULAWESI SELATAN,73,KAB. TORAJA UTARA,7326,Negeri,27,3,2,5,3,3,43
2020,PROV. SULAWESI SELATAN,73,KAB. TORAJA UTARA,7326,Swasta,3,1,0,0,1,0,5
2020,PROV. SULAWESI SELATAN,73,KOTA MAKASSAR,7371,Swasta,10,0,0,1,7,0,18
2020,PROV. SULAWESI SELATAN,73,KOTA MAKASSAR,7371,Negeri,74,12,7,4,5,15,117
2020,PROV. SULAWESI SELATAN,73,KOTA PAREPARE,7372,Negeri,8,4,1,1,1,1,16
2020,PROV. SULAWESI SELATAN,73,KOTA PAREPARE,7372,Swasta,0,0,0,0,0,0,0
2020,PROV. SULAWESI SELATAN,73,KOTA PALOPO,7373,Swasta,3,1,1,1,0,0,6
2020,PROV. SULAWESI SELATAN,73,KOTA PALOPO,7373,Negeri,5,2,0,1,3,0,11
2020,PROV. SULAWESI TENGGARA,74,KAB. KOLAKA,7401,Swasta,1,0,0,0,0,0,1
2020,PROV. SULAWESI TENGGARA,74,KAB. KOLAKA,7401,Negeri,44,6,2,8,4,1,65
2020,PROV. SULAWESI TENGGARA,74,KAB. KONAWE,7402,Swasta,0,0,0,0,0,0,0
2020,PROV. SULAWESI TENGGARA,74,KAB. KONAWE,7402,Negeri,22,5,7,2,1,5,42
2020,PROV. SULAWESI TENGGARA,74,KAB. MUNA,7403,Swasta,0,1,0,0,0,0,1
2020,PROV. SULAWESI TENGGARA,74,KAB. MUNA,7403,Negeri,30,6,3,3,0,5,47
2020,PROV. SULAWESI TENGGARA,74,KAB. BUTON,7404,Swasta,0,0,0,0,0,0,0
2020,PROV. SULAWESI TENGGARA,74,KAB. BUTON,7404,Negeri,25,3,2,4,11,10,55
2020,PROV. SULAWESI TENGGARA,74,KAB. KONAWE SELATAN,7405,Swasta,0,0,0,0,0,0,0
2020,PROV. SULAWESI TENGGARA,74,KAB. KONAWE SELATAN,7405,Negeri,52,2,4,3,5,6,72
2020,PROV. SULAWESI TENGGARA,74,KAB. BOMBANA,7406,Negeri,15,1,1,1,2,4,24
2020,PROV. SULAWESI TENGGARA,74,KAB. BOMBANA,7406,Swasta,2,0,1,0,0,2,5
2020,PROV. SULAWESI TENGGARA,74,KAB. WAKATOBI,7407,Negeri,37,1,4,1,2,1,46
2020,PROV. SULAWESI TENGGARA,74,KAB. WAKATOBI,7407,Swasta,0,0,0,0,0,0,0
2020,PROV. SULAWESI TENGGARA,74,KAB. KOLAKA UTARA,7408,Negeri,16,2,1,1,7,8,35
2020,PROV. SULAWESI TENGGARA,74,KAB. KOLAKA UTARA,7408,Swasta,0,0,0,0,0,0,0
2020,PROV. SULAWESI TENGGARA,74,KAB. KONAWE UTARA,7409,Swasta,0,0,0,0,0,0,0
2020,PROV. SULAWESI TENGGARA,74,KAB. KONAWE UTARA,7409,Negeri,24,0,1,1,1,1,28
2020,PROV. SULAWESI TENGGARA,74,KAB. BUTON UTARA,7410,Swasta,0,0,0,0,0,0,0
2020,PROV. SULAWESI TENGGARA,74,KAB. BUTON UTARA,7410,Negeri,9,2,1,2,1,3,18
2020,PROV. SULAWESI TENGGARA,74,KAB. KOLAKA TIMUR,7411,Negeri,21,2,0,1,1,2,27
2020,PROV. SULAWESI TENGGARA,74,KAB. KOLAKA TIMUR,7411,Swasta,0,0,0,0,0,0,0
2020,PROV. SULAWESI TENGGARA,74,KAB. KONAWE KEPULAUAN,7412,Negeri,1,1,1,0,1,0,4
2020,PROV. SULAWESI TENGGARA,74,KAB. KONAWE KEPULAUAN,7412,Swasta,0,0,0,0,0,0,0
2020,PROV. SULAWESI TENGGARA,74,KAB. MUNA BARAT,7413,Swasta,0,0,0,0,0,0,0
2020,PROV. SULAWESI TENGGARA,74,KAB. MUNA BARAT,7413,Negeri,4,0,1,0,0,1,6
2020,PROV. SULAWESI TENGGARA,74,KAB. BUTON TENGAH,7414,Swasta,4,0,0,0,0,0,4
2020,PROV. SULAWESI TENGGARA,74,KAB. BUTON TENGAH,7414,Negeri,36,5,3,1,18,7,70
2020,PROV. SULAWESI TENGGARA,74,KAB. BUTON SELATAN,7415,Negeri,31,1,6,2,1,2,43
2020,PROV. SULAWESI TENGGARA,74,KAB. BUTON SELATAN,7415,Swasta,0,0,0,0,0,0,0
2020,PROV. SULAWESI TENGGARA,74,KOTA KENDARI,7471,Swasta,2,0,0,0,0,0,2
2020,PROV. SULAWESI TENGGARA,74,KOTA KENDARI,7471,Negeri,8,0,6,1,1,3,19
2020,PROV. SULAWESI TENGGARA,74,KOTA BAU BAU,7472,Swasta,0,0,0,0,0,0,0
2020,PROV. SULAWESI TENGGARA,74,KOTA BAU BAU,7472,Negeri,18,1,2,3,1,0,25
2020,PROV. GORONTALO,75,KAB. GORONTALO,7501,Negeri,58,7,16,12,14,12,119
2020,PROV. GORONTALO,75,KAB. GORONTALO,7501,Swasta,0,0,0,0,0,0,0
2020,PROV. GORONTALO,75,KAB. BOALEMO,7502,Negeri,40,7,11,10,7,10,85
2020,PROV. GORONTALO,75,KAB. BOALEMO,7502,Swasta,1,0,0,0,0,0,1
2020,PROV. GORONTALO,75,KAB. BONE BOLANGO,7503,Negeri,18,5,5,1,6,4,39
2020,PROV. GORONTALO,75,KAB. BONE BOLANGO,7503,Swasta,0,0,0,0,0,0,0
2020,PROV. GORONTALO,75,KAB. POHUWATO,7504,Negeri,20,9,5,3,4,3,44
2020,PROV. GORONTALO,75,KAB. POHUWATO,7504,Swasta,0,0,0,1,0,0,1
2020,PROV. GORONTALO,75,KAB. GORONTALO UTARA,7505,Negeri,36,7,0,5,4,2,54
2020,PROV. GORONTALO,75,KAB. GORONTALO UTARA,7505,Swasta,0,0,0,0,0,0,0
2020,PROV. GORONTALO,75,KOTA GORONTALO,7571,Swasta,2,2,1,0,0,0,5
2020,PROV. GORONTALO,75,KOTA GORONTALO,7571,Negeri,14,0,1,0,1,2,18
2020,PROV. SULAWESI BARAT,76,KAB. PASANGKAYU,7601,Swasta,0,0,0,0,0,0,0
2020,PROV. SULAWESI BARAT,76,KAB. PASANGKAYU,7601,Negeri,20,3,1,1,1,6,32
2020,PROV. SULAWESI BARAT,76,KAB. MAMUJU,7602,Negeri,14,0,3,6,6,5,34
2020,PROV. SULAWESI BARAT,76,KAB. MAMUJU,7602,Swasta,0,0,0,0,0,0,0
2020,PROV. SULAWESI BARAT,76,KAB. MAMASA,7603,Swasta,0,0,0,0,0,0,0
2020,PROV. SULAWESI BARAT,76,KAB. MAMASA,7603,Negeri,3,2,9,5,2,4,25
2020,PROV. SULAWESI BARAT,76,KAB. POLEWALI MANDAR,7604,Negeri,17,2,1,1,6,12,39
2020,PROV. SULAWESI BARAT,76,KAB. POLEWALI MANDAR,7604,Swasta,3,0,0,0,0,0,3
2020,PROV. SULAWESI BARAT,76,KAB. MAJENE,7605,Swasta,0,0,0,0,0,0,0
2020,PROV. SULAWESI BARAT,76,KAB. MAJENE,7605,Negeri,18,1,0,0,4,3,26
2020,PROV. SULAWESI BARAT,76,KAB. MAMUJU TENGAH,7606,Swasta,0,0,0,0,0,0,0
2020,PROV. SULAWESI BARAT,76,KAB. MAMUJU TENGAH,7606,Negeri,9,4,1,4,0,3,21
2020,PROV. MALUKU,81,KAB. MALUKU TENGAH,8101,Negeri,41,13,14,5,2,6,81
2020,PROV. MALUKU,81,KAB. MALUKU TENGAH,8101,Swasta,4,0,0,0,0,1,5
2020,PROV. MALUKU,81,KAB. MALUKU TENGGARA,8102,Negeri,5,2,4,3,1,1,16
2020,PROV. MALUKU,81,KAB. MALUKU TENGGARA,8102,Swasta,5,5,2,2,0,1,15
2020,PROV. MALUKU,81,KAB. KEPULAUAN TANIMBAR,8103,Swasta,13,2,9,4,16,19,63
2020,PROV. MALUKU,81,KAB. KEPULAUAN TANIMBAR,8103,Negeri,0,1,0,0,0,0,1
2020,PROV. MALUKU,81,KAB. BURU,8104,Swasta,2,1,0,3,0,0,6
2020,PROV. MALUKU,81,KAB. BURU,8104,Negeri,33,4,2,6,2,2,49
2020,PROV. MALUKU,81,KAB. SERAM BAGIAN TIMUR,8105,Swasta,2,0,0,0,1,0,3
2020,PROV. MALUKU,81,KAB. SERAM BAGIAN TIMUR,8105,Negeri,23,15,13,22,26,38,137
2020,PROV. MALUKU,81,KAB. SERAM BAGIAN BARAT,8106,Negeri,16,3,5,3,1,3,31
2020,PROV. MALUKU,81,KAB. SERAM BAGIAN BARAT,8106,Swasta,8,0,0,0,0,0,8
2020,PROV. MALUKU,81,KAB. KEPULAUAN ARU,8107,Negeri,0,0,0,0,0,0,0
2020,PROV. MALUKU,81,KAB. KEPULAUAN ARU,8107,Swasta,1,0,0,1,0,0,2
2020,PROV. MALUKU,81,KAB. MALUKU BARAT DAYA,8108,Negeri,2,0,0,1,0,1,4
2020,PROV. MALUKU,81,KAB. MALUKU BARAT DAYA,8108,Swasta,2,1,0,1,0,1,5
2020,PROV. MALUKU,81,KAB. BURU SELATAN,8109,Swasta,0,0,0,0,0,0,0
2020,PROV. MALUKU,81,KAB. BURU SELATAN,8109,Negeri,0,0,0,0,0,0,0
2020,PROV. MALUKU,81,KOTA AMBON,8171,Swasta,20,6,3,1,0,1,31
2020,PROV. MALUKU,81,KOTA AMBON,8171,Negeri,24,5,5,1,2,1,38
2020,PROV. MALUKU,81,KOTA TUAL,8172,Negeri,4,2,2,0,1,1,10
2020,PROV. MALUKU,81,KOTA TUAL,8172,Swasta,2,0,0,0,0,9,11
2020,PROV. MALUKU UTARA,82,KAB. HALMAHERA BARAT,8201,Negeri,19,1,2,1,0,1,24
2020,PROV. MALUKU UTARA,82,KAB. HALMAHERA BARAT,8201,Swasta,7,1,0,4,8,0,20
2020,PROV. MALUKU UTARA,82,KAB. HALMAHERA TENGAH,8202,Negeri,18,5,4,4,5,7,43
2020,PROV. MALUKU UTARA,82,KAB. HALMAHERA TENGAH,8202,Swasta,0,0,0,0,0,0,0
2020,PROV. MALUKU UTARA,82,KAB. HALMAHERA UTARA,8203,Negeri,8,2,1,1,2,3,17
2020,PROV. MALUKU UTARA,82,KAB. HALMAHERA UTARA,8203,Swasta,8,2,1,2,1,3,17
2020,PROV. MALUKU UTARA,82,KAB. HALMAHERA SELATAN,8204,Negeri,32,5,4,4,8,2,55
2020,PROV. MALUKU UTARA,82,KAB. HALMAHERA SELATAN,8204,Swasta,2,1,0,0,0,0,3
2020,PROV. MALUKU UTARA,82,KAB. KEPULAUAN SULA,8205,Swasta,0,0,0,0,0,0,0
2020,PROV. MALUKU UTARA,82,KAB. KEPULAUAN SULA,8205,Negeri,6,0,0,0,1,2,9
2020,PROV. MALUKU UTARA,82,KAB. HALMAHERA TIMUR,8206,Swasta,0,0,0,2,0,0,2
2020,PROV. MALUKU UTARA,82,KAB. HALMAHERA TIMUR,8206,Negeri,7,1,1,1,0,0,10
2020,PROV. MALUKU UTARA,82,KAB. PULAU MOROTAI,8207,Negeri,5,0,0,0,0,1,6
2020,PROV. MALUKU UTARA,82,KAB. PULAU MOROTAI,8207,Swasta,1,0,0,0,0,0,1
2020,PROV. MALUKU UTARA,82,KAB. PULAU TALIABU,8208,Swasta,0,0,0,0,0,0,0
2020,PROV. MALUKU UTARA,82,KAB. PULAU TALIABU,8208,Negeri,5,2,1,0,1,3,12
2020,PROV. MALUKU UTARA,82,KOTA TERNATE,8271,Swasta,29,2,2,0,2,4,39
2020,PROV. MALUKU UTARA,82,KOTA TERNATE,8271,Negeri,126,6,4,5,7,3,151
2020,PROV. MALUKU UTARA,82,KOTA TIDORE KEPULAUAN,8272,Negeri,11,0,0,1,0,3,15
2020,PROV. MALUKU UTARA,82,KOTA TIDORE KEPULAUAN,8272,Swasta,2,0,0,0,0,0,2
2020,PROV. PAPUA,91,KAB. JAYAPURA,9103,Negeri,7,1,0,17,6,5,36
2020,PROV. PAPUA,91,KAB. JAYAPURA,9103,Swasta,8,1,1,6,4,8,28
2020,PROV. PAPUA,91,KAB. KEPULAUAN YAPEN,9105,Negeri,6,0,0,2,1,11,20
2020,PROV. PAPUA,91,KAB. KEPULAUAN YAPEN,9105,Swasta,11,0,3,0,1,4,19
2020,PROV. PAPUA,91,KAB. BIAK NUMFOR,9106,Negeri,7,1,0,3,3,0,14
2020,PROV. PAPUA,91,KAB. BIAK NUMFOR,9106,Swasta,2,0,0,0,1,2,5
2020,PROV. PAPUA,91,KAB. SARMI,9110,Negeri,2,0,2,3,3,1,11
2020,PROV. PAPUA,91,KAB. SARMI,9110,Swasta,0,0,0,0,0,1,1
2020,PROV. PAPUA,91,KAB. KEEROM,9111,Negeri,1,0,0,0,1,0,2
2020,PROV. PAPUA,91,KAB. KEEROM,9111,Swasta,0,0,0,1,0,0,1
2020,PROV. PAPUA,91,KAB. WAROPEN,9115,Negeri,0,0,2,8,3,14,27
2020,PROV. PAPUA,91,KAB. WAROPEN,9115,Swasta,1,0,0,0,1,2,4
2020,PROV. PAPUA,91,KAB. SUPIORI,9119,Negeri,6,0,0,0,1,3,10
2020,PROV. PAPUA,91,KAB. SUPIORI,9119,Swasta,8,0,0,1,1,1,11
2020,PROV. PAPUA,91,KAB. MAMBERAMO RAYA,9120,Negeri,0,0,0,1,0,0,1
2020,PROV. PAPUA,91,KAB. MAMBERAMO RAYA,9120,Swasta,4,0,0,0,0,0,4
2020,PROV. PAPUA,91,KOTA JAYAPURA,9171,Negeri,29,1,1,4,5,3,43
2020,PROV. PAPUA,91,KOTA JAYAPURA,9171,Swasta,22,0,0,3,0,14,39
2020,PROV. PAPUA BARAT,92,KAB. MANOKWARI,9202,Negeri,7,0,0,0,2,4,13
2020,PROV. PAPUA BARAT,92,KAB. MANOKWARI,9202,Swasta,5,0,0,0,2,13,20
2020,PROV. PAPUA BARAT,92,KAB. FAK FAK,9203,Negeri,5,3,0,6,1,4,19
2020,PROV. PAPUA BARAT,92,KAB. FAK FAK,9203,Swasta,3,0,0,0,1,0,4
2020,PROV. PAPUA BARAT,92,KAB. TELUK BINTUNI,9206,Negeri,4,1,2,0,1,8,16
2020,PROV. PAPUA BARAT,92,KAB. TELUK BINTUNI,9206,Swasta,2,1,2,2,0,10,17
2020,PROV. PAPUA BARAT,92,KAB. TELUK WONDAMA,9207,Negeri,5,0,2,0,5,4,16
2020,PROV. PAPUA BARAT,92,KAB. TELUK WONDAMA,9207,Swasta,2,0,0,0,0,4,6
2020,PROV. PAPUA BARAT,92,KAB. KAIMANA,9208,Swasta,2,0,0,1,1,0,4
2020,PROV. PAPUA BARAT,92,KAB. KAIMANA,9208,Negeri,0,0,0,0,0,0,0
2020,PROV. PAPUA BARAT,92,KAB. MANOKWARI SELATAN,9211,Swasta,0,0,0,0,0,0,0
2020,PROV. PAPUA BARAT,92,KAB. MANOKWARI SELATAN,9211,Negeri,3,0,0,0,2,1,6
2020,PROV. PAPUA BARAT,92,KAB. PEGUNUNGAN ARFAK,9212,Swasta,0,0,0,0,0,0,0
2020,PROV. PAPUA BARAT,92,KAB. PEGUNUNGAN ARFAK,9212,Negeri,1,4,6,6,7,3,27
2021,PROV. ACEH,11,KAB. ACEH SELATAN,1101,Negeri,21,0,0,2,1,1,25
2021,PROV. ACEH,11,KAB. ACEH SELATAN,1101,Swasta,0,0,1,0,0,0,1
2021,PROV. ACEH,11,KAB. ACEH TENGGARA,1102,Swasta,13,3,0,1,0,6,23
2021,PROV. ACEH,11,KAB. ACEH TENGGARA,1102,Negeri,63,4,3,4,7,4,85
2021,PROV. ACEH,11,KAB. ACEH TIMUR,1103,Negeri,20,3,1,3,20,5,52
2021,PROV. ACEH,11,KAB. ACEH TIMUR,1103,Swasta,0,0,1,0,0,0,1
2021,PROV. ACEH,11,KAB. ACEH TENGAH,1104,Swasta,5,2,0,0,0,0,7
2021,PROV. ACEH,11,KAB. ACEH TENGAH,1104,Negeri,12,3,3,2,5,3,28
2021,PROV. ACEH,11,KAB. ACEH BARAT,1105,Swasta,1,0,0,0,0,0,1
2021,PROV. ACEH,11,KAB. ACEH BARAT,1105,Negeri,6,1,2,3,4,0,16
2021,PROV. ACEH,11,KAB. ACEH BESAR,1106,Negeri,21,5,0,1,3,9,39
2021,PROV. ACEH,11,KAB. ACEH BESAR,1106,Swasta,1,0,0,0,0,1,2
2021,PROV. ACEH,11,KAB. PIDIE,1107,Negeri,21,0,1,2,1,2,27
2021,PROV. ACEH,11,KAB. PIDIE,1107,Swasta,0,0,1,0,0,0,1
2021,PROV. ACEH,11,KAB. ACEH UTARA,1108,Swasta,0,0,0,0,0,0,0
2021,PROV. ACEH,11,KAB. ACEH UTARA,1108,Negeri,56,6,1,2,4,3,72
2021,PROV. ACEH,11,KAB. SIMEULUE,1109,Negeri,32,1,5,0,2,0,40
2021,PROV. ACEH,11,KAB. SIMEULUE,1109,Swasta,0,0,0,0,0,0,0
2021,PROV. ACEH,11,KAB. ACEH SINGKIL,1110,Swasta,4,0,0,0,0,0,4
2021,PROV. ACEH,11,KAB. ACEH SINGKIL,1110,Negeri,24,0,0,2,4,4,34
2021,PROV. ACEH,11,KAB. BIREUEN,1111,Swasta,0,0,0,0,0,0,0
2021,PROV. ACEH,11,KAB. BIREUEN,1111,Negeri,15,3,6,4,4,1,33
2021,PROV. ACEH,11,KAB. ACEH BARAT DAYA,1112,Swasta,0,0,0,0,0,0,0
2021,PROV. ACEH,11,KAB. ACEH BARAT DAYA,1112,Negeri,2,0,0,0,2,1,5
2021,PROV. ACEH,11,KAB. GAYO LUES,1113,Negeri,9,7,5,5,7,4,37
2021,PROV. ACEH,11,KAB. GAYO LUES,1113,Swasta,0,0,0,0,0,0,0
2021,PROV. ACEH,11,KAB. ACEH JAYA,1114,Negeri,23,2,0,0,1,0,26
2021,PROV. ACEH,11,KAB. ACEH JAYA,1114,Swasta,0,0,0,0,0,0,0
2021,PROV. ACEH,11,KAB. NAGAN RAYA,1115,Swasta,0,0,0,0,0,0,0
2021,PROV. ACEH,11,KAB. NAGAN RAYA,1115,Negeri,5,2,0,3,0,2,12
2021,PROV. ACEH,11,KAB. ACEH TAMIANG,1116,Swasta,1,0,0,0,0,0,1
2021,PROV. ACEH,11,KAB. ACEH TAMIANG,1116,Negeri,16,2,0,1,4,3,26
2021,PROV. ACEH,11,KAB. BENER MERIAH,1117,Swasta,0,0,0,0,0,0,0
2021,PROV. ACEH,11,KAB. BENER MERIAH,1117,Negeri,12,0,1,1,0,2,16
2021,PROV. ACEH,11,KAB. PIDIE JAYA,1118,Swasta,1,0,0,0,0,0,1
2021,PROV. ACEH,11,KAB. PIDIE JAYA,1118,Negeri,20,1,0,1,1,0,23
2021,PROV. ACEH,11,KOTA BANDA ACEH,1171,Swasta,1,4,0,0,0,0,5
2021,PROV. ACEH,11,KOTA BANDA ACEH,1171,Negeri,5,3,0,1,0,0,9
2021,PROV. ACEH,11,KOTA SABANG,1172,Negeri,0,0,0,1,0,0,1
2021,PROV. ACEH,11,KOTA SABANG,1172,Swasta,0,0,0,0,0,0,0
2021,PROV. ACEH,11,KOTA LHOKSEUMAWE,1173,Negeri,9,2,0,0,3,2,16
2021,PROV. ACEH,11,KOTA LHOKSEUMAWE,1173,Swasta,0,0,0,1,1,0,2
2021,PROV. ACEH,11,KOTA LANGSA,1174,Swasta,9,0,1,0,0,0,10
2021,PROV. ACEH,11,KOTA LANGSA,1174,Negeri,79,4,0,4,9,3,99
2021,PROV. ACEH,11,KOTA SUBULUSSALAM,1175,Negeri,17,1,0,1,2,0,21
2021,PROV. ACEH,11,KOTA SUBULUSSALAM,1175,Swasta,0,0,0,0,0,0,0
2021,PROV. SUMATERA UTARA,12,KAB. TAPANULI TENGAH,1201,Swasta,0,5,1,0,0,0,6
2021,PROV. SUMATERA UTARA,12,KAB. TAPANULI TENGAH,1201,Negeri,15,6,7,6,13,23,70
2021,PROV. SUMATERA UTARA,12,KAB. TAPANULI UTARA,1202,Swasta,1,2,0,0,0,0,3
2021,PROV. SUMATERA UTARA,12,KAB. TAPANULI UTARA,1202,Negeri,32,6,5,2,4,1,50
2021,PROV. SUMATERA UTARA,12,KAB. TAPANULI SELATAN,1203,Swasta,1,1,1,1,0,0,4
2021,PROV. SUMATERA UTARA,12,KAB. TAPANULI SELATAN,1203,Negeri,28,7,5,4,16,11,71
2021,PROV. SUMATERA UTARA,12,KAB. NIAS,1204,Swasta,0,0,0,0,0,0,0
2021,PROV. SUMATERA UTARA,12,KAB. NIAS,1204,Negeri,15,13,16,12,6,23,85
2021,PROV. SUMATERA UTARA,12,KAB. LANGKAT,1205,Swasta,36,5,2,0,1,0,44
2021,PROV. SUMATERA UTARA,12,KAB. LANGKAT,1205,Negeri,573,19,8,10,24,6,640
2021,PROV. SUMATERA UTARA,12,KAB. KARO,1206,Swasta,4,1,0,0,0,0,5
2021,PROV. SUMATERA UTARA,12,KAB. KARO,1206,Negeri,7,1,2,0,2,3,15
2021,PROV. SUMATERA UTARA,12,KAB. DELI SERDANG,1207,Negeri,67,19,1,10,10,20,127
2021,PROV. SUMATERA UTARA,12,KAB. DELI SERDANG,1207,Swasta,65,23,7,10,23,28,156
2021,PROV. SUMATERA UTARA,12,KAB. SIMALUNGUN,1208,Negeri,32,8,9,1,9,2,61
2021,PROV. SUMATERA UTARA,12,KAB. SIMALUNGUN,1208,Swasta,19,2,0,0,0,0,21
2021,PROV. SUMATERA UTARA,12,KAB. ASAHAN,1209,Swasta,19,3,4,2,0,2,30
2021,PROV. SUMATERA UTARA,12,KAB. ASAHAN,1209,Negeri,20,18,11,17,23,11,100
2021,PROV. SUMATERA UTARA,12,KAB. LABUHANBATU,1210,Negeri,43,2,1,2,25,3,76
2021,PROV. SUMATERA UTARA,12,KAB. LABUHANBATU,1210,Swasta,2,0,0,1,1,5,9
2021,PROV. SUMATERA UTARA,12,KAB. DAIRI,1211,Swasta,2,4,14,7,8,3,38
2021,PROV. SUMATERA UTARA,12,KAB. DAIRI,1211,Negeri,20,0,5,2,5,2,34
2021,PROV. SUMATERA UTARA,12,KAB. TOBA,1212,Negeri,28,0,1,0,3,1,33
2021,PROV. SUMATERA UTARA,12,KAB. TOBA,1212,Swasta,2,1,0,1,2,2,8
2021,PROV. SUMATERA UTARA,12,KAB. MANDAILING NATAL,1213,Negeri,26,2,1,4,2,4,39
2021,PROV. SUMATERA UTARA,12,KAB. MANDAILING NATAL,1213,Swasta,6,0,0,0,0,1,7
2021,PROV. SUMATERA UTARA,12,KAB. NIAS SELATAN,1214,Swasta,1,0,0,0,0,0,1
2021,PROV. SUMATERA UTARA,12,KAB. NIAS SELATAN,1214,Negeri,47,30,29,37,63,61,267
2021,PROV. SUMATERA UTARA,12,KAB. PAKPAK BHARAT,1215,Negeri,7,0,1,0,0,3,11
2021,PROV. SUMATERA UTARA,12,KAB. PAKPAK BHARAT,1215,Swasta,0,0,0,0,0,0,0
2021,PROV. SUMATERA UTARA,12,KAB. HUMBANG HASUNDUTAN,1216,Negeri,212,5,0,3,2,3,225
2021,PROV. SUMATERA UTARA,12,KAB. HUMBANG HASUNDUTAN,1216,Swasta,3,0,0,0,0,0,3
2021,PROV. SUMATERA UTARA,12,KAB. SAMOSIR,1217,Negeri,18,4,1,2,3,2,30
2021,PROV. SUMATERA UTARA,12,KAB. SAMOSIR,1217,Swasta,0,0,0,0,0,0,0
2021,PROV. SUMATERA UTARA,12,KAB. SERDANG BEDAGAI,1218,Negeri,41,26,11,10,14,18,120
2021,PROV. SUMATERA UTARA,12,KAB. SERDANG BEDAGAI,1218,Swasta,18,2,4,3,3,2,32
2021,PROV. SUMATERA UTARA,12,KAB. BATU BARA,1219,Negeri,8,2,4,4,5,7,30
2021,PROV. SUMATERA UTARA,12,KAB. BATU BARA,1219,Swasta,7,1,2,0,0,0,10
2021,PROV. SUMATERA UTARA,12,KAB. PADANG LAWAS UTARA,1220,Negeri,4,1,2,0,9,3,19
2021,PROV. SUMATERA UTARA,12,KAB. PADANG LAWAS UTARA,1220,Swasta,0,2,1,0,0,0,3
2021,PROV. SUMATERA UTARA,12,KAB. PADANG LAWAS,1221,Negeri,94,4,2,2,2,6,110
2021,PROV. SUMATERA UTARA,12,KAB. PADANG LAWAS,1221,Swasta,3,0,0,0,0,0,3
2021,PROV. SUMATERA UTARA,12,KAB. LABUHANBATU SELATAN,1222,Swasta,2,0,0,1,0,0,3
2021,PROV. SUMATERA UTARA,12,KAB. LABUHANBATU SELATAN,1222,Negeri,8,0,1,1,11,6,27
2021,PROV. SUMATERA UTARA,12,KAB. LABUHANBATU UTARA,1223,Negeri,16,4,4,5,5,2,36
2021,PROV. SUMATERA UTARA,12,KAB. LABUHANBATU UTARA,1223,Swasta,1,0,1,0,1,0,3
2021,PROV. SUMATERA UTARA,12,KAB. NIAS UTARA,1224,Negeri,20,14,12,7,16,9,78
2021,PROV. SUMATERA UTARA,12,KAB. NIAS UTARA,1224,Swasta,0,1,0,1,0,0,2
2021,PROV. SUMATERA UTARA,12,KAB. NIAS BARAT,1225,Swasta,0,0,0,0,0,0,0
2021,PROV. SUMATERA UTARA,12,KAB. NIAS BARAT,1225,Negeri,3,6,4,4,3,2,22
2021,PROV. SUMATERA UTARA,12,KOTA MEDAN,1271,Negeri,44,22,8,5,58,33,170
2021,PROV. SUMATERA UTARA,12,KOTA MEDAN,1271,Swasta,156,27,10,7,39,143,382
2021,PROV. SUMATERA UTARA,12,KOTA PEMATANGSIANTAR,1272,Swasta,8,0,0,1,0,2,11
2021,PROV. SUMATERA UTARA,12,KOTA PEMATANGSIANTAR,1272,Negeri,2,2,2,0,0,4,10
2021,PROV. SUMATERA UTARA,12,KOTA SIBOLGA,1273,Negeri,0,0,0,0,0,0,0
2021,PROV. SUMATERA UTARA,12,KOTA SIBOLGA,1273,Swasta,2,0,0,0,0,0,2
2021,PROV. SUMATERA UTARA,12,KOTA TANJUNG BALAI,1274,Swasta,2,4,1,1,0,0,8
2021,PROV. SUMATERA UTARA,12,KOTA TANJUNG BALAI,1274,Negeri,43,3,2,5,9,5,67
2021,PROV. SUMATERA UTARA,12,KOTA BINJAI,1275,Swasta,6,1,0,0,2,1,10
2021,PROV. SUMATERA UTARA,12,KOTA BINJAI,1275,Negeri,12,1,0,0,0,0,13
2021,PROV. SUMATERA UTARA,12,KOTA TEBING TINGGI,1276,Swasta,10,1,1,0,4,0,16
2021,PROV. SUMATERA UTARA,12,KOTA TEBING TINGGI,1276,Negeri,16,0,0,1,1,2,20
2021,PROV. SUMATERA UTARA,12,KOTA PADANG SIDEMPUAN,1277,Swasta,0,0,0,0,0,1,1
2021,PROV. SUMATERA UTARA,12,KOTA PADANG SIDEMPUAN,1277,Negeri,4,7,2,3,3,1,20
2021,PROV. SUMATERA UTARA,12,KOTA GUNUNGSITOLI,1278,Negeri,7,3,3,4,2,4,23
2021,PROV. SUMATERA UTARA,12,KOTA GUNUNGSITOLI,1278,Swasta,0,1,0,0,0,0,1
2021,PROV. SUMATERA BARAT,13,KAB. PESISIR SELATAN,1301,Swasta,0,0,0,0,0,0,0
2021,PROV. SUMATERA BARAT,13,KAB. PESISIR SELATAN,1301,Negeri,22,14,5,7,7,9,64
2021,PROV. SUMATERA BARAT,13,KAB. SOLOK,1302,Swasta,2,1,0,1,1,0,5
2021,PROV. SUMATERA BARAT,13,KAB. SOLOK,1302,Negeri,53,3,3,1,15,11,86
2021,PROV. SUMATERA BARAT,13,KAB. SIJUNJUNG,1303,Negeri,7,2,5,2,8,3,27
2021,PROV. SUMATERA BARAT,13,KAB. SIJUNJUNG,1303,Swasta,0,0,0,0,0,0,0
2021,PROV. SUMATERA BARAT,13,KAB. TANAH DATAR,1304,Swasta,0,0,0,0,0,0,0
2021,PROV. SUMATERA BARAT,13,KAB. TANAH DATAR,1304,Negeri,13,3,4,3,3,9,35
2021,PROV. SUMATERA BARAT,13,KAB. PADANG PARIAMAN,1305,Negeri,97,7,0,4,16,4,128
2021,PROV. SUMATERA BARAT,13,KAB. PADANG PARIAMAN,1305,Swasta,2,0,0,0,0,0,2
2021,PROV. SUMATERA BARAT,13,KAB. AGAM,1306,Negeri,83,2,1,4,6,7,103
2021,PROV. SUMATERA BARAT,13,KAB. AGAM,1306,Swasta,1,4,0,0,0,0,5
2021,PROV. SUMATERA BARAT,13,KAB. LIMA PULUH KOTA,1307,Swasta,1,0,1,0,0,0,2
2021,PROV. SUMATERA BARAT,13,KAB. LIMA PULUH KOTA,1307,Negeri,44,5,3,5,16,18,91
2021,PROV. SUMATERA BARAT,13,KAB. PASAMAN,1308,Swasta,0,0,1,0,0,0,1
2021,PROV. SUMATERA BARAT,13,KAB. PASAMAN,1308,Negeri,32,2,4,5,12,9,64
2021,PROV. SUMATERA BARAT,13,KAB. KEPULAUAN MENTAWAI,1309,Swasta,0,1,1,1,1,0,4
2021,PROV. SUMATERA BARAT,13,KAB. KEPULAUAN MENTAWAI,1309,Negeri,8,5,2,0,8,3,26
2021,PROV. SUMATERA BARAT,13,KAB. DHARMASRAYA,1310,Swasta,2,0,2,1,0,1,6
2021,PROV. SUMATERA BARAT,13,KAB. DHARMASRAYA,1310,Negeri,32,3,0,4,8,3,50
2021,PROV. SUMATERA BARAT,13,KAB. SOLOK SELATAN,1311,Swasta,0,0,0,1,0,0,1
2021,PROV. SUMATERA BARAT,13,KAB. SOLOK SELATAN,1311,Negeri,32,2,2,4,6,3,49
2021,PROV. SUMATERA BARAT,13,KAB. PASAMAN BARAT,1312,Swasta,5,0,1,0,0,0,6
2021,PROV. SUMATERA BARAT,13,KAB. PASAMAN BARAT,1312,Negeri,23,15,5,5,7,5,60
2021,PROV. SUMATERA BARAT,13,KOTA PADANG,1371,Negeri,55,5,7,6,6,6,85
2021,PROV. SUMATERA BARAT,13,KOTA PADANG,1371,Swasta,22,1,1,2,3,2,31
2021,PROV. SUMATERA BARAT,13,KOTA SOLOK,1372,Swasta,1,0,0,0,0,0,1
2021,PROV. SUMATERA BARAT,13,KOTA SOLOK,1372,Negeri,35,3,0,0,0,0,38
2021,PROV. SUMATERA BARAT,13,KOTA SAWAHLUNTO,1373,Negeri,1,0,0,0,1,0,2
2021,PROV. SUMATERA BARAT,13,KOTA SAWAHLUNTO,1373,Swasta,2,0,0,0,0,0,2
2021,PROV. SUMATERA BARAT,13,KOTA PADANG PANJANG,1374,Negeri,4,0,0,0,0,0,4
2021,PROV. SUMATERA BARAT,13,KOTA PADANG PANJANG,1374,Swasta,0,0,0,0,0,0,0
2021,PROV. SUMATERA BARAT,13,KOTA BUKITTINGGI,1375,Swasta,0,1,0,0,0,0,1
2021,PROV. SUMATERA BARAT,13,KOTA BUKITTINGGI,1375,Negeri,9,0,0,0,0,0,9
2021,PROV. SUMATERA BARAT,13,KOTA PAYAKUMBUH,1376,Negeri,4,2,0,0,1,0,7
2021,PROV. SUMATERA BARAT,13,KOTA PAYAKUMBUH,1376,Swasta,4,0,0,0,0,0,4
2021,PROV. SUMATERA BARAT,13,KOTA PARIAMAN,1377,Negeri,24,2,0,0,4,4,34
2021,PROV. SUMATERA BARAT,13,KOTA PARIAMAN,1377,Swasta,0,0,0,0,1,0,1
2021,PROV. RIAU,14,KAB. KAMPAR,1401,Negeri,36,4,3,7,10,11,71
2021,PROV. RIAU,14,KAB. KAMPAR,1401,Swasta,9,1,0,0,0,2,12
2021,PROV. RIAU,14,KAB. INDRAGIRI HULU,1402,Swasta,3,1,1,0,1,4,10
2021,PROV. RIAU,14,KAB. INDRAGIRI HULU,1402,Negeri,31,11,8,8,11,7,76
2021,PROV. RIAU,14,KAB. BENGKALIS,1403,Swasta,12,3,1,1,1,2,20
2021,PROV. RIAU,14,KAB. BENGKALIS,1403,Negeri,52,19,8,2,19,21,121
2021,PROV. RIAU,14,KAB. INDRAGIRI HILIR,1404,Swasta,1,2,0,0,2,7,12
2021,PROV. RIAU,14,KAB. INDRAGIRI HILIR,1404,Negeri,22,15,13,13,29,35,127
2021,PROV. RIAU,14,KAB. PELALAWAN,1405,Swasta,2,1,4,0,0,9,16
2021,PROV. RIAU,14,KAB. PELALAWAN,1405,Negeri,19,7,5,0,9,15,55
2021,PROV. RIAU,14,KAB. ROKAN HULU,1406,Negeri,26,7,4,7,16,22,82
2021,PROV. RIAU,14,KAB. ROKAN HULU,1406,Swasta,3,1,0,0,3,4,11
2021,PROV. RIAU,14,KAB. ROKAN HILIR,1407,Swasta,26,1,4,8,11,7,57
2021,PROV. RIAU,14,KAB. ROKAN HILIR,1407,Negeri,46,10,13,5,13,10,97
2021,PROV. RIAU,14,KAB. SIAK,1408,Swasta,2,1,0,0,0,0,3
2021,PROV. RIAU,14,KAB. SIAK,1408,Negeri,34,6,4,4,4,6,58
2021,PROV. RIAU,14,KAB. KUANTAN SINGINGI,1409,Swasta,3,0,0,1,0,0,4
2021,PROV. RIAU,14,KAB. KUANTAN SINGINGI,1409,Negeri,40,0,2,0,4,5,51
2021,PROV. RIAU,14,KAB. KEPULAUAN MERANTI,1410,Swasta,1,2,0,0,1,0,4
2021,PROV. RIAU,14,KAB. KEPULAUAN MERANTI,1410,Negeri,11,0,4,4,2,5,26
2021,PROV. RIAU,14,KOTA PEKANBARU,1471,Swasta,19,7,3,2,3,1,35
2021,PROV. RIAU,14,KOTA PEKANBARU,1471,Negeri,53,8,4,12,10,16,103
2021,PROV. RIAU,14,KOTA DUMAI,1472,Negeri,20,2,3,1,8,6,40
2021,PROV. RIAU,14,KOTA DUMAI,1472,Swasta,4,1,0,1,2,1,9
2021,PROV. JAMBI,15,KAB. KERINCI,1501,Swasta,7,1,1,0,0,0,9
2021,PROV. JAMBI,15,KAB. KERINCI,1501,Negeri,60,9,2,6,6,12,95
2021,PROV. JAMBI,15,KAB. MERANGIN,1502,Negeri,33,4,4,3,11,2,57
2021,PROV. JAMBI,15,KAB. MERANGIN,1502,Swasta,1,0,0,0,0,0,1
2021,PROV. JAMBI,15,KAB. SAROLANGUN,1503,Swasta,6,0,1,0,1,2,10
2021,PROV. JAMBI,15,KAB. SAROLANGUN,1503,Negeri,10,6,1,8,31,14,70
2021,PROV. JAMBI,15,KAB. BATANGHARI,1504,Swasta,1,0,0,0,5,0,6
2021,PROV. JAMBI,15,KAB. BATANGHARI,1504,Negeri,5,6,3,1,9,4,28
2021,PROV. JAMBI,15,KAB. MUARO JAMBI,1505,Swasta,0,0,0,0,0,0,0
2021,PROV. JAMBI,15,KAB. MUARO JAMBI,1505,Negeri,19,0,1,1,2,7,30
2021,PROV. JAMBI,15,KAB. TANJUNG JABUNG BARAT,1506,Negeri,18,5,3,3,2,5,36
2021,PROV. JAMBI,15,KAB. TANJUNG JABUNG BARAT,1506,Swasta,3,0,1,0,1,1,6
2021,PROV. JAMBI,15,KAB. TANJUNG JABUNG TIMUR,1507,Negeri,30,1,3,2,2,3,41
2021,PROV. JAMBI,15,KAB. TANJUNG JABUNG TIMUR,1507,Swasta,0,0,0,0,0,0,0
2021,PROV. JAMBI,15,KAB. BUNGO,1508,Negeri,26,4,1,0,1,4,36
2021,PROV. JAMBI,15,KAB. BUNGO,1508,Swasta,5,0,0,0,0,0,5
2021,PROV. JAMBI,15,KAB. TEBO,1509,Negeri,47,2,3,6,2,7,67
2021,PROV. JAMBI,15,KAB. TEBO,1509,Swasta,6,0,0,0,1,0,7
2021,PROV. JAMBI,15,KOTA JAMBI,1571,Negeri,12,4,2,3,0,1,22
2021,PROV. JAMBI,15,KOTA JAMBI,1571,Swasta,20,5,0,2,0,0,27
2021,PROV. JAMBI,15,KOTA SUNGAI PENUH,1572,Negeri,21,5,3,2,2,1,34
2021,PROV. JAMBI,15,KOTA SUNGAI PENUH,1572,Swasta,1,0,0,0,0,0,1
2021,PROV. SUMATERA SELATAN,16,KAB. OGAN KOMERING ULU,1601,Negeri,28,11,3,2,0,5,49
2021,PROV. SUMATERA SELATAN,16,KAB. OGAN KOMERING ULU,1601,Swasta,0,0,0,0,0,0,0
2021,PROV. SUMATERA SELATAN,16,KAB. OGAN KOMERING ILIR,1602,Swasta,0,0,0,0,0,0,0
2021,PROV. SUMATERA SELATAN,16,KAB. OGAN KOMERING ILIR,1602,Negeri,96,12,7,5,26,26,172
2021,PROV. SUMATERA SELATAN,16,KAB. MUARA ENIM,1603,Negeri,122,15,12,5,23,15,192
2021,PROV. SUMATERA SELATAN,16,KAB. MUARA ENIM,1603,Swasta,1,2,1,0,0,2,6
2021,PROV. SUMATERA SELATAN,16,KAB. LAHAT,1604,Swasta,6,0,0,0,0,0,6
2021,PROV. SUMATERA SELATAN,16,KAB. LAHAT,1604,Negeri,78,2,4,3,2,7,96
2021,PROV. SUMATERA SELATAN,16,KAB. MUSI RAWAS,1605,Negeri,63,2,3,1,7,9,85
2021,PROV. SUMATERA SELATAN,16,KAB. MUSI RAWAS,1605,Swasta,2,0,0,1,1,0,4
2021,PROV. SUMATERA SELATAN,16,KAB. MUSI BANYUASIN,1606,Negeri,50,8,8,3,24,42,135
2021,PROV. SUMATERA SELATAN,16,KAB. MUSI BANYUASIN,1606,Swasta,1,0,0,0,4,1,6
2021,PROV. SUMATERA SELATAN,16,KAB. BANYUASIN,1607,Negeri,107,8,24,26,59,76,300
2021,PROV. SUMATERA SELATAN,16,KAB. BANYUASIN,1607,Swasta,0,0,0,0,1,1,2
2021,PROV. SUMATERA SELATAN,16,KAB. OGAN KOMERING ULU TIMUR,1608,Swasta,1,1,0,0,0,0,2
2021,PROV. SUMATERA SELATAN,16,KAB. OGAN KOMERING ULU TIMUR,1608,Negeri,58,2,8,5,15,11,99
2021,PROV. SUMATERA SELATAN,16,KAB. OGAN KOMERING ULU SELATAN,1609,Negeri,57,4,1,3,4,7,76
2021,PROV. SUMATERA SELATAN,16,KAB. OGAN KOMERING ULU SELATAN,1609,Swasta,0,0,0,1,9,3,13
2021,PROV. SUMATERA SELATAN,16,KAB. OGAN ILIR,1610,Negeri,44,8,1,4,9,6,72
2021,PROV. SUMATERA SELATAN,16,KAB. OGAN ILIR,1610,Swasta,4,1,0,0,0,0,5
2021,PROV. SUMATERA SELATAN,16,KAB. EMPAT LAWANG,1611,Swasta,7,2,1,2,0,0,12
2021,PROV. SUMATERA SELATAN,16,KAB. EMPAT LAWANG,1611,Negeri,12,6,1,2,4,3,28
2021,PROV. SUMATERA SELATAN,16,KAB. PENUKAL ABAB LEMATANG ILIR,1612,Negeri,19,7,0,3,13,5,47
2021,PROV. SUMATERA SELATAN,16,KAB. PENUKAL ABAB LEMATANG ILIR,1612,Swasta,5,1,0,0,0,0,6
2021,PROV. SUMATERA SELATAN,16,KAB. MUSI RAWAS UTARA,1613,Negeri,21,0,2,1,7,4,35
2021,PROV. SUMATERA SELATAN,16,KAB. MUSI RAWAS UTARA,1613,Swasta,0,0,0,0,0,0,0
2021,PROV. SUMATERA SELATAN,16,KOTA PALEMBANG,1671,Swasta,22,2,0,1,5,1,31
2021,PROV. SUMATERA SELATAN,16,KOTA PALEMBANG,1671,Negeri,146,24,12,19,50,25,276
2021,PROV. SUMATERA SELATAN,16,KOTA PAGAR ALAM,1672,Swasta,7,0,0,5,0,0,12
2021,PROV. SUMATERA SELATAN,16,KOTA PAGAR ALAM,1672,Negeri,29,3,1,2,1,1,37
2021,PROV. SUMATERA SELATAN,16,KOTA LUBUK LINGGAU,1673,Swasta,3,2,2,0,0,0,7
2021,PROV. SUMATERA SELATAN,16,KOTA LUBUK LINGGAU,1673,Negeri,12,0,1,0,3,4,20
2021,PROV. SUMATERA SELATAN,16,KOTA PRABUMULIH,1674,Negeri,33,2,0,0,3,4,42
2021,PROV. SUMATERA SELATAN,16,KOTA PRABUMULIH,1674,Swasta,0,0,0,0,0,0,0
2021,PROV. BENGKULU,17,KAB. BENGKULU SELATAN,1701,Negeri,11,3,2,3,8,6,33
2021,PROV. BENGKULU,17,KAB. BENGKULU SELATAN,1701,Swasta,0,0,0,0,0,0,0
2021,PROV. BENGKULU,17,KAB. REJANG LEBONG,1702,Negeri,17,4,2,3,2,2,30
2021,PROV. BENGKULU,17,KAB. REJANG LEBONG,1702,Swasta,3,0,0,0,0,0,3
2021,PROV. BENGKULU,17,KAB. BENGKULU UTARA,1703,Negeri,50,7,2,2,3,3,67
2021,PROV. BENGKULU,17,KAB. BENGKULU UTARA,1703,Swasta,2,2,0,0,0,1,5
2021,PROV. BENGKULU,17,KAB. KAUR,1704,Swasta,0,0,0,0,0,0,0
2021,PROV. BENGKULU,17,KAB. KAUR,1704,Negeri,35,0,2,1,9,4,51
2021,PROV. BENGKULU,17,KAB. SELUMA,1705,Negeri,7,6,3,3,1,4,24
2021,PROV. BENGKULU,17,KAB. SELUMA,1705,Swasta,0,0,1,0,0,0,1
2021,PROV. BENGKULU,17,KAB. MUKOMUKO,1706,Swasta,0,0,0,0,0,0,0
2021,PROV. BENGKULU,17,KAB. MUKOMUKO,1706,Negeri,11,1,1,1,3,3,20
2021,PROV. BENGKULU,17,KAB. LEBONG,1707,Swasta,0,0,0,0,0,0,0
2021,PROV. BENGKULU,17,KAB. LEBONG,1707,Negeri,3,0,0,1,5,0,9
2021,PROV. BENGKULU,17,KAB. KEPAHIANG,1708,Swasta,1,0,0,0,0,0,1
2021,PROV. BENGKULU,17,KAB. KEPAHIANG,1708,Negeri,18,2,1,2,4,1,28
2021,PROV. BENGKULU,17,KAB. BENGKULU TENGAH,1709,Negeri,7,1,0,2,2,2,14
2021,PROV. BENGKULU,17,KAB. BENGKULU TENGAH,1709,Swasta,0,0,0,0,0,0,0
2021,PROV. BENGKULU,17,KOTA BENGKULU,1771,Swasta,2,4,2,0,0,0,8
2021,PROV. BENGKULU,17,KOTA BENGKULU,1771,Negeri,8,2,0,0,2,2,14
2021,PROV. LAMPUNG,18,KAB. LAMPUNG SELATAN,1801,Swasta,7,3,2,0,2,0,14
2021,PROV. LAMPUNG,18,KAB. LAMPUNG SELATAN,1801,Negeri,75,12,1,3,14,8,113
2021,PROV. LAMPUNG,18,KAB. LAMPUNG TENGAH,1802,Negeri,27,4,3,3,2,3,42
2021,PROV. LAMPUNG,18,KAB. LAMPUNG TENGAH,1802,Swasta,20,6,2,0,1,1,30
2021,PROV. LAMPUNG,18,KAB. LAMPUNG UTARA,1803,Negeri,41,4,7,7,2,4,65
2021,PROV. LAMPUNG,18,KAB. LAMPUNG UTARA,1803,Swasta,0,0,0,0,0,0,0
2021,PROV. LAMPUNG,18,KAB. LAMPUNG BARAT,1804,Swasta,0,15,0,0,2,1,18
2021,PROV. LAMPUNG,18,KAB. LAMPUNG BARAT,1804,Negeri,8,2,0,0,5,1,16
2021,PROV. LAMPUNG,18,KAB. TULANG BAWANG,1805,Swasta,44,1,0,1,0,2,48
2021,PROV. LAMPUNG,18,KAB. TULANG BAWANG,1805,Negeri,53,14,2,4,4,5,82
2021,PROV. LAMPUNG,18,KAB. TANGGAMUS,1806,Negeri,30,3,2,4,7,8,54
2021,PROV. LAMPUNG,18,KAB. TANGGAMUS,1806,Swasta,0,0,0,0,0,0,0
2021,PROV. LAMPUNG,18,KAB. LAMPUNG TIMUR,1807,Swasta,3,0,0,0,0,0,3
2021,PROV. LAMPUNG,18,KAB. LAMPUNG TIMUR,1807,Negeri,63,1,1,2,3,4,74
2021,PROV. LAMPUNG,18,KAB. WAY KANAN,1808,Negeri,70,2,0,1,5,2,80
2021,PROV. LAMPUNG,18,KAB. WAY KANAN,1808,Swasta,0,0,0,12,15,14,41
2021,PROV. LAMPUNG,18,KAB. PESAWARAN,1809,Negeri,4,0,0,1,2,0,7
2021,PROV. LAMPUNG,18,KAB. PESAWARAN,1809,Swasta,0,0,0,0,4,0,4
2021,PROV. LAMPUNG,18,KAB. PRINGSEWU,1810,Negeri,14,0,2,1,1,4,22
2021,PROV. LAMPUNG,18,KAB. PRINGSEWU,1810,Swasta,0,0,0,0,0,0,0
2021,PROV. LAMPUNG,18,KAB. MESUJI,1811,Swasta,0,1,0,0,0,0,1
2021,PROV. LAMPUNG,18,KAB. MESUJI,1811,Negeri,23,1,4,1,5,4,38
2021,PROV. LAMPUNG,18,KAB. TULANG BAWANG BARAT,1812,Negeri,20,2,1,2,3,2,30
2021,PROV. LAMPUNG,18,KAB. TULANG BAWANG BARAT,1812,Swasta,1,0,0,0,0,0,1
2021,PROV. LAMPUNG,18,KAB. PESISIR BARAT,1813,Negeri,25,1,4,4,8,7,49
2021,PROV. LAMPUNG,18,KAB. PESISIR BARAT,1813,Swasta,0,0,0,0,0,0,0
2021,PROV. LAMPUNG,18,KOTA BANDAR LAMPUNG,1871,Negeri,21,4,2,5,1,3,36
2021,PROV. LAMPUNG,18,KOTA BANDAR LAMPUNG,1871,Swasta,3,1,1,0,0,1,6
2021,PROV. LAMPUNG,18,KOTA METRO,1872,Swasta,0,0,0,0,0,0,0
2021,PROV. LAMPUNG,18,KOTA METRO,1872,Negeri,4,0,0,0,0,0,4
2021,PROV. KEPULAUAN BANGKA BELITUNG,19,KAB. BANGKA,1901,Negeri,18,4,1,4,5,9,41
2021,PROV. KEPULAUAN BANGKA BELITUNG,19,KAB. BANGKA,1901,Swasta,0,4,1,0,0,0,5
2021,PROV. KEPULAUAN BANGKA BELITUNG,19,KAB. BELITUNG,1902,Swasta,1,2,1,0,0,0,4
2021,PROV. KEPULAUAN BANGKA BELITUNG,19,KAB. BELITUNG,1902,Negeri,30,1,5,3,5,5,49
2021,PROV. KEPULAUAN BANGKA BELITUNG,19,KAB. BANGKA SELATAN,1903,Negeri,7,0,3,2,7,1,20
2021,PROV. KEPULAUAN BANGKA BELITUNG,19,KAB. BANGKA SELATAN,1903,Swasta,0,0,0,0,0,0,0
2021,PROV. KEPULAUAN BANGKA BELITUNG,19,KAB. BANGKA TENGAH,1904,Swasta,5,0,0,0,1,0,6
2021,PROV. KEPULAUAN BANGKA BELITUNG,19,KAB. BANGKA TENGAH,1904,Negeri,15,5,4,3,8,19,54
2021,PROV. KEPULAUAN BANGKA BELITUNG,19,KAB. BANGKA BARAT,1905,Negeri,28,5,4,8,7,9,61
2021,PROV. KEPULAUAN BANGKA BELITUNG,19,KAB. BANGKA BARAT,1905,Swasta,0,0,0,0,0,0,0
2021,PROV. KEPULAUAN BANGKA BELITUNG,19,KAB. BELITUNG TIMUR,1906,Swasta,0,0,0,0,0,0,0
2021,PROV. KEPULAUAN BANGKA BELITUNG,19,KAB. BELITUNG TIMUR,1906,Negeri,8,2,0,4,3,2,19
2021,PROV. KEPULAUAN BANGKA BELITUNG,19,KOTA PANGKAL PINANG,1971,Negeri,13,4,0,1,5,1,24
2021,PROV. KEPULAUAN BANGKA BELITUNG,19,KOTA PANGKAL PINANG,1971,Swasta,1,1,1,0,1,0,4
2021,PROV. KEPULAUAN RIAU,21,KAB. BINTAN,2101,Swasta,2,0,0,0,0,0,2
2021,PROV. KEPULAUAN RIAU,21,KAB. BINTAN,2101,Negeri,10,0,0,1,0,0,11
2021,PROV. KEPULAUAN RIAU,21,KAB. KARIMUN,2102,Negeri,3,2,0,0,1,1,7
2021,PROV. KEPULAUAN RIAU,21,KAB. KARIMUN,2102,Swasta,4,0,0,0,1,0,5
2021,PROV. KEPULAUAN RIAU,21,KAB. NATUNA,2103,Swasta,0,0,0,0,0,0,0
2021,PROV. KEPULAUAN RIAU,21,KAB. NATUNA,2103,Negeri,6,1,1,1,1,2,12
2021,PROV. KEPULAUAN RIAU,21,KAB. LINGGA,2104,Negeri,8,0,0,0,3,2,13
2021,PROV. KEPULAUAN RIAU,21,KAB. LINGGA,2104,Swasta,0,0,0,0,0,1,1
2021,PROV. KEPULAUAN RIAU,21,KAB. KEPULAUAN ANAMBAS,2105,Negeri,2,0,0,0,1,0,3
2021,PROV. KEPULAUAN RIAU,21,KAB. KEPULAUAN ANAMBAS,2105,Swasta,0,0,0,0,0,0,0
2021,PROV. KEPULAUAN RIAU,21,KOTA BATAM,2171,Swasta,22,4,2,2,3,1,34
2021,PROV. KEPULAUAN RIAU,21,KOTA BATAM,2171,Negeri,62,2,4,1,3,2,74
2021,PROV. KEPULAUAN RIAU,21,KOTA TANJUNG PINANG,2172,Negeri,11,0,0,0,2,0,13
2021,PROV. KEPULAUAN RIAU,21,KOTA TANJUNG PINANG,2172,Swasta,4,0,0,0,0,0,4
2021,PROV. D.K.I. JAKARTA,31,KAB. ADM. KEP. SERIBU,3101,Swasta,0,0,0,0,0,0,0
2021,PROV. D.K.I. JAKARTA,31,KAB. ADM. KEP. SERIBU,3101,Negeri,0,0,0,0,0,0,0
2021,PROV. D.K.I. JAKARTA,31,KOTA ADM. JAKARTA PUSAT,3171,Negeri,44,5,1,4,4,3,61
2021,PROV. D.K.I. JAKARTA,31,KOTA ADM. JAKARTA PUSAT,3171,Swasta,31,4,3,1,2,0,41
2021,PROV. D.K.I. JAKARTA,31,KOTA ADM. JAKARTA UTARA,3172,Negeri,281,4,5,4,6,1,301
2021,PROV. D.K.I. JAKARTA,31,KOTA ADM. JAKARTA UTARA,3172,Swasta,47,5,1,2,5,4,64
2021,PROV. D.K.I. JAKARTA,31,KOTA ADM. JAKARTA BARAT,3173,Swasta,98,5,0,1,2,9,115
2021,PROV. D.K.I. JAKARTA,31,KOTA ADM. JAKARTA BARAT,3173,Negeri,286,5,11,6,8,4,320
2021,PROV. D.K.I. JAKARTA,31,KOTA ADM. JAKARTA SELATAN,3174,Swasta,31,3,1,0,1,0,36
2021,PROV. D.K.I. JAKARTA,31,KOTA ADM. JAKARTA SELATAN,3174,Negeri,117,1,0,3,3,1,125
2021,PROV. D.K.I. JAKARTA,31,KOTA ADM. JAKARTA TIMUR,3175,Swasta,36,3,3,5,2,7,56
2021,PROV. D.K.I. JAKARTA,31,KOTA ADM. JAKARTA TIMUR,3175,Negeri,347,6,4,6,4,5,372
2021,PROV. JAWA BARAT,32,KAB. BOGOR,3201,Swasta,81,10,7,3,3,13,117
2021,PROV. JAWA BARAT,32,KAB. BOGOR,3201,Negeri,711,57,30,25,65,78,966
2021,PROV. JAWA BARAT,32,KAB. SUKABUMI,3202,Negeri,288,18,10,6,11,11,344
2021,PROV. JAWA BARAT,32,KAB. SUKABUMI,3202,Swasta,12,2,0,0,0,0,14
2021,PROV. JAWA BARAT,32,KAB. CIANJUR,3203,Negeri,350,23,16,5,14,9,417
2021,PROV. JAWA BARAT,32,KAB. CIANJUR,3203,Swasta,4,0,1,2,1,2,10
2021,PROV. JAWA BARAT,32,KAB. BANDUNG,3204,Negeri,265,31,9,14,6,11,336
2021,PROV. JAWA BARAT,32,KAB. BANDUNG,3204,Swasta,24,1,2,0,1,0,28
2021,PROV. JAWA BARAT,32,KAB. GARUT,3205,Swasta,33,0,1,0,0,0,34
2021,PROV. JAWA BARAT,32,KAB. GARUT,3205,Negeri,220,14,7,7,12,23,283
2021,PROV. JAWA BARAT,32,KAB. TASIKMALAYA,3206,Swasta,2,1,0,0,0,0,3
2021,PROV. JAWA BARAT,32,KAB. TASIKMALAYA,3206,Negeri,363,8,6,7,3,8,395
2021,PROV. JAWA BARAT,32,KAB. CIAMIS,3207,Negeri,50,2,3,3,0,1,59
2021,PROV. JAWA BARAT,32,KAB. CIAMIS,3207,Swasta,0,0,0,0,0,0,0
2021,PROV. JAWA BARAT,32,KAB. KUNINGAN,3208,Swasta,0,0,0,0,0,0,0
2021,PROV. JAWA BARAT,32,KAB. KUNINGAN,3208,Negeri,42,8,3,4,4,1,62
2021,PROV. JAWA BARAT,32,KAB. CIREBON,3209,Negeri,97,15,2,14,11,22,161
2021,PROV. JAWA BARAT,32,KAB. CIREBON,3209,Swasta,28,1,2,0,1,0,32
2021,PROV. JAWA BARAT,32,KAB. MAJALENGKA,3210,Negeri,93,4,1,6,7,6,117
2021,PROV. JAWA BARAT,32,KAB. MAJALENGKA,3210,Swasta,2,0,0,0,0,0,2
2021,PROV. JAWA BARAT,32,KAB. SUMEDANG,3211,Negeri,503,15,5,9,3,9,544
2021,PROV. JAWA BARAT,32,KAB. SUMEDANG,3211,Swasta,9,1,0,2,2,1,15
2021,PROV. JAWA BARAT,32,KAB. INDRAMAYU,3212,Swasta,21,3,0,1,0,0,25
2021,PROV. JAWA BARAT,32,KAB. INDRAMAYU,3212,Negeri,250,13,8,9,23,24,327
2021,PROV. JAWA BARAT,32,KAB. SUBANG,3213,Swasta,13,1,1,0,0,0,15
2021,PROV. JAWA BARAT,32,KAB. SUBANG,3213,Negeri,130,13,6,4,6,9,168
2021,PROV. JAWA BARAT,32,KAB. PURWAKARTA,3214,Negeri,39,0,2,1,1,1,44
2021,PROV. JAWA BARAT,32,KAB. PURWAKARTA,3214,Swasta,5,0,0,0,1,0,6
2021,PROV. JAWA BARAT,32,KAB. KARAWANG,3215,Negeri,299,28,18,10,5,18,378
2021,PROV. JAWA BARAT,32,KAB. KARAWANG,3215,Swasta,25,8,2,0,0,0,35
2021,PROV. JAWA BARAT,32,KAB. BEKASI,3216,Negeri,117,36,19,14,27,9,222
2021,PROV. JAWA BARAT,32,KAB. BEKASI,3216,Swasta,66,8,3,1,4,2,84
2021,PROV. JAWA BARAT,32,KAB. BANDUNG BARAT,3217,Swasta,0,1,2,0,2,1,6
2021,PROV. JAWA BARAT,32,KAB. BANDUNG BARAT,3217,Negeri,221,19,3,6,10,2,261
2021,PROV. JAWA BARAT,32,KAB. PANGANDARAN,3218,Negeri,4,0,0,0,0,0,4
2021,PROV. JAWA BARAT,32,KAB. PANGANDARAN,3218,Swasta,0,0,0,0,0,0,0
2021,PROV. JAWA BARAT,32,KOTA BOGOR,3271,Negeri,48,3,0,1,1,3,56
2021,PROV. JAWA BARAT,32,KOTA BOGOR,3271,Swasta,7,2,0,0,7,0,16
2021,PROV. JAWA BARAT,32,KOTA SUKABUMI,3272,Negeri,22,1,1,0,0,0,24
2021,PROV. JAWA BARAT,32,KOTA SUKABUMI,3272,Swasta,1,0,0,0,0,0,1
2021,PROV. JAWA BARAT,32,KOTA BANDUNG,3273,Negeri,44,0,0,1,0,0,45
2021,PROV. JAWA BARAT,32,KOTA BANDUNG,3273,Swasta,64,0,1,0,1,1,67
2021,PROV. JAWA BARAT,32,KOTA CIREBON,3274,Negeri,6,0,0,0,0,2,8
2021,PROV. JAWA BARAT,32,KOTA CIREBON,3274,Swasta,1,0,0,0,0,0,1
2021,PROV. JAWA BARAT,32,KOTA BEKASI,3275,Negeri,79,6,4,6,9,17,121
2021,PROV. JAWA BARAT,32,KOTA BEKASI,3275,Swasta,45,1,3,5,6,7,67
2021,PROV. JAWA BARAT,32,KOTA DEPOK,3276,Swasta,22,0,5,6,2,2,37
2021,PROV. JAWA BARAT,32,KOTA DEPOK,3276,Negeri,69,5,5,4,6,11,100
2021,PROV. JAWA BARAT,32,KOTA CIMAHI,3277,Swasta,1,0,0,1,0,0,2
2021,PROV. JAWA BARAT,32,KOTA CIMAHI,3277,Negeri,4,1,0,0,0,0,5
2021,PROV. JAWA BARAT,32,KOTA TASIKMALAYA,3278,Swasta,1,0,1,0,0,0,2
2021,PROV. JAWA BARAT,32,KOTA TASIKMALAYA,3278,Negeri,25,0,1,3,2,0,31
2021,PROV. JAWA BARAT,32,KOTA BANJAR,3279,Negeri,6,0,1,0,0,0,7
2021,PROV. JAWA BARAT,32,KOTA BANJAR,3279,Swasta,1,0,0,1,0,0,2
2021,PROV. JAWA TENGAH,33,KAB. CILACAP,3301,Negeri,39,1,3,3,0,2,48
2021,PROV. JAWA TENGAH,33,KAB. CILACAP,3301,Swasta,0,0,0,0,0,0,0
2021,PROV. JAWA TENGAH,33,KAB. BANYUMAS,3302,Swasta,4,0,0,1,0,0,5
2021,PROV. JAWA TENGAH,33,KAB. BANYUMAS,3302,Negeri,77,3,10,8,4,3,105
2021,PROV. JAWA TENGAH,33,KAB. PURBALINGGA,3303,Negeri,57,2,7,3,3,1,73
2021,PROV. JAWA TENGAH,33,KAB. PURBALINGGA,3303,Swasta,4,0,0,0,0,0,4
2021,PROV. JAWA TENGAH,33,KAB. BANJARNEGARA,3304,Swasta,0,0,0,0,0,0,0
2021,PROV. JAWA TENGAH,33,KAB. BANJARNEGARA,3304,Negeri,95,7,12,6,13,8,141
2021,PROV. JAWA TENGAH,33,KAB. KEBUMEN,3305,Swasta,1,0,0,0,0,0,1
2021,PROV. JAWA TENGAH,33,KAB. KEBUMEN,3305,Negeri,18,2,4,2,2,1,29
2021,PROV. JAWA TENGAH,33,KAB. PURWOREJO,3306,Swasta,0,0,0,0,1,0,1
2021,PROV. JAWA TENGAH,33,KAB. PURWOREJO,3306,Negeri,30,4,3,1,1,2,41
2021,PROV. JAWA TENGAH,33,KAB. WONOSOBO,3307,Swasta,5,1,0,1,0,0,7
2021,PROV. JAWA TENGAH,33,KAB. WONOSOBO,3307,Negeri,10,3,6,4,11,8,42
2021,PROV. JAWA TENGAH,33,KAB. MAGELANG,3308,Negeri,9,3,1,2,4,3,22
2021,PROV. JAWA TENGAH,33,KAB. MAGELANG,3308,Swasta,0,0,0,0,0,0,0
2021,PROV. JAWA TENGAH,33,KAB. BOYOLALI,3309,Negeri,43,0,0,1,3,2,49
2021,PROV. JAWA TENGAH,33,KAB. BOYOLALI,3309,Swasta,0,1,0,0,1,0,2
2021,PROV. JAWA TENGAH,33,KAB. KLATEN,3310,Swasta,1,0,0,0,0,0,1
2021,PROV. JAWA TENGAH,33,KAB. KLATEN,3310,Negeri,13,1,0,0,1,0,15
2021,PROV. JAWA TENGAH,33,KAB. SUKOHARJO,3311,Negeri,31,2,2,1,2,0,38
2021,PROV. JAWA TENGAH,33,KAB. SUKOHARJO,3311,Swasta,16,2,0,0,0,1,19
2021,PROV. JAWA TENGAH,33,KAB. WONOGIRI,3312,Swasta,1,0,1,0,0,0,2
2021,PROV. JAWA TENGAH,33,KAB. WONOGIRI,3312,Negeri,32,0,2,0,2,2,38
2021,PROV. JAWA TENGAH,33,KAB. KARANGANYAR,3313,Negeri,28,1,1,2,0,1,33
2021,PROV. JAWA TENGAH,33,KAB. KARANGANYAR,3313,Swasta,0,0,0,0,0,0,0
2021,PROV. JAWA TENGAH,33,KAB. SRAGEN,3314,Swasta,4,0,1,1,0,2,8
2021,PROV. JAWA TENGAH,33,KAB. SRAGEN,3314,Negeri,62,2,1,3,5,1,74
2021,PROV. JAWA TENGAH,33,KAB. GROBOGAN,3315,Negeri,83,9,6,2,2,11,113
2021,PROV. JAWA TENGAH,33,KAB. GROBOGAN,3315,Swasta,0,0,0,1,0,0,1
2021,PROV. JAWA TENGAH,33,KAB. BLORA,3316,Negeri,13,0,1,1,1,2,18
2021,PROV. JAWA TENGAH,33,KAB. BLORA,3316,Swasta,0,0,0,0,0,0,0
2021,PROV. JAWA TENGAH,33,KAB. REMBANG,3317,Swasta,0,0,0,0,0,0,0
2021,PROV. JAWA TENGAH,33,KAB. REMBANG,3317,Negeri,12,0,0,2,2,1,17
2021,PROV. JAWA TENGAH,33,KAB. PATI,3318,Swasta,6,0,0,0,0,0,6
2021,PROV. JAWA TENGAH,33,KAB. PATI,3318,Negeri,38,1,2,4,1,3,49
2021,PROV. JAWA TENGAH,33,KAB. KUDUS,3319,Swasta,10,1,1,0,0,0,12
2021,PROV. JAWA TENGAH,33,KAB. KUDUS,3319,Negeri,40,2,1,2,3,0,48
2021,PROV. JAWA TENGAH,33,KAB. JEPARA,3320,Negeri,9,2,1,0,4,2,18
2021,PROV. JAWA TENGAH,33,KAB. JEPARA,3320,Swasta,1,0,0,0,1,0,2
2021,PROV. JAWA TENGAH,33,KAB. DEMAK,3321,Negeri,53,2,2,2,4,0,63
2021,PROV. JAWA TENGAH,33,KAB. DEMAK,3321,Swasta,5,0,0,1,1,1,8
2021,PROV. JAWA TENGAH,33,KAB. SEMARANG,3322,Negeri,14,2,2,3,0,1,22
2021,PROV. JAWA TENGAH,33,KAB. SEMARANG,3322,Swasta,3,0,0,1,0,0,4
2021,PROV. JAWA TENGAH,33,KAB. TEMANGGUNG,3323,Swasta,0,0,0,0,0,0,0
2021,PROV. JAWA TENGAH,33,KAB. TEMANGGUNG,3323,Negeri,5,2,2,1,1,1,12
2021,PROV. JAWA TENGAH,33,KAB. KENDAL,3324,Swasta,1,1,0,0,0,0,2
2021,PROV. JAWA TENGAH,33,KAB. KENDAL,3324,Negeri,22,0,0,0,1,0,23
2021,PROV. JAWA TENGAH,33,KAB. BATANG,3325,Negeri,80,2,5,1,9,2,99
2021,PROV. JAWA TENGAH,33,KAB. BATANG,3325,Swasta,2,0,0,0,0,0,2
2021,PROV. JAWA TENGAH,33,KAB. PEKALONGAN,3326,Negeri,58,4,3,1,3,2,71
2021,PROV. JAWA TENGAH,33,KAB. PEKALONGAN,3326,Swasta,2,0,0,0,0,0,2
2021,PROV. JAWA TENGAH,33,KAB. PEMALANG,3327,Negeri,240,6,10,2,10,3,271
2021,PROV. JAWA TENGAH,33,KAB. PEMALANG,3327,Swasta,8,0,0,0,0,0,8
2021,PROV. JAWA TENGAH,33,KAB. TEGAL,3328,Negeri,132,11,3,6,17,11,180
2021,PROV. JAWA TENGAH,33,KAB. TEGAL,3328,Swasta,4,0,0,0,0,0,4
2021,PROV. JAWA TENGAH,33,KAB. BREBES,3329,Negeri,113,7,3,5,19,10,157
2021,PROV. JAWA TENGAH,33,KAB. BREBES,3329,Swasta,2,1,0,1,1,0,5
2021,PROV. JAWA TENGAH,33,KOTA MAGELANG,3371,Negeri,1,0,0,0,0,0,1
2021,PROV. JAWA TENGAH,33,KOTA MAGELANG,3371,Swasta,8,0,0,0,0,0,8
2021,PROV. JAWA TENGAH,33,KOTA SURAKARTA,3372,Swasta,25,1,1,0,0,0,27
2021,PROV. JAWA TENGAH,33,KOTA SURAKARTA,3372,Negeri,27,0,1,2,0,0,30
2021,PROV. JAWA TENGAH,33,KOTA SALATIGA,3373,Swasta,0,0,0,0,0,0,0
2021,PROV. JAWA TENGAH,33,KOTA SALATIGA,3373,Negeri,8,0,0,0,0,0,8
2021,PROV. JAWA TENGAH,33,KOTA SEMARANG,3374,Negeri,20,2,2,2,1,1,28
2021,PROV. JAWA TENGAH,33,KOTA SEMARANG,3374,Swasta,19,2,5,0,7,0,33
2021,PROV. JAWA TENGAH,33,KOTA PEKALONGAN,3375,Negeri,5,3,0,4,3,0,15
2021,PROV. JAWA TENGAH,33,KOTA PEKALONGAN,3375,Swasta,1,1,0,0,1,0,3
2021,PROV. JAWA TENGAH,33,KOTA TEGAL,3376,Negeri,17,2,0,2,1,0,22
2021,PROV. JAWA TENGAH,33,KOTA TEGAL,3376,Swasta,3,1,1,0,1,0,6
2021,PROV. D.I. YOGYAKARTA,34,KAB. KULON PROGO,3401,Negeri,3,1,0,0,0,0,4
2021,PROV. D.I. YOGYAKARTA,34,KAB. KULON PROGO,3401,Swasta,0,0,0,0,0,0,0
2021,PROV. D.I. YOGYAKARTA,34,KAB. BANTUL,3402,Swasta,8,0,1,0,0,0,9
2021,PROV. D.I. YOGYAKARTA,34,KAB. BANTUL,3402,Negeri,15,1,2,1,0,0,19
2021,PROV. D.I. YOGYAKARTA,34,KAB. GUNUNGKIDUL,3403,Negeri,6,0,1,1,1,0,9
2021,PROV. D.I. YOGYAKARTA,34,KAB. GUNUNGKIDUL,3403,Swasta,2,0,1,0,2,0,5
2021,PROV. D.I. YOGYAKARTA,34,KAB. SLEMAN,3404,Swasta,4,0,0,0,0,0,4
2021,PROV. D.I. YOGYAKARTA,34,KAB. SLEMAN,3404,Negeri,16,2,0,1,1,1,21
2021,PROV. D.I. YOGYAKARTA,34,KOTA YOGYAKARTA,3471,Swasta,9,1,9,0,0,0,19
2021,PROV. D.I. YOGYAKARTA,34,KOTA YOGYAKARTA,3471,Negeri,6,0,0,0,1,0,7
2021,PROV. JAWA TIMUR,35,KAB. PACITAN,3501,Swasta,3,0,1,0,0,0,4
2021,PROV. JAWA TIMUR,35,KAB. PACITAN,3501,Negeri,17,0,1,1,0,1,20
2021,PROV. JAWA TIMUR,35,KAB. PONOROGO,3502,Negeri,8,0,0,1,0,0,9
2021,PROV. JAWA TIMUR,35,KAB. PONOROGO,3502,Swasta,0,0,0,0,0,0,0
2021,PROV. JAWA TIMUR,35,KAB. TRENGGALEK,3503,Swasta,0,0,0,0,0,0,0
2021,PROV. JAWA TIMUR,35,KAB. TRENGGALEK,3503,Negeri,26,0,3,0,0,0,29
2021,PROV. JAWA TIMUR,35,KAB. TULUNGAGUNG,3504,Negeri,14,0,2,1,2,0,19
2021,PROV. JAWA TIMUR,35,KAB. TULUNGAGUNG,3504,Swasta,2,1,0,0,0,2,5
2021,PROV. JAWA TIMUR,35,KAB. BLITAR,3505,Negeri,14,1,1,1,0,1,18
2021,PROV. JAWA TIMUR,35,KAB. BLITAR,3505,Swasta,0,0,0,0,0,0,0
2021,PROV. JAWA TIMUR,35,KAB. KEDIRI,3506,Swasta,7,2,0,0,0,1,10
2021,PROV. JAWA TIMUR,35,KAB. KEDIRI,3506,Negeri,22,2,0,0,2,4,30
2021,PROV. JAWA TIMUR,35,KAB. MALANG,3507,Negeri,100,7,3,4,6,9,129
2021,PROV. JAWA TIMUR,35,KAB. MALANG,3507,Swasta,16,3,3,2,0,0,24
2021,PROV. JAWA TIMUR,35,KAB. LUMAJANG,3508,Swasta,1,2,0,1,1,0,5
2021,PROV. JAWA TIMUR,35,KAB. LUMAJANG,3508,Negeri,93,8,7,3,7,7,125
2021,PROV. JAWA TIMUR,35,KAB. JEMBER,3509,Swasta,10,1,0,0,1,2,14
2021,PROV. JAWA TIMUR,35,KAB. JEMBER,3509,Negeri,126,9,5,4,9,23,176
2021,PROV. JAWA TIMUR,35,KAB. BANYUWANGI,3510,Negeri,32,7,0,1,3,2,45
2021,PROV. JAWA TIMUR,35,KAB. BANYUWANGI,3510,Swasta,5,0,3,0,0,1,9
2021,PROV. JAWA TIMUR,35,KAB. BONDOWOSO,3511,Negeri,106,5,3,0,8,12,134
2021,PROV. JAWA TIMUR,35,KAB. BONDOWOSO,3511,Swasta,6,1,0,0,0,2,9
2021,PROV. JAWA TIMUR,35,KAB. SITUBONDO,3512,Negeri,34,3,2,3,3,5,50
2021,PROV. JAWA TIMUR,35,KAB. SITUBONDO,3512,Swasta,2,0,3,0,2,0,7
2021,PROV. JAWA TIMUR,35,KAB. PROBOLINGGO,3513,Negeri,53,4,6,4,24,4,95
2021,PROV. JAWA TIMUR,35,KAB. PROBOLINGGO,3513,Swasta,5,0,1,3,7,0,16
2021,PROV. JAWA TIMUR,35,KAB. PASURUAN,3514,Negeri,42,2,4,3,11,13,75
2021,PROV. JAWA TIMUR,35,KAB. PASURUAN,3514,Swasta,15,1,0,2,0,0,18
2021,PROV. JAWA TIMUR,35,KAB. SIDOARJO,3515,Negeri,20,4,3,4,1,0,32
2021,PROV. JAWA TIMUR,35,KAB. SIDOARJO,3515,Swasta,14,5,1,0,0,0,20
2021,PROV. JAWA TIMUR,35,KAB. MOJOKERTO,3516,Swasta,0,0,0,1,0,0,1
2021,PROV. JAWA TIMUR,35,KAB. MOJOKERTO,3516,Negeri,9,5,0,0,2,0,16
2021,PROV. JAWA TIMUR,35,KAB. JOMBANG,3517,Negeri,34,1,2,3,0,1,41
2021,PROV. JAWA TIMUR,35,KAB. JOMBANG,3517,Swasta,17,0,1,1,0,0,19
2021,PROV. JAWA TIMUR,35,KAB. NGANJUK,3518,Swasta,3,0,0,0,0,0,3
2021,PROV. JAWA TIMUR,35,KAB. NGANJUK,3518,Negeri,9,0,1,0,1,2,13
2021,PROV. JAWA TIMUR,35,KAB. MADIUN,3519,Swasta,0,0,0,0,0,0,0
2021,PROV. JAWA TIMUR,35,KAB. MADIUN,3519,Negeri,5,1,0,1,0,0,7
2021,PROV. JAWA TIMUR,35,KAB. MAGETAN,3520,Negeri,7,0,1,0,2,0,10
2021,PROV. JAWA TIMUR,35,KAB. MAGETAN,3520,Swasta,4,1,0,0,1,0,6
2021,PROV. JAWA TIMUR,35,KAB. NGAWI,3521,Swasta,3,0,0,2,1,0,6
2021,PROV. JAWA TIMUR,35,KAB. NGAWI,3521,Negeri,27,2,1,0,7,1,38
2021,PROV. JAWA TIMUR,35,KAB. BOJONEGORO,3522,Swasta,1,0,0,0,0,0,1
2021,PROV. JAWA TIMUR,35,KAB. BOJONEGORO,3522,Negeri,17,0,0,0,0,1,18
2021,PROV. JAWA TIMUR,35,KAB. TUBAN,3523,Negeri,14,5,4,0,2,2,27
2021,PROV. JAWA TIMUR,35,KAB. TUBAN,3523,Swasta,4,0,0,0,0,0,4
2021,PROV. JAWA TIMUR,35,KAB. LAMONGAN,3524,Negeri,28,3,2,2,0,1,36
2021,PROV. JAWA TIMUR,35,KAB. LAMONGAN,3524,Swasta,3,0,1,0,1,0,5
2021,PROV. JAWA TIMUR,35,KAB. GRESIK,3525,Swasta,12,0,1,2,3,1,19
2021,PROV. JAWA TIMUR,35,KAB. GRESIK,3525,Negeri,22,1,0,2,0,2,27
2021,PROV. JAWA TIMUR,35,KAB. BANGKALAN,3526,Negeri,113,14,8,21,44,33,233
2021,PROV. JAWA TIMUR,35,KAB. BANGKALAN,3526,Swasta,36,23,6,7,11,2,85
2021,PROV. JAWA TIMUR,35,KAB. SAMPANG,3527,Swasta,8,4,2,3,2,3,22
2021,PROV. JAWA TIMUR,35,KAB. SAMPANG,3527,Negeri,111,10,2,9,28,31,191
2021,PROV. JAWA TIMUR,35,KAB. PAMEKASAN,3528,Swasta,28,21,1,0,0,0,50
2021,PROV. JAWA TIMUR,35,KAB. PAMEKASAN,3528,Negeri,54,9,12,13,13,25,126
2021,PROV. JAWA TIMUR,35,KAB. SUMENEP,3529,Negeri,21,8,0,1,12,8,50
2021,PROV. JAWA TIMUR,35,KAB. SUMENEP,3529,Swasta,0,2,1,1,0,0,4
2021,PROV. JAWA TIMUR,35,KOTA KEDIRI,3571,Negeri,1,0,0,0,0,0,1
2021,PROV. JAWA TIMUR,35,KOTA KEDIRI,3571,Swasta,0,0,1,0,0,0,1
2021,PROV. JAWA TIMUR,35,KOTA BLITAR,3572,Swasta,0,0,0,0,0,0,0
2021,PROV. JAWA TIMUR,35,KOTA BLITAR,3572,Negeri,0,0,0,0,0,0,0
2021,PROV. JAWA TIMUR,35,KOTA MALANG,3573,Negeri,3,3,1,0,0,3,10
2021,PROV. JAWA TIMUR,35,KOTA MALANG,3573,Swasta,2,0,0,0,0,0,2
2021,PROV. JAWA TIMUR,35,KOTA PROBOLINGGO,3574,Swasta,1,0,0,0,0,0,1
2021,PROV. JAWA TIMUR,35,KOTA PROBOLINGGO,3574,Negeri,6,1,1,2,1,1,12
2021,PROV. JAWA TIMUR,35,KOTA PASURUAN,3575,Swasta,1,0,0,0,2,0,3
2021,PROV. JAWA TIMUR,35,KOTA PASURUAN,3575,Negeri,2,1,0,0,0,0,3
2021,PROV. JAWA TIMUR,35,KOTA MOJOKERTO,3576,Swasta,0,0,0,0,0,0,0
2021,PROV. JAWA TIMUR,35,KOTA MOJOKERTO,3576,Negeri,2,0,0,0,0,0,2
2021,PROV. JAWA TIMUR,35,KOTA MADIUN,3577,Swasta,1,0,0,0,0,0,1
2021,PROV. JAWA TIMUR,35,KOTA MADIUN,3577,Negeri,10,0,2,0,0,0,12
2021,PROV. JAWA TIMUR,35,KOTA SURABAYA,3578,Swasta,38,19,8,11,12,32,120
2021,PROV. JAWA TIMUR,35,KOTA SURABAYA,3578,Negeri,86,1,9,5,3,3,107
2021,PROV. JAWA TIMUR,35,KOTA BATU,3579,Swasta,3,0,0,0,0,0,3
2021,PROV. JAWA TIMUR,35,KOTA BATU,3579,Negeri,4,0,1,0,0,0,5
2021,PROV. BANTEN,36,KAB. PANDEGLANG,3601,Negeri,122,12,16,4,19,13,186
2021,PROV. BANTEN,36,KAB. PANDEGLANG,3601,Swasta,8,1,0,0,1,0,10
2021,PROV. BANTEN,36,KAB. LEBAK,3602,Negeri,66,18,6,5,8,16,119
2021,PROV. BANTEN,36,KAB. LEBAK,3602,Swasta,8,0,0,0,0,0,8
2021,PROV. BANTEN,36,KAB. TANGERANG,3603,Swasta,69,12,11,9,7,3,111
2021,PROV. BANTEN,36,KAB. TANGERANG,3603,Negeri,270,30,29,24,19,23,395
2021,PROV. BANTEN,36,KAB. SERANG,3604,Swasta,0,0,0,0,0,0,0
2021,PROV. BANTEN,36,KAB. SERANG,3604,Negeri,64,9,4,4,13,11,105
2021,PROV. BANTEN,36,KOTA TANGERANG,3671,Negeri,59,2,1,3,2,7,74
2021,PROV. BANTEN,36,KOTA TANGERANG,3671,Swasta,8,0,0,0,0,0,8
2021,PROV. BANTEN,36,KOTA CILEGON,3672,Swasta,0,0,1,0,0,0,1
2021,PROV. BANTEN,36,KOTA CILEGON,3672,Negeri,3,0,0,0,0,0,3
2021,PROV. BANTEN,36,KOTA SERANG,3673,Swasta,6,1,0,1,1,0,9
2021,PROV. BANTEN,36,KOTA SERANG,3673,Negeri,59,3,8,0,2,7,79
2021,PROV. BANTEN,36,KOTA TANGERANG SELATAN,3674,Swasta,35,3,1,1,2,1,43
2021,PROV. BANTEN,36,KOTA TANGERANG SELATAN,3674,Negeri,38,4,2,6,0,4,54
2021,PROV. BALI,51,KAB. JEMBRANA,5101,Negeri,6,1,1,1,1,1,11
2021,PROV. BALI,51,KAB. JEMBRANA,5101,Swasta,0,0,0,0,0,0,0
2021,PROV. BALI,51,KAB. TABANAN,5102,Swasta,0,0,0,0,0,0,0
2021,PROV. BALI,51,KAB. TABANAN,5102,Negeri,0,1,0,0,0,0,1
2021,PROV. BALI,51,KAB. BADUNG,5103,Negeri,5,2,1,3,0,0,11
2021,PROV. BALI,51,KAB. BADUNG,5103,Swasta,0,0,3,0,0,1,4
2021,PROV. BALI,51,KAB. GIANYAR,5104,Swasta,0,0,0,1,0,0,1
2021,PROV. BALI,51,KAB. GIANYAR,5104,Negeri,3,0,0,0,0,0,3
2021,PROV. BALI,51,KAB. KLUNGKUNG,5105,Negeri,0,0,0,1,0,0,1
2021,PROV. BALI,51,KAB. KLUNGKUNG,5105,Swasta,0,0,0,0,0,0,0
2021,PROV. BALI,51,KAB. BANGLI,5106,Negeri,3,1,0,0,1,2,7
2021,PROV. BALI,51,KAB. BANGLI,5106,Swasta,0,0,0,0,0,0,0
2021,PROV. BALI,51,KAB. KARANGASEM,5107,Swasta,0,0,0,0,0,0,0
2021,PROV. BALI,51,KAB. KARANGASEM,5107,Negeri,5,0,2,2,0,1,10
2021,PROV. BALI,51,KAB. BULELENG,5108,Swasta,0,0,0,0,0,0,0
2021,PROV. BALI,51,KAB. BULELENG,5108,Negeri,31,0,0,0,1,1,33
2021,PROV. BALI,51,KOTA DENPASAR,5171,Swasta,3,0,1,0,0,0,4
2021,PROV. BALI,51,KOTA DENPASAR,5171,Negeri,3,2,0,1,0,0,6
2021,PROV. NUSA TENGGARA BARAT,52,KAB. LOMBOK BARAT,5201,Negeri,69,4,1,0,9,5,88
2021,PROV. NUSA TENGGARA BARAT,52,KAB. LOMBOK BARAT,5201,Swasta,4,0,0,0,0,0,4
2021,PROV. NUSA TENGGARA BARAT,52,KAB. LOMBOK TENGAH,5202,Negeri,95,13,11,5,20,11,155
2021,PROV. NUSA TENGGARA BARAT,52,KAB. LOMBOK TENGAH,5202,Swasta,10,0,0,0,1,0,11
2021,PROV. NUSA TENGGARA BARAT,52,KAB. LOMBOK TIMUR,5203,Negeri,173,29,14,9,20,11,256
2021,PROV. NUSA TENGGARA BARAT,52,KAB. LOMBOK TIMUR,5203,Swasta,34,8,3,0,9,6,60
2021,PROV. NUSA TENGGARA BARAT,52,KAB. SUMBAWA,5204,Swasta,20,2,1,0,0,1,24
2021,PROV. NUSA TENGGARA BARAT,52,KAB. SUMBAWA,5204,Negeri,39,11,2,3,7,5,67
2021,PROV. NUSA TENGGARA BARAT,52,KAB. DOMPU,5205,Negeri,35,17,20,43,44,87,246
2021,PROV. NUSA TENGGARA BARAT,52,KAB. DOMPU,5205,Swasta,2,1,0,0,1,0,4
2021,PROV. NUSA TENGGARA BARAT,52,KAB. BIMA,5206,Swasta,5,0,1,0,0,0,6
2021,PROV. NUSA TENGGARA BARAT,52,KAB. BIMA,5206,Negeri,117,16,14,11,32,36,226
2021,PROV. NUSA TENGGARA BARAT,52,KAB. SUMBAWA BARAT,5207,Swasta,0,0,1,2,0,0,3
2021,PROV. NUSA TENGGARA BARAT,52,KAB. SUMBAWA BARAT,5207,Negeri,7,0,1,1,3,0,12
2021,PROV. NUSA TENGGARA BARAT,52,KAB. LOMBOK UTARA,5208,Negeri,48,4,3,1,3,2,61
2021,PROV. NUSA TENGGARA BARAT,52,KAB. LOMBOK UTARA,5208,Swasta,3,6,2,0,0,0,11
2021,PROV. NUSA TENGGARA BARAT,52,KOTA MATARAM,5271,Negeri,19,1,0,1,2,3,26
2021,PROV. NUSA TENGGARA BARAT,52,KOTA MATARAM,5271,Swasta,4,0,2,2,0,0,8
2021,PROV. NUSA TENGGARA BARAT,52,KOTA BIMA,5272,Negeri,20,3,5,3,9,8,48
2021,PROV. NUSA TENGGARA BARAT,52,KOTA BIMA,5272,Swasta,6,0,0,0,3,0,9
2021,PROV. NUSA TENGGARA TIMUR,53,KAB. KUPANG,5301,Swasta,9,1,1,0,2,0,13
2021,PROV. NUSA TENGGARA TIMUR,53,KAB. KUPANG,5301,Negeri,14,1,4,3,4,3,29
2021,PROV. NUSA TENGGARA TIMUR,53,KAB. TIMOR TENGAH SELATAN,5302,Negeri,10,7,18,8,11,13,67
2021,PROV. NUSA TENGGARA TIMUR,53,KAB. TIMOR TENGAH SELATAN,5302,Swasta,6,5,1,1,4,2,19
2021,PROV. NUSA TENGGARA TIMUR,53,KAB. TIMOR TENGAH UTARA,5303,Negeri,20,8,0,1,4,2,35
2021,PROV. NUSA TENGGARA TIMUR,53,KAB. TIMOR TENGAH UTARA,5303,Swasta,31,1,3,3,3,1,42
2021,PROV. NUSA TENGGARA TIMUR,53,KAB. BELU,5304,Negeri,10,21,3,0,8,6,48
2021,PROV. NUSA TENGGARA TIMUR,53,KAB. BELU,5304,Swasta,3,1,1,1,6,1,13
2021,PROV. NUSA TENGGARA TIMUR,53,KAB. ALOR,5305,Negeri,20,10,3,7,16,5,61
2021,PROV. NUSA TENGGARA TIMUR,53,KAB. ALOR,5305,Swasta,8,12,2,0,3,2,27
2021,PROV. NUSA TENGGARA TIMUR,53,KAB. FLORES TIMUR,5306,Swasta,46,0,1,2,19,3,71
2021,PROV. NUSA TENGGARA TIMUR,53,KAB. FLORES TIMUR,5306,Negeri,42,18,11,9,9,11,100
2021,PROV. NUSA TENGGARA TIMUR,53,KAB. SIKKA,5307,Negeri,22,17,11,12,15,12,89
2021,PROV. NUSA TENGGARA TIMUR,53,KAB. SIKKA,5307,Swasta,22,10,7,5,10,14,68
2021,PROV. NUSA TENGGARA TIMUR,53,KAB. ENDE,5308,Negeri,16,2,0,2,9,7,36
2021,PROV. NUSA TENGGARA TIMUR,53,KAB. ENDE,5308,Swasta,7,1,2,1,8,0,19
2021,PROV. NUSA TENGGARA TIMUR,53,KAB. NGADA,5309,Negeri,18,15,1,2,3,2,41
2021,PROV. NUSA TENGGARA TIMUR,53,KAB. NGADA,5309,Swasta,12,2,0,3,0,5,22
2021,PROV. NUSA TENGGARA TIMUR,53,KAB. MANGGARAI,5310,Swasta,3,3,0,0,2,1,9
2021,PROV. NUSA TENGGARA TIMUR,53,KAB. MANGGARAI,5310,Negeri,10,4,3,2,4,14,37
2021,PROV. NUSA TENGGARA TIMUR,53,KAB. SUMBA TIMUR,5311,Negeri,15,7,5,3,11,23,64
2021,PROV. NUSA TENGGARA TIMUR,53,KAB. SUMBA TIMUR,5311,Swasta,6,3,2,2,3,7,23
2021,PROV. NUSA TENGGARA TIMUR,53,KAB. SUMBA BARAT,5312,Negeri,9,3,0,1,1,1,15
2021,PROV. NUSA TENGGARA TIMUR,53,KAB. SUMBA BARAT,5312,Swasta,2,3,0,0,2,1,8
2021,PROV. NUSA TENGGARA TIMUR,53,KAB. LEMBATA,5313,Swasta,13,0,0,1,4,3,21
2021,PROV. NUSA TENGGARA TIMUR,53,KAB. LEMBATA,5313,Negeri,6,11,7,1,2,0,27
2021,PROV. NUSA TENGGARA TIMUR,53,KAB. ROTE NDAO,5314,Swasta,9,0,0,0,0,0,9
2021,PROV. NUSA TENGGARA TIMUR,53,KAB. ROTE NDAO,5314,Negeri,35,0,1,6,3,2,47
2021,PROV. NUSA TENGGARA TIMUR,53,KAB. MANGGARAI BARAT,5315,Swasta,2,1,3,1,2,9,18
2021,PROV. NUSA TENGGARA TIMUR,53,KAB. MANGGARAI BARAT,5315,Negeri,4,7,1,6,5,3,26
2021,PROV. NUSA TENGGARA TIMUR,53,KAB. NAGEKEO,5316,Negeri,12,1,0,0,5,1,19
2021,PROV. NUSA TENGGARA TIMUR,53,KAB. NAGEKEO,5316,Swasta,4,3,0,0,0,1,8
2021,PROV. NUSA TENGGARA TIMUR,53,KAB. SUMBA TENGAH,5317,Swasta,3,0,0,0,0,2,5
2021,PROV. NUSA TENGGARA TIMUR,53,KAB. SUMBA TENGAH,5317,Negeri,3,0,2,1,0,2,8
2021,PROV. NUSA TENGGARA TIMUR,53,KAB. SUMBA BARAT DAYA,5318,Swasta,27,9,12,9,64,36,157
2021,PROV. NUSA TENGGARA TIMUR,53,KAB. SUMBA BARAT DAYA,5318,Negeri,91,7,8,39,126,87,358
2021,PROV. NUSA TENGGARA TIMUR,53,KAB. MANGGARAI TIMUR,5319,Swasta,18,1,0,1,1,1,22
2021,PROV. NUSA TENGGARA TIMUR,53,KAB. MANGGARAI TIMUR,5319,Negeri,22,6,5,2,3,7,45
2021,PROV. NUSA TENGGARA TIMUR,53,KAB. SABU RAIJUA,5320,Swasta,0,0,0,0,0,0,0
2021,PROV. NUSA TENGGARA TIMUR,53,KAB. SABU RAIJUA,5320,Negeri,16,0,0,0,0,1,17
2021,PROV. NUSA TENGGARA TIMUR,53,KAB. MALAKA,5321,Swasta,17,1,0,2,3,7,30
2021,PROV. NUSA TENGGARA TIMUR,53,KAB. MALAKA,5321,Negeri,9,2,7,2,4,9,33
2021,PROV. NUSA TENGGARA TIMUR,53,KOTA KUPANG,5371,Negeri,19,4,3,2,4,3,35
2021,PROV. NUSA TENGGARA TIMUR,53,KOTA KUPANG,5371,Swasta,16,3,0,1,2,2,24
2021,PROV. KALIMANTAN BARAT,61,KAB. SAMBAS,6101,Negeri,22,7,3,5,10,11,58
2021,PROV. KALIMANTAN BARAT,61,KAB. SAMBAS,6101,Swasta,1,1,0,0,0,0,2
2021,PROV. KALIMANTAN BARAT,61,KAB. MEMPAWAH,6102,Negeri,36,4,0,0,1,4,45
2021,PROV. KALIMANTAN BARAT,61,KAB. MEMPAWAH,6102,Swasta,27,9,1,2,4,5,48
2021,PROV. KALIMANTAN BARAT,61,KAB. SANGGAU,6103,Negeri,36,1,9,8,18,12,84
2021,PROV. KALIMANTAN BARAT,61,KAB. SANGGAU,6103,Swasta,0,0,0,0,0,0,0
2021,PROV. KALIMANTAN BARAT,61,KAB. KETAPANG,6104,Negeri,28,12,17,15,29,36,137
2021,PROV. KALIMANTAN BARAT,61,KAB. KETAPANG,6104,Swasta,4,5,4,2,3,0,18
2021,PROV. KALIMANTAN BARAT,61,KAB. SINTANG,6105,Swasta,1,0,0,0,0,0,1
2021,PROV. KALIMANTAN BARAT,61,KAB. SINTANG,6105,Negeri,18,6,5,4,22,11,66
2021,PROV. KALIMANTAN BARAT,61,KAB. KAPUAS HULU,6106,Negeri,15,9,2,4,6,8,44
2021,PROV. KALIMANTAN BARAT,61,KAB. KAPUAS HULU,6106,Swasta,1,0,1,0,0,0,2
2021,PROV. KALIMANTAN BARAT,61,KAB. BENGKAYANG,6107,Swasta,0,1,1,2,1,0,5
2021,PROV. KALIMANTAN BARAT,61,KAB. BENGKAYANG,6107,Negeri,12,2,2,2,21,10,49
2021,PROV. KALIMANTAN BARAT,61,KAB. LANDAK,6108,Negeri,21,2,1,2,5,10,41
2021,PROV. KALIMANTAN BARAT,61,KAB. LANDAK,6108,Swasta,1,0,0,0,0,0,1
2021,PROV. KALIMANTAN BARAT,61,KAB. SEKADAU,6109,Swasta,0,0,0,0,1,1,2
2021,PROV. KALIMANTAN BARAT,61,KAB. SEKADAU,6109,Negeri,10,7,0,2,7,0,26
2021,PROV. KALIMANTAN BARAT,61,KAB. MELAWI,6110,Negeri,17,8,4,13,20,15,77
2021,PROV. KALIMANTAN BARAT,61,KAB. MELAWI,6110,Swasta,5,0,0,0,0,0,5
2021,PROV. KALIMANTAN BARAT,61,KAB. KAYONG UTARA,6111,Swasta,0,0,0,0,0,0,0
2021,PROV. KALIMANTAN BARAT,61,KAB. KAYONG UTARA,6111,Negeri,7,8,0,1,4,4,24
2021,PROV. KALIMANTAN BARAT,61,KAB. KUBU RAYA,6112,Swasta,12,2,2,8,18,6,48
2021,PROV. KALIMANTAN BARAT,61,KAB. KUBU RAYA,6112,Negeri,17,10,10,22,17,12,88
2021,PROV. KALIMANTAN BARAT,61,KOTA PONTIANAK,6171,Negeri,34,1,0,1,2,3,41
2021,PROV. KALIMANTAN BARAT,61,KOTA PONTIANAK,6171,Swasta,4,1,0,1,1,0,7
2021,PROV. KALIMANTAN BARAT,61,KOTA SINGKAWANG,6172,Negeri,3,1,3,0,2,6,15
2021,PROV. KALIMANTAN BARAT,61,KOTA SINGKAWANG,6172,Swasta,5,0,0,0,0,0,5
2021,PROV. KALIMANTAN TENGAH,62,KAB. KOTAWARINGIN BARAT,6201,Swasta,7,3,2,1,1,1,15
2021,PROV. KALIMANTAN TENGAH,62,KAB. KOTAWARINGIN BARAT,6201,Negeri,20,0,1,1,3,6,31
2021,PROV. KALIMANTAN TENGAH,62,KAB. KOTAWARINGIN TIMUR,6202,Negeri,13,3,5,6,10,8,45
2021,PROV. KALIMANTAN TENGAH,62,KAB. KOTAWARINGIN TIMUR,6202,Swasta,11,0,1,1,2,1,16
2021,PROV. KALIMANTAN TENGAH,62,KAB. KAPUAS,6203,Negeri,26,21,1,4,12,8,72
2021,PROV. KALIMANTAN TENGAH,62,KAB. KAPUAS,6203,Swasta,1,0,0,0,1,0,2
2021,PROV. KALIMANTAN TENGAH,62,KAB. BARITO SELATAN,6204,Negeri,5,1,1,3,3,1,14
2021,PROV. KALIMANTAN TENGAH,62,KAB. BARITO SELATAN,6204,Swasta,0,0,0,0,0,0,0
2021,PROV. KALIMANTAN TENGAH,62,KAB. BARITO UTARA,6205,Swasta,0,0,1,0,0,0,1
2021,PROV. KALIMANTAN TENGAH,62,KAB. BARITO UTARA,6205,Negeri,12,1,4,2,7,0,26
2021,PROV. KALIMANTAN TENGAH,62,KAB. KATINGAN,6206,Negeri,22,1,1,0,4,0,28
2021,PROV. KALIMANTAN TENGAH,62,KAB. KATINGAN,6206,Swasta,0,0,0,0,1,0,1
2021,PROV. KALIMANTAN TENGAH,62,KAB. SERUYAN,6207,Negeri,5,1,0,0,1,1,8
2021,PROV. KALIMANTAN TENGAH,62,KAB. SERUYAN,6207,Swasta,8,1,0,0,0,2,11
2021,PROV. KALIMANTAN TENGAH,62,KAB. SUKAMARA,6208,Swasta,0,0,0,0,0,0,0
2021,PROV. KALIMANTAN TENGAH,62,KAB. SUKAMARA,6208,Negeri,4,0,1,1,1,1,8
2021,PROV. KALIMANTAN TENGAH,62,KAB. LAMANDAU,6209,Swasta,0,0,0,0,0,0,0
2021,PROV. KALIMANTAN TENGAH,62,KAB. LAMANDAU,6209,Negeri,6,1,0,0,1,1,9
2021,PROV. KALIMANTAN TENGAH,62,KAB. GUNUNG MAS,6210,Negeri,4,2,1,0,1,3,11
2021,PROV. KALIMANTAN TENGAH,62,KAB. GUNUNG MAS,6210,Swasta,4,0,2,1,0,1,8
2021,PROV. KALIMANTAN TENGAH,62,KAB. PULANG PISAU,6211,Negeri,17,6,1,1,1,0,26
2021,PROV. KALIMANTAN TENGAH,62,KAB. PULANG PISAU,6211,Swasta,1,2,4,1,3,0,11
2021,PROV. KALIMANTAN TENGAH,62,KAB. MURUNG RAYA,6212,Swasta,1,0,0,0,0,0,1
2021,PROV. KALIMANTAN TENGAH,62,KAB. MURUNG RAYA,6212,Negeri,14,2,5,0,2,3,26
2021,PROV. KALIMANTAN TENGAH,62,KAB. BARITO TIMUR,6213,Negeri,12,0,0,0,0,0,12
2021,PROV. KALIMANTAN TENGAH,62,KAB. BARITO TIMUR,6213,Swasta,0,0,0,0,0,0,0
2021,PROV. KALIMANTAN TENGAH,62,KOTA PALANGKA RAYA,6271,Swasta,1,2,0,0,0,1,4
2021,PROV. KALIMANTAN TENGAH,62,KOTA PALANGKA RAYA,6271,Negeri,15,3,2,0,1,1,22
2021,PROV. KALIMANTAN SELATAN,63,KAB. TANAH LAUT,6301,Swasta,0,0,0,0,0,0,0
2021,PROV. KALIMANTAN SELATAN,63,KAB. TANAH LAUT,6301,Negeri,13,6,3,6,11,2,41
2021,PROV. KALIMANTAN SELATAN,63,KAB. KOTABARU,6302,Swasta,9,0,0,0,0,0,9
2021,PROV. KALIMANTAN SELATAN,63,KAB. KOTABARU,6302,Negeri,19,4,4,4,18,13,62
2021,PROV. KALIMANTAN SELATAN,63,KAB. BANJAR,6303,Swasta,7,0,0,1,1,0,9
2021,PROV. KALIMANTAN SELATAN,63,KAB. BANJAR,6303,Negeri,82,10,3,5,13,11,124
2021,PROV. KALIMANTAN SELATAN,63,KAB. BARITO KUALA,6304,Negeri,17,3,4,4,7,1,36
2021,PROV. KALIMANTAN SELATAN,63,KAB. BARITO KUALA,6304,Swasta,0,1,0,0,0,0,1
2021,PROV. KALIMANTAN SELATAN,63,KAB. TAPIN,6305,Swasta,0,0,0,0,0,0,0
2021,PROV. KALIMANTAN SELATAN,63,KAB. TAPIN,6305,Negeri,2,1,4,1,2,2,12
2021,PROV. KALIMANTAN SELATAN,63,KAB. HULU SUNGAI SELATAN,6306,Negeri,17,4,2,2,3,2,30
2021,PROV. KALIMANTAN SELATAN,63,KAB. HULU SUNGAI SELATAN,6306,Swasta,0,0,0,0,0,0,0
2021,PROV. KALIMANTAN SELATAN,63,KAB. HULU SUNGAI TENGAH,6307,Swasta,0,0,0,0,0,0,0
2021,PROV. KALIMANTAN SELATAN,63,KAB. HULU SUNGAI TENGAH,6307,Negeri,10,0,0,0,1,1,12
2021,PROV. KALIMANTAN SELATAN,63,KAB. HULU SUNGAI UTARA,6308,Swasta,0,0,0,0,0,0,0
2021,PROV. KALIMANTAN SELATAN,63,KAB. HULU SUNGAI UTARA,6308,Negeri,4,1,0,1,4,0,10
2021,PROV. KALIMANTAN SELATAN,63,KAB. TABALONG,6309,Negeri,8,0,1,2,2,1,14
2021,PROV. KALIMANTAN SELATAN,63,KAB. TABALONG,6309,Swasta,0,0,0,0,0,0,0
2021,PROV. KALIMANTAN SELATAN,63,KAB. TANAH BUMBU,6310,Negeri,21,3,3,4,10,1,42
2021,PROV. KALIMANTAN SELATAN,63,KAB. TANAH BUMBU,6310,Swasta,0,0,0,0,1,0,1
2021,PROV. KALIMANTAN SELATAN,63,KAB. BALANGAN,6311,Negeri,2,2,3,2,0,2,11
2021,PROV. KALIMANTAN SELATAN,63,KAB. BALANGAN,6311,Swasta,11,0,0,0,0,0,11
2021,PROV. KALIMANTAN SELATAN,63,KOTA BANJARMASIN,6371,Swasta,2,2,3,0,0,2,9
2021,PROV. KALIMANTAN SELATAN,63,KOTA BANJARMASIN,6371,Negeri,56,3,3,4,13,3,82
2021,PROV. KALIMANTAN SELATAN,63,KOTA BANJARBARU,6372,Swasta,0,1,0,0,0,0,1
2021,PROV. KALIMANTAN SELATAN,63,KOTA BANJARBARU,6372,Negeri,7,1,2,2,5,2,19
2021,PROV. KALIMANTAN TIMUR,64,KAB. PASER,6401,Negeri,13,5,6,3,9,5,41
2021,PROV. KALIMANTAN TIMUR,64,KAB. PASER,6401,Swasta,0,4,0,0,0,0,4
2021,PROV. KALIMANTAN TIMUR,64,KAB. KUTAI KARTANEGARA,6402,Swasta,10,2,1,0,0,1,14
2021,PROV. KALIMANTAN TIMUR,64,KAB. KUTAI KARTANEGARA,6402,Negeri,186,14,11,4,9,10,234
2021,PROV. KALIMANTAN TIMUR,64,KAB. BERAU,6403,Swasta,0,0,0,0,0,0,0
2021,PROV. KALIMANTAN TIMUR,64,KAB. BERAU,6403,Negeri,13,6,5,3,6,1,34
2021,PROV. KALIMANTAN TIMUR,64,KAB. KUTAI BARAT,6407,Swasta,2,1,0,0,0,0,3
2021,PROV. KALIMANTAN TIMUR,64,KAB. KUTAI BARAT,6407,Negeri,16,2,0,2,5,4,29
2021,PROV. KALIMANTAN TIMUR,64,KAB. KUTAI TIMUR,6408,Swasta,14,3,1,4,2,0,24
2021,PROV. KALIMANTAN TIMUR,64,KAB. KUTAI TIMUR,6408,Negeri,62,7,7,10,11,9,106
2021,PROV. KALIMANTAN TIMUR,64,KAB. PENAJAM PASER UTARA,6409,Swasta,0,1,0,0,0,0,1
2021,PROV. KALIMANTAN TIMUR,64,KAB. PENAJAM PASER UTARA,6409,Negeri,15,11,0,2,4,1,33
2021,PROV. KALIMANTAN TIMUR,64,KAB. MAHAKAM ULU,6411,Swasta,0,0,0,0,0,0,0
2021,PROV. KALIMANTAN TIMUR,64,KAB. MAHAKAM ULU,6411,Negeri,1,2,2,1,1,2,9
2021,PROV. KALIMANTAN TIMUR,64,KOTA BALIKPAPAN,6471,Negeri,61,1,0,1,20,1,84
2021,PROV. KALIMANTAN TIMUR,64,KOTA BALIKPAPAN,6471,Swasta,2,1,0,0,0,0,3
2021,PROV. KALIMANTAN TIMUR,64,KOTA SAMARINDA,6472,Swasta,7,1,0,0,1,0,9
2021,PROV. KALIMANTAN TIMUR,64,KOTA SAMARINDA,6472,Negeri,31,1,1,2,1,0,36
2021,PROV. KALIMANTAN TIMUR,64,KOTA BONTANG,6474,Negeri,4,0,0,0,0,0,4
2021,PROV. KALIMANTAN TIMUR,64,KOTA BONTANG,6474,Swasta,0,0,0,0,0,0,0
2021,PROV. KALIMANTAN UTARA,65,KAB. BULUNGAN,6501,Negeri,55,4,2,2,6,5,74
2021,PROV. KALIMANTAN UTARA,65,KAB. BULUNGAN,6501,Swasta,0,0,0,1,0,1,2
2021,PROV. KALIMANTAN UTARA,65,KAB. MALINAU,6502,Swasta,0,0,0,0,1,0,1
2021,PROV. KALIMANTAN UTARA,65,KAB. MALINAU,6502,Negeri,22,5,7,3,5,15,57
2021,PROV. KALIMANTAN UTARA,65,KAB. NUNUKAN,6503,Swasta,10,0,0,0,0,0,10
2021,PROV. KALIMANTAN UTARA,65,KAB. NUNUKAN,6503,Negeri,26,6,3,5,4,2,46
2021,PROV. KALIMANTAN UTARA,65,KAB. TANA TIDUNG,6504,Negeri,3,1,1,3,2,5,15
2021,PROV. KALIMANTAN UTARA,65,KAB. TANA TIDUNG,6504,Swasta,0,0,0,0,0,0,0
2021,PROV. KALIMANTAN UTARA,65,KOTA TARAKAN,6571,Negeri,16,7,1,2,1,4,31
2021,PROV. KALIMANTAN UTARA,65,KOTA TARAKAN,6571,Swasta,3,2,0,1,0,0,6
2021,PROV. SULAWESI UTARA,71,KAB. BOLAANG MONGONDOW,7101,Swasta,0,1,1,0,0,0,2
2021,PROV. SULAWESI UTARA,71,KAB. BOLAANG MONGONDOW,7101,Negeri,49,6,4,1,3,5,68
2021,PROV. SULAWESI UTARA,71,KAB. MINAHASA,7102,Swasta,25,4,4,4,6,0,43
2021,PROV. SULAWESI UTARA,71,KAB. MINAHASA,7102,Negeri,28,8,5,1,2,0,44
2021,PROV. SULAWESI UTARA,71,KAB. KEPULAUAN SANGIHE,7103,Negeri,28,2,2,1,1,1,35
2021,PROV. SULAWESI UTARA,71,KAB. KEPULAUAN SANGIHE,7103,Swasta,2,1,0,0,2,2,7
2021,PROV. SULAWESI UTARA,71,KAB. KEPULAUAN TALAUD,7104,Swasta,1,0,2,2,1,1,7
2021,PROV. SULAWESI UTARA,71,KAB. KEPULAUAN TALAUD,7104,Negeri,18,1,0,1,3,2,25
2021,PROV. SULAWESI UTARA,71,KAB. MINAHASA SELATAN,7105,Swasta,28,2,0,1,0,5,36
2021,PROV. SULAWESI UTARA,71,KAB. MINAHASA SELATAN,7105,Negeri,5,2,3,2,2,0,14
2021,PROV. SULAWESI UTARA,71,KAB. MINAHASA UTARA,7106,Swasta,3,2,0,0,1,1,7
2021,PROV. SULAWESI UTARA,71,KAB. MINAHASA UTARA,7106,Negeri,0,1,1,0,4,2,8
2021,PROV. SULAWESI UTARA,71,KAB. MINAHASA TENGGARA,7107,Negeri,8,3,3,2,2,3,21
2021,PROV. SULAWESI UTARA,71,KAB. MINAHASA TENGGARA,7107,Swasta,1,2,0,1,2,1,7
2021,PROV. SULAWESI UTARA,71,KAB. BOLAANG MONGONDOW UTARA,7108,Swasta,0,0,0,0,0,0,0
2021,PROV. SULAWESI UTARA,71,KAB. BOLAANG MONGONDOW UTARA,7108,Negeri,2,3,2,1,2,3,13
2021,PROV. SULAWESI UTARA,71,KAB. KEP. SIAU TAGULANDANG BIARO,7109,Swasta,9,0,0,0,0,0,9
2021,PROV. SULAWESI UTARA,71,KAB. KEP. SIAU TAGULANDANG BIARO,7109,Negeri,0,0,0,0,1,0,1
2021,PROV. SULAWESI UTARA,71,KAB. BOLAANG MONGONDOW TIMUR,7110,Negeri,0,5,0,0,5,1,11
2021,PROV. SULAWESI UTARA,71,KAB. BOLAANG MONGONDOW TIMUR,7110,Swasta,0,0,0,0,0,0,0
2021,PROV. SULAWESI UTARA,71,KAB. BOLAANG MONGONDOW SELATAN,7111,Swasta,0,0,0,0,0,0,0
2021,PROV. SULAWESI UTARA,71,KAB. BOLAANG MONGONDOW SELATAN,7111,Negeri,7,0,1,0,5,1,14
2021,PROV. SULAWESI UTARA,71,KOTA MANADO,7171,Negeri,32,20,2,8,25,26,113
2021,PROV. SULAWESI UTARA,71,KOTA MANADO,7171,Swasta,24,3,2,3,16,5,53
2021,PROV. SULAWESI UTARA,71,KOTA BITUNG,7172,Negeri,0,2,6,5,12,9,34
2021,PROV. SULAWESI UTARA,71,KOTA BITUNG,7172,Swasta,8,4,2,2,3,1,20
2021,PROV. SULAWESI UTARA,71,KOTA TOMOHON,7173,Negeri,0,0,0,0,0,0,0
2021,PROV. SULAWESI UTARA,71,KOTA TOMOHON,7173,Swasta,0,0,0,0,0,0,0
2021,PROV. SULAWESI UTARA,71,KOTA KOTAMOBAGU,7174,Swasta,0,0,0,0,1,0,1
2021,PROV. SULAWESI UTARA,71,KOTA KOTAMOBAGU,7174,Negeri,10,0,0,1,3,0,14
2021,PROV. SULAWESI TENGAH,72,KAB. BANGGAI,7201,Swasta,3,1,0,0,1,0,5
2021,PROV. SULAWESI TENGAH,72,KAB. BANGGAI,7201,Negeri,39,6,5,7,21,8,86
2021,PROV. SULAWESI TENGAH,72,KAB. POSO,7202,Negeri,5,1,0,0,1,1,8
2021,PROV. SULAWESI TENGAH,72,KAB. POSO,7202,Swasta,2,1,0,2,1,0,6
2021,PROV. SULAWESI TENGAH,72,KAB. DONGGALA,7203,Swasta,0,0,4,5,1,2,12
2021,PROV. SULAWESI TENGAH,72,KAB. DONGGALA,7203,Negeri,80,5,3,7,16,9,120
2021,PROV. SULAWESI TENGAH,72,KAB. TOLITOLI,7204,Negeri,37,4,4,9,6,6,66
2021,PROV. SULAWESI TENGAH,72,KAB. TOLITOLI,7204,Swasta,1,0,0,0,1,0,2
2021,PROV. SULAWESI TENGAH,72,KAB. BUOL,7205,Negeri,17,5,2,1,16,9,50
2021,PROV. SULAWESI TENGAH,72,KAB. BUOL,7205,Swasta,0,0,0,0,0,0,0
2021,PROV. SULAWESI TENGAH,72,KAB. MOROWALI,7206,Negeri,16,4,2,0,5,5,32
2021,PROV. SULAWESI TENGAH,72,KAB. MOROWALI,7206,Swasta,5,0,0,0,0,0,5
2021,PROV. SULAWESI TENGAH,72,KAB. BANGGAI KEPULAUAN,7207,Swasta,0,0,0,0,0,0,0
2021,PROV. SULAWESI TENGAH,72,KAB. BANGGAI KEPULAUAN,7207,Negeri,11,0,0,0,2,5,18
2021,PROV. SULAWESI TENGAH,72,KAB. PARIGI MOUTONG,7208,Negeri,52,23,9,12,37,21,154
2021,PROV. SULAWESI TENGAH,72,KAB. PARIGI MOUTONG,7208,Swasta,4,0,0,0,1,1,6
2021,PROV. SULAWESI TENGAH,72,KAB. TOJO UNA UNA,7209,Swasta,0,0,1,0,0,0,1
2021,PROV. SULAWESI TENGAH,72,KAB. TOJO UNA UNA,7209,Negeri,31,0,1,2,10,7,51
2021,PROV. SULAWESI TENGAH,72,KAB. SIGI,7210,Negeri,91,7,1,9,16,5,129
2021,PROV. SULAWESI TENGAH,72,KAB. SIGI,7210,Swasta,12,4,0,0,4,1,21
2021,PROV. SULAWESI TENGAH,72,KAB. BANGGAI LAUT,7211,Swasta,0,0,0,0,0,0,0
2021,PROV. SULAWESI TENGAH,72,KAB. BANGGAI LAUT,7211,Negeri,0,4,0,1,2,1,8
2021,PROV. SULAWESI TENGAH,72,KAB. MOROWALI UTARA,7212,Negeri,15,1,0,1,1,1,19
2021,PROV. SULAWESI TENGAH,72,KAB. MOROWALI UTARA,7212,Swasta,0,0,0,1,0,0,1
2021,PROV. SULAWESI TENGAH,72,KOTA PALU,7271,Swasta,1,0,0,0,0,0,1
2021,PROV. SULAWESI TENGAH,72,KOTA PALU,7271,Negeri,11,2,0,2,2,0,17
2021,PROV. SULAWESI SELATAN,73,KAB. KEPULAUAN SELAYAR,7301,Negeri,2,0,0,1,9,1,13
2021,PROV. SULAWESI SELATAN,73,KAB. KEPULAUAN SELAYAR,7301,Swasta,1,0,0,0,0,0,1
2021,PROV. SULAWESI SELATAN,73,KAB. BULUKUMBA,7302,Negeri,44,12,7,9,11,18,101
2021,PROV. SULAWESI SELATAN,73,KAB. BULUKUMBA,7302,Swasta,0,0,0,0,0,0,0
2021,PROV. SULAWESI SELATAN,73,KAB. BANTAENG,7303,Swasta,0,0,0,0,0,0,0
2021,PROV. SULAWESI SELATAN,73,KAB. BANTAENG,7303,Negeri,37,8,2,8,10,11,76
2021,PROV. SULAWESI SELATAN,73,KAB. JENEPONTO,7304,Negeri,54,8,8,17,31,22,140
2021,PROV. SULAWESI SELATAN,73,KAB. JENEPONTO,7304,Swasta,0,0,0,0,0,0,0
2021,PROV. SULAWESI SELATAN,73,KAB. TAKALAR,7305,Negeri,48,5,0,2,4,2,61
2021,PROV. SULAWESI SELATAN,73,KAB. TAKALAR,7305,Swasta,0,0,0,0,0,0,0
2021,PROV. SULAWESI SELATAN,73,KAB. GOWA,7306,Negeri,69,5,1,8,25,5,113
2021,PROV. SULAWESI SELATAN,73,KAB. GOWA,7306,Swasta,0,0,0,0,0,0,0
2021,PROV. SULAWESI SELATAN,73,KAB. SINJAI,7307,Swasta,0,0,0,0,2,0,2
2021,PROV. SULAWESI SELATAN,73,KAB. SINJAI,7307,Negeri,9,0,6,1,10,5,31
2021,PROV. SULAWESI SELATAN,73,KAB. BONE,7308,Negeri,68,9,13,16,22,12,140
2021,PROV. SULAWESI SELATAN,73,KAB. BONE,7308,Swasta,0,0,0,0,0,0,0
2021,PROV. SULAWESI SELATAN,73,KAB. MAROS,7309,Swasta,2,1,0,0,0,0,3
2021,PROV. SULAWESI SELATAN,73,KAB. MAROS,7309,Negeri,24,4,3,4,2,6,43
2021,PROV. SULAWESI SELATAN,73,KAB. PANGKAJENE DAN KEPULAUAN,7310,Swasta,0,0,0,0,0,0,0
2021,PROV. SULAWESI SELATAN,73,KAB. PANGKAJENE DAN KEPULAUAN,7310,Negeri,44,2,2,1,2,2,53
2021,PROV. SULAWESI SELATAN,73,KAB. BARRU,7311,Negeri,76,1,3,2,0,2,84
2021,PROV. SULAWESI SELATAN,73,KAB. BARRU,7311,Swasta,0,0,0,0,0,0,0
2021,PROV. SULAWESI SELATAN,73,KAB. SOPPENG,7312,Swasta,0,0,0,0,0,0,0
2021,PROV. SULAWESI SELATAN,73,KAB. SOPPENG,7312,Negeri,28,0,1,2,6,1,38
2021,PROV. SULAWESI SELATAN,73,KAB. WAJO,7313,Negeri,28,4,8,9,22,17,88
2021,PROV. SULAWESI SELATAN,73,KAB. WAJO,7313,Swasta,0,0,0,0,0,0,0
2021,PROV. SULAWESI SELATAN,73,KAB. SIDENRENG RAPPANG,7314,Negeri,22,8,11,4,8,17,70
2021,PROV. SULAWESI SELATAN,73,KAB. SIDENRENG RAPPANG,7314,Swasta,0,1,2,1,0,0,4
2021,PROV. SULAWESI SELATAN,73,KAB. PINRANG,7315,Negeri,67,3,3,1,9,6,89
2021,PROV. SULAWESI SELATAN,73,KAB. PINRANG,7315,Swasta,0,0,0,0,0,0,0
2021,PROV. SULAWESI SELATAN,73,KAB. ENREKANG,7316,Negeri,24,5,0,1,5,1,36
2021,PROV. SULAWESI SELATAN,73,KAB. ENREKANG,7316,Swasta,0,0,0,0,0,0,0
2021,PROV. SULAWESI SELATAN,73,KAB. LUWU,7317,Swasta,1,0,0,0,0,0,1
2021,PROV. SULAWESI SELATAN,73,KAB. LUWU,7317,Negeri,26,7,3,4,4,3,47
2021,PROV. SULAWESI SELATAN,73,KAB. TANA TORAJA,7318,Negeri,53,3,2,3,9,2,72
2021,PROV. SULAWESI SELATAN,73,KAB. TANA TORAJA,7318,Swasta,0,1,0,0,0,0,1
2021,PROV. SULAWESI SELATAN,73,KAB. LUWU UTARA,7322,Swasta,0,0,0,0,0,0,0
2021,PROV. SULAWESI SELATAN,73,KAB. LUWU UTARA,7322,Negeri,11,1,1,1,1,2,17
2021,PROV. SULAWESI SELATAN,73,KAB. LUWU TIMUR,7324,Swasta,0,0,0,0,1,0,1
2021,PROV. SULAWESI SELATAN,73,KAB. LUWU TIMUR,7324,Negeri,10,3,4,1,2,3,23
2021,PROV. SULAWESI SELATAN,73,KAB. TORAJA UTARA,7326,Negeri,20,3,5,7,9,4,48
2021,PROV. SULAWESI SELATAN,73,KAB. TORAJA UTARA,7326,Swasta,1,0,0,0,0,3,4
2021,PROV. SULAWESI SELATAN,73,KOTA MAKASSAR,7371,Negeri,46,2,4,5,16,7,80
2021,PROV. SULAWESI SELATAN,73,KOTA MAKASSAR,7371,Swasta,18,4,1,3,4,5,35
2021,PROV. SULAWESI SELATAN,73,KOTA PAREPARE,7372,Negeri,8,2,0,1,2,3,16
2021,PROV. SULAWESI SELATAN,73,KOTA PAREPARE,7372,Swasta,0,0,0,0,1,0,1
2021,PROV. SULAWESI SELATAN,73,KOTA PALOPO,7373,Swasta,1,0,0,0,0,0,1
2021,PROV. SULAWESI SELATAN,73,KOTA PALOPO,7373,Negeri,2,0,1,1,3,2,9
2021,PROV. SULAWESI TENGGARA,74,KAB. KOLAKA,7401,Negeri,65,6,6,3,3,8,91
2021,PROV. SULAWESI TENGGARA,74,KAB. KOLAKA,7401,Swasta,4,0,0,0,0,0,4
2021,PROV. SULAWESI TENGGARA,74,KAB. KONAWE,7402,Swasta,0,0,0,0,0,0,0
2021,PROV. SULAWESI TENGGARA,74,KAB. KONAWE,7402,Negeri,42,6,4,8,13,7,80
2021,PROV. SULAWESI TENGGARA,74,KAB. MUNA,7403,Swasta,0,0,0,0,0,0,0
2021,PROV. SULAWESI TENGGARA,74,KAB. MUNA,7403,Negeri,25,5,1,0,14,2,47
2021,PROV. SULAWESI TENGGARA,74,KAB. BUTON,7404,Negeri,6,5,2,0,4,1,18
2021,PROV. SULAWESI TENGGARA,74,KAB. BUTON,7404,Swasta,0,0,0,0,0,0,0
2021,PROV. SULAWESI TENGGARA,74,KAB. KONAWE SELATAN,7405,Swasta,0,0,0,0,0,0,0
2021,PROV. SULAWESI TENGGARA,74,KAB. KONAWE SELATAN,7405,Negeri,47,17,9,3,4,10,90
2021,PROV. SULAWESI TENGGARA,74,KAB. BOMBANA,7406,Swasta,1,0,0,0,0,0,1
2021,PROV. SULAWESI TENGGARA,74,KAB. BOMBANA,7406,Negeri,26,3,1,1,0,4,35
2021,PROV. SULAWESI TENGGARA,74,KAB. WAKATOBI,7407,Negeri,21,3,1,0,2,2,29
2021,PROV. SULAWESI TENGGARA,74,KAB. WAKATOBI,7407,Swasta,0,0,0,0,0,0,0
2021,PROV. SULAWESI TENGGARA,74,KAB. KOLAKA UTARA,7408,Negeri,4,0,0,0,1,2,7
2021,PROV. SULAWESI TENGGARA,74,KAB. KOLAKA UTARA,7408,Swasta,0,0,0,0,0,0,0
2021,PROV. SULAWESI TENGGARA,74,KAB. KONAWE UTARA,7409,Negeri,21,3,1,3,7,2,37
2021,PROV. SULAWESI TENGGARA,74,KAB. KONAWE UTARA,7409,Swasta,0,0,0,0,0,0,0
2021,PROV. SULAWESI TENGGARA,74,KAB. BUTON UTARA,7410,Swasta,0,0,0,0,0,0,0
2021,PROV. SULAWESI TENGGARA,74,KAB. BUTON UTARA,7410,Negeri,5,2,3,0,1,1,12
2021,PROV. SULAWESI TENGGARA,74,KAB. KOLAKA TIMUR,7411,Negeri,37,1,2,1,0,2,43
2021,PROV. SULAWESI TENGGARA,74,KAB. KOLAKA TIMUR,7411,Swasta,0,0,0,0,0,0,0
2021,PROV. SULAWESI TENGGARA,74,KAB. KONAWE KEPULAUAN,7412,Negeri,24,2,2,1,0,0,29
2021,PROV. SULAWESI TENGGARA,74,KAB. KONAWE KEPULAUAN,7412,Swasta,0,0,0,0,0,0,0
2021,PROV. SULAWESI TENGGARA,74,KAB. MUNA BARAT,7413,Swasta,1,0,0,0,0,0,1
2021,PROV. SULAWESI TENGGARA,74,KAB. MUNA BARAT,7413,Negeri,3,0,0,0,0,0,3
2021,PROV. SULAWESI TENGGARA,74,KAB. BUTON TENGAH,7414,Negeri,31,3,3,3,2,4,46
2021,PROV. SULAWESI TENGGARA,74,KAB. BUTON TENGAH,7414,Swasta,1,0,0,0,0,0,1
2021,PROV. SULAWESI TENGGARA,74,KAB. BUTON SELATAN,7415,Swasta,0,0,0,0,0,0,0
2021,PROV. SULAWESI TENGGARA,74,KAB. BUTON SELATAN,7415,Negeri,6,2,6,3,12,4,33
2021,PROV. SULAWESI TENGGARA,74,KOTA KENDARI,7471,Swasta,2,0,0,0,0,0,2
2021,PROV. SULAWESI TENGGARA,74,KOTA KENDARI,7471,Negeri,14,1,2,0,0,1,18
2021,PROV. SULAWESI TENGGARA,74,KOTA BAU BAU,7472,Swasta,0,0,2,1,0,0,3
2021,PROV. SULAWESI TENGGARA,74,KOTA BAU BAU,7472,Negeri,6,0,0,1,2,2,11
2021,PROV. GORONTALO,75,KAB. GORONTALO,7501,Negeri,26,4,6,15,31,15,97
2021,PROV. GORONTALO,75,KAB. GORONTALO,7501,Swasta,0,0,0,0,1,0,1
2021,PROV. GORONTALO,75,KAB. BOALEMO,7502,Swasta,0,0,0,0,0,0,0
2021,PROV. GORONTALO,75,KAB. BOALEMO,7502,Negeri,20,0,6,8,39,7,80
2021,PROV. GORONTALO,75,KAB. BONE BOLANGO,7503,Negeri,10,3,4,3,16,3,39
2021,PROV. GORONTALO,75,KAB. BONE BOLANGO,7503,Swasta,0,0,0,0,0,0,0
2021,PROV. GORONTALO,75,KAB. POHUWATO,7504,Negeri,44,12,9,8,17,9,99
2021,PROV. GORONTALO,75,KAB. POHUWATO,7504,Swasta,0,4,1,0,1,2,8
2021,PROV. GORONTALO,75,KAB. GORONTALO UTARA,7505,Negeri,38,4,4,3,8,10,67
2021,PROV. GORONTALO,75,KAB. GORONTALO UTARA,7505,Swasta,0,0,0,0,0,0,0
2021,PROV. GORONTALO,75,KOTA GORONTALO,7571,Negeri,6,1,1,1,2,1,12
2021,PROV. GORONTALO,75,KOTA GORONTALO,7571,Swasta,0,0,0,0,0,0,0
2021,PROV. SULAWESI BARAT,76,KAB. PASANGKAYU,7601,Swasta,0,1,0,0,0,0,1
2021,PROV. SULAWESI BARAT,76,KAB. PASANGKAYU,7601,Negeri,29,5,3,4,3,4,48
2021,PROV. SULAWESI BARAT,76,KAB. MAMUJU,7602,Negeri,19,1,2,4,8,10,44
2021,PROV. SULAWESI BARAT,76,KAB. MAMUJU,7602,Swasta,0,0,0,0,3,0,3
2021,PROV. SULAWESI BARAT,76,KAB. MAMASA,7603,Negeri,7,3,4,3,4,2,23
2021,PROV. SULAWESI BARAT,76,KAB. MAMASA,7603,Swasta,0,0,0,0,0,0,0
2021,PROV. SULAWESI BARAT,76,KAB. POLEWALI MANDAR,7604,Negeri,128,5,2,1,9,3,148
2021,PROV. SULAWESI BARAT,76,KAB. POLEWALI MANDAR,7604,Swasta,0,7,0,0,1,0,8
2021,PROV. SULAWESI BARAT,76,KAB. MAJENE,7605,Negeri,8,4,3,5,4,0,24
2021,PROV. SULAWESI BARAT,76,KAB. MAJENE,7605,Swasta,0,0,0,0,0,0,0
2021,PROV. SULAWESI BARAT,76,KAB. MAMUJU TENGAH,7606,Negeri,22,8,5,4,3,5,47
2021,PROV. SULAWESI BARAT,76,KAB. MAMUJU TENGAH,7606,Swasta,0,0,0,0,0,0,0
2021,PROV. MALUKU,81,KAB. MALUKU TENGAH,8101,Negeri,52,13,6,55,58,20,204
2021,PROV. MALUKU,81,KAB. MALUKU TENGAH,8101,Swasta,1,0,0,0,2,0,3
2021,PROV. MALUKU,81,KAB. MALUKU TENGGARA,8102,Negeri,2,2,0,1,3,2,10
2021,PROV. MALUKU,81,KAB. MALUKU TENGGARA,8102,Swasta,2,0,0,1,4,0,7
2021,PROV. MALUKU,81,KAB. KEPULAUAN TANIMBAR,8103,Swasta,0,4,0,1,6,10,21
2021,PROV. MALUKU,81,KAB. KEPULAUAN TANIMBAR,8103,Negeri,1,0,0,1,1,0,3
2021,PROV. MALUKU,81,KAB. BURU,8104,Negeri,38,3,2,5,4,4,56
2021,PROV. MALUKU,81,KAB. BURU,8104,Swasta,2,4,0,2,1,3,12
2021,PROV. MALUKU,81,KAB. SERAM BAGIAN TIMUR,8105,Negeri,17,4,5,11,65,32,134
2021,PROV. MALUKU,81,KAB. SERAM BAGIAN TIMUR,8105,Swasta,0,0,0,0,2,3,5
2021,PROV. MALUKU,81,KAB. SERAM BAGIAN BARAT,8106,Negeri,13,14,5,21,34,23,110
2021,PROV. MALUKU,81,KAB. SERAM BAGIAN BARAT,8106,Swasta,1,0,0,0,4,0,5
2021,PROV. MALUKU,81,KAB. KEPULAUAN ARU,8107,Negeri,10,8,5,7,28,4,62
2021,PROV. MALUKU,81,KAB. KEPULAUAN ARU,8107,Swasta,3,1,0,0,1,1,6
2021,PROV. MALUKU,81,KAB. MALUKU BARAT DAYA,8108,Swasta,0,1,1,0,3,0,5
2021,PROV. MALUKU,81,KAB. MALUKU BARAT DAYA,8108,Negeri,6,15,4,3,7,10,45
2021,PROV. MALUKU,81,KAB. BURU SELATAN,8109,Swasta,3,1,2,3,5,2,16
2021,PROV. MALUKU,81,KAB. BURU SELATAN,8109,Negeri,1,1,0,0,3,3,8
2021,PROV. MALUKU,81,KOTA AMBON,8171,Negeri,9,6,1,2,2,4,24
2021,PROV. MALUKU,81,KOTA AMBON,8171,Swasta,8,0,0,0,0,1,9
2021,PROV. MALUKU,81,KOTA TUAL,8172,Swasta,1,3,1,0,0,1,6
2021,PROV. MALUKU,81,KOTA TUAL,8172,Negeri,25,5,2,5,8,6,51
2021,PROV. MALUKU UTARA,82,KAB. HALMAHERA BARAT,8201,Swasta,4,1,5,0,1,0,11
2021,PROV. MALUKU UTARA,82,KAB. HALMAHERA BARAT,8201,Negeri,5,11,1,0,6,9,32
2021,PROV. MALUKU UTARA,82,KAB. HALMAHERA TENGAH,8202,Negeri,22,3,8,2,1,6,42
2021,PROV. MALUKU UTARA,82,KAB. HALMAHERA TENGAH,8202,Swasta,0,0,0,0,0,0,0
2021,PROV. MALUKU UTARA,82,KAB. HALMAHERA UTARA,8203,Swasta,5,5,1,0,18,3,32
2021,PROV. MALUKU UTARA,82,KAB. HALMAHERA UTARA,8203,Negeri,3,6,2,4,2,2,19
2021,PROV. MALUKU UTARA,82,KAB. HALMAHERA SELATAN,8204,Negeri,58,16,23,33,91,63,284
2021,PROV. MALUKU UTARA,82,KAB. HALMAHERA SELATAN,8204,Swasta,3,0,0,1,2,0,6
2021,PROV. MALUKU UTARA,82,KAB. KEPULAUAN SULA,8205,Negeri,11,3,7,3,11,7,42
2021,PROV. MALUKU UTARA,82,KAB. KEPULAUAN SULA,8205,Swasta,0,0,0,0,0,0,0
2021,PROV. MALUKU UTARA,82,KAB. HALMAHERA TIMUR,8206,Swasta,0,0,0,0,0,0,0
2021,PROV. MALUKU UTARA,82,KAB. HALMAHERA TIMUR,8206,Negeri,33,2,2,8,27,10,82
2021,PROV. MALUKU UTARA,82,KAB. PULAU MOROTAI,8207,Negeri,0,1,2,0,0,0,3
2021,PROV. MALUKU UTARA,82,KAB. PULAU MOROTAI,8207,Swasta,0,0,0,0,2,0,2
2021,PROV. MALUKU UTARA,82,KAB. PULAU TALIABU,8208,Negeri,12,4,5,2,14,17,54
2021,PROV. MALUKU UTARA,82,KAB. PULAU TALIABU,8208,Swasta,0,0,0,0,0,0,0
2021,PROV. MALUKU UTARA,82,KOTA TERNATE,8271,Swasta,1,0,0,1,2,0,4
2021,PROV. MALUKU UTARA,82,KOTA TERNATE,8271,Negeri,14,2,3,1,11,2,33
2021,PROV. MALUKU UTARA,82,KOTA TIDORE KEPULAUAN,8272,Swasta,0,0,0,0,0,0,0
2021,PROV. MALUKU UTARA,82,KOTA TIDORE KEPULAUAN,8272,Negeri,32,1,1,1,2,1,38
2021,PROV. PAPUA,91,KAB. JAYAPURA,9103,Swasta,8,12,2,1,9,0,32
2021,PROV. PAPUA,91,KAB. JAYAPURA,9103,Negeri,12,5,3,7,7,6,40
2021,PROV. PAPUA,91,KAB. KEPULAUAN YAPEN,9105,Swasta,17,6,7,2,6,7,45
2021,PROV. PAPUA,91,KAB. KEPULAUAN YAPEN,9105,Negeri,13,5,2,2,0,3,25
2021,PROV. PAPUA,91,KAB. BIAK NUMFOR,9106,Negeri,4,5,3,1,2,1,16
2021,PROV. PAPUA,91,KAB. BIAK NUMFOR,9106,Swasta,18,40,15,6,0,3,82
2021,PROV. PAPUA,91,KAB. SARMI,9110,Swasta,1,1,0,1,0,0,3
2021,PROV. PAPUA,91,KAB. SARMI,9110,Negeri,9,1,6,4,0,11,31
2021,PROV. PAPUA,91,KAB. KEEROM,9111,Swasta,0,0,0,1,0,0,1
2021,PROV. PAPUA,91,KAB. KEEROM,9111,Negeri,0,0,1,0,1,1,3
2021,PROV. PAPUA,91,KAB. WAROPEN,9115,Negeri,1,0,0,0,3,0,4
2021,PROV. PAPUA,91,KAB. WAROPEN,9115,Swasta,2,1,0,0,0,1,4
2021,PROV. PAPUA,91,KAB. SUPIORI,9119,Swasta,13,0,2,0,1,4,20
2021,PROV. PAPUA,91,KAB. SUPIORI,9119,Negeri,0,0,2,2,0,1,5
2021,PROV. PAPUA,91,KAB. MAMBERAMO RAYA,9120,Swasta,0,0,0,0,0,0,0
2021,PROV. PAPUA,91,KAB. MAMBERAMO RAYA,9120,Negeri,4,1,1,1,1,0,8
2021,PROV. PAPUA,91,KOTA JAYAPURA,9171,Swasta,10,1,3,4,1,0,19
2021,PROV. PAPUA,91,KOTA JAYAPURA,9171,Negeri,7,1,1,3,3,4,19
2021,PROV. PAPUA BARAT,92,KAB. MANOKWARI,9202,Swasta,19,1,1,0,2,6,29
2021,PROV. PAPUA BARAT,92,KAB. MANOKWARI,9202,Negeri,14,2,1,1,2,3,23
2021,PROV. PAPUA BARAT,92,KAB. FAK FAK,9203,Swasta,19,2,0,0,2,11,34
2021,PROV. PAPUA BARAT,92,KAB. FAK FAK,9203,Negeri,4,0,2,0,4,5,15
2021,PROV. PAPUA BARAT,92,KAB. TELUK BINTUNI,9206,Negeri,8,1,1,0,4,4,18
2021,PROV. PAPUA BARAT,92,KAB. TELUK BINTUNI,9206,Swasta,5,0,2,1,2,8,18
2021,PROV. PAPUA BARAT,92,KAB. TELUK WONDAMA,9207,Swasta,3,2,0,0,4,0,9
2021,PROV. PAPUA BARAT,92,KAB. TELUK WONDAMA,9207,Negeri,17,4,0,3,13,7,44
2021,PROV. PAPUA BARAT,92,KAB. KAIMANA,9208,Swasta,2,0,0,0,0,3,5
2021,PROV. PAPUA BARAT,92,KAB. KAIMANA,9208,Negeri,21,7,0,9,5,13,55
2021,PROV. PAPUA BARAT,92,KAB. MANOKWARI SELATAN,9211,Swasta,2,0,0,0,2,1,5
2021,PROV. PAPUA BARAT,92,KAB. MANOKWARI SELATAN,9211,Negeri,9,3,2,5,4,4,27
2021,PROV. PAPUA BARAT,92,KAB. PEGUNUNGAN ARFAK,9212,Swasta,0,0,0,0,0,0,0
2021,PROV. PAPUA BARAT,92,KAB. PEGUNUNGAN ARFAK,9212,Negeri,9,12,5,10,36,5,77
2022,PROV. ACEH,11,KAB. ACEH SELATAN,1101,Swasta,0,0,0,0,0,0,0
2022,PROV. ACEH,11,KAB. ACEH SELATAN,1101,Negeri,15,4,0,0,1,2,22
2022,PROV. ACEH,11,KAB. ACEH TENGGARA,1102,Negeri,100,13,7,8,12,12,152
2022,PROV. ACEH,11,KAB. ACEH TENGGARA,1102,Swasta,18,2,3,0,5,2,30
2022,PROV. ACEH,11,KAB. ACEH TIMUR,1103,Negeri,159,20,5,9,8,11,212
2022,PROV. ACEH,11,KAB. ACEH TIMUR,1103,Swasta,2,0,0,0,0,0,2
2022,PROV. ACEH,11,KAB. ACEH TENGAH,1104,Negeri,10,2,0,6,6,0,24
2022,PROV. ACEH,11,KAB. ACEH TENGAH,1104,Swasta,0,0,0,0,0,0,0
2022,PROV. ACEH,11,KAB. ACEH BARAT,1105,Swasta,0,0,0,0,0,0,0
2022,PROV. ACEH,11,KAB. ACEH BARAT,1105,Negeri,12,2,2,2,3,0,21
2022,PROV. ACEH,11,KAB. ACEH BESAR,1106,Negeri,20,3,0,3,3,2,31
2022,PROV. ACEH,11,KAB. ACEH BESAR,1106,Swasta,0,0,0,0,0,1,1
2022,PROV. ACEH,11,KAB. PIDIE,1107,Swasta,11,0,0,0,0,0,11
2022,PROV. ACEH,11,KAB. PIDIE,1107,Negeri,31,6,3,2,6,1,49
2022,PROV. ACEH,11,KAB. ACEH UTARA,1108,Negeri,69,1,3,7,9,2,91
2022,PROV. ACEH,11,KAB. ACEH UTARA,1108,Swasta,3,0,0,0,0,0,3
2022,PROV. ACEH,11,KAB. SIMEULUE,1109,Swasta,0,0,0,0,0,0,0
2022,PROV. ACEH,11,KAB. SIMEULUE,1109,Negeri,12,0,4,2,4,0,22
2022,PROV. ACEH,11,KAB. ACEH SINGKIL,1110,Negeri,32,5,2,2,3,1,45
2022,PROV. ACEH,11,KAB. ACEH SINGKIL,1110,Swasta,4,2,0,0,0,0,6
2022,PROV. ACEH,11,KAB. BIREUEN,1111,Negeri,64,4,2,2,5,0,77
2022,PROV. ACEH,11,KAB. BIREUEN,1111,Swasta,3,1,0,0,0,0,4
2022,PROV. ACEH,11,KAB. ACEH BARAT DAYA,1112,Swasta,0,0,0,0,0,0,0
2022,PROV. ACEH,11,KAB. ACEH BARAT DAYA,1112,Negeri,4,0,0,2,0,1,7
2022,PROV. ACEH,11,KAB. GAYO LUES,1113,Negeri,10,4,3,0,1,0,18
2022,PROV. ACEH,11,KAB. GAYO LUES,1113,Swasta,0,0,0,0,0,0,0
2022,PROV. ACEH,11,KAB. ACEH JAYA,1114,Swasta,0,0,0,0,0,0,0
2022,PROV. ACEH,11,KAB. ACEH JAYA,1114,Negeri,16,2,0,0,1,0,19
2022,PROV. ACEH,11,KAB. NAGAN RAYA,1115,Swasta,0,0,0,0,0,0,0
2022,PROV. ACEH,11,KAB. NAGAN RAYA,1115,Negeri,20,2,2,2,8,1,35
2022,PROV. ACEH,11,KAB. ACEH TAMIANG,1116,Negeri,11,0,2,0,2,4,19
2022,PROV. ACEH,11,KAB. ACEH TAMIANG,1116,Swasta,0,0,0,0,0,0,0
2022,PROV. ACEH,11,KAB. BENER MERIAH,1117,Negeri,3,5,0,3,4,7,22
2022,PROV. ACEH,11,KAB. BENER MERIAH,1117,Swasta,1,0,0,0,0,0,1
2022,PROV. ACEH,11,KAB. PIDIE JAYA,1118,Negeri,14,0,2,1,0,0,17
2022,PROV. ACEH,11,KAB. PIDIE JAYA,1118,Swasta,0,1,0,0,0,2,3
2022,PROV. ACEH,11,KOTA BANDA ACEH,1171,Negeri,15,0,1,0,0,0,16
2022,PROV. ACEH,11,KOTA BANDA ACEH,1171,Swasta,2,0,0,1,1,1,5
2022,PROV. ACEH,11,KOTA SABANG,1172,Negeri,1,0,0,0,0,0,1
2022,PROV. ACEH,11,KOTA SABANG,1172,Swasta,0,0,0,0,0,0,0
2022,PROV. ACEH,11,KOTA LHOKSEUMAWE,1173,Swasta,0,0,0,0,0,0,0
2022,PROV. ACEH,11,KOTA LHOKSEUMAWE,1173,Negeri,7,0,1,2,0,0,10
2022,PROV. ACEH,11,KOTA LANGSA,1174,Negeri,27,3,2,2,2,1,37
2022,PROV. ACEH,11,KOTA LANGSA,1174,Swasta,1,0,0,0,0,0,1
2022,PROV. ACEH,11,KOTA SUBULUSSALAM,1175,Swasta,0,0,0,0,0,0,0
2022,PROV. ACEH,11,KOTA SUBULUSSALAM,1175,Negeri,29,5,2,2,7,1,46
2022,PROV. SUMATERA UTARA,12,KAB. TAPANULI TENGAH,1201,Swasta,2,4,0,2,2,0,10
2022,PROV. SUMATERA UTARA,12,KAB. TAPANULI TENGAH,1201,Negeri,30,5,10,5,12,4,66
2022,PROV. SUMATERA UTARA,12,KAB. TAPANULI UTARA,1202,Swasta,6,0,1,1,0,0,8
2022,PROV. SUMATERA UTARA,12,KAB. TAPANULI UTARA,1202,Negeri,22,6,4,2,3,3,40
2022,PROV. SUMATERA UTARA,12,KAB. TAPANULI SELATAN,1203,Swasta,0,0,0,0,0,0,0
2022,PROV. SUMATERA UTARA,12,KAB. TAPANULI SELATAN,1203,Negeri,32,1,5,1,6,5,50
2022,PROV. SUMATERA UTARA,12,KAB. NIAS,1204,Negeri,18,4,4,13,9,8,56
2022,PROV. SUMATERA UTARA,12,KAB. NIAS,1204,Swasta,0,0,0,0,0,0,0
2022,PROV. SUMATERA UTARA,12,KAB. LANGKAT,1205,Negeri,217,12,23,17,21,22,312
2022,PROV. SUMATERA UTARA,12,KAB. LANGKAT,1205,Swasta,56,6,3,1,1,0,67
2022,PROV. SUMATERA UTARA,12,KAB. KARO,1206,Swasta,5,2,4,1,0,0,12
2022,PROV. SUMATERA UTARA,12,KAB. KARO,1206,Negeri,19,12,6,6,6,4,53
2022,PROV. SUMATERA UTARA,12,KAB. DELI SERDANG,1207,Swasta,106,22,6,9,14,29,186
2022,PROV. SUMATERA UTARA,12,KAB. DELI SERDANG,1207,Negeri,105,34,19,20,28,24,230
2022,PROV. SUMATERA UTARA,12,KAB. SIMALUNGUN,1208,Negeri,117,19,12,5,17,8,178
2022,PROV. SUMATERA UTARA,12,KAB. SIMALUNGUN,1208,Swasta,23,2,1,0,0,2,28
2022,PROV. SUMATERA UTARA,12,KAB. ASAHAN,1209,Swasta,13,3,2,2,5,3,28
2022,PROV. SUMATERA UTARA,12,KAB. ASAHAN,1209,Negeri,171,49,6,10,11,9,256
2022,PROV. SUMATERA UTARA,12,KAB. LABUHANBATU,1210,Negeri,17,5,5,2,7,9,45
2022,PROV. SUMATERA UTARA,12,KAB. LABUHANBATU,1210,Swasta,4,0,0,0,1,2,7
2022,PROV. SUMATERA UTARA,12,KAB. DAIRI,1211,Swasta,4,0,0,0,1,0,5
2022,PROV. SUMATERA UTARA,12,KAB. DAIRI,1211,Negeri,78,20,6,8,8,4,124
2022,PROV. SUMATERA UTARA,12,KAB. TOBA,1212,Swasta,3,0,0,0,0,0,3
2022,PROV. SUMATERA UTARA,12,KAB. TOBA,1212,Negeri,22,2,3,1,1,2,31
2022,PROV. SUMATERA UTARA,12,KAB. MANDAILING NATAL,1213,Negeri,35,19,3,2,3,8,70
2022,PROV. SUMATERA UTARA,12,KAB. MANDAILING NATAL,1213,Swasta,45,0,0,0,0,0,45
2022,PROV. SUMATERA UTARA,12,KAB. NIAS SELATAN,1214,Negeri,97,59,30,25,51,49,311
2022,PROV. SUMATERA UTARA,12,KAB. NIAS SELATAN,1214,Swasta,0,0,0,0,0,0,0
2022,PROV. SUMATERA UTARA,12,KAB. PAKPAK BHARAT,1215,Swasta,0,0,0,0,0,0,0
2022,PROV. SUMATERA UTARA,12,KAB. PAKPAK BHARAT,1215,Negeri,0,0,2,0,1,1,4
2022,PROV. SUMATERA UTARA,12,KAB. HUMBANG HASUNDUTAN,1216,Negeri,37,6,2,3,3,1,52
2022,PROV. SUMATERA UTARA,12,KAB. HUMBANG HASUNDUTAN,1216,Swasta,0,0,0,0,0,0,0
2022,PROV. SUMATERA UTARA,12,KAB. SAMOSIR,1217,Swasta,2,1,1,0,0,0,4
2022,PROV. SUMATERA UTARA,12,KAB. SAMOSIR,1217,Negeri,25,2,3,2,1,1,34
2022,PROV. SUMATERA UTARA,12,KAB. SERDANG BEDAGAI,1218,Swasta,13,3,4,2,1,0,23
2022,PROV. SUMATERA UTARA,12,KAB. SERDANG BEDAGAI,1218,Negeri,191,18,6,9,7,7,238
2022,PROV. SUMATERA UTARA,12,KAB. BATU BARA,1219,Swasta,2,1,2,0,3,0,8
2022,PROV. SUMATERA UTARA,12,KAB. BATU BARA,1219,Negeri,71,18,11,7,8,11,126
2022,PROV. SUMATERA UTARA,12,KAB. PADANG LAWAS UTARA,1220,Swasta,0,0,1,0,0,0,1
2022,PROV. SUMATERA UTARA,12,KAB. PADANG LAWAS UTARA,1220,Negeri,4,5,2,5,6,5,27
2022,PROV. SUMATERA UTARA,12,KAB. PADANG LAWAS,1221,Swasta,5,1,4,0,0,3,13
2022,PROV. SUMATERA UTARA,12,KAB. PADANG LAWAS,1221,Negeri,40,3,2,3,3,9,60
2022,PROV. SUMATERA UTARA,12,KAB. LABUHANBATU SELATAN,1222,Negeri,14,5,0,4,4,3,30
2022,PROV. SUMATERA UTARA,12,KAB. LABUHANBATU SELATAN,1222,Swasta,10,3,1,0,0,0,14
2022,PROV. SUMATERA UTARA,12,KAB. LABUHANBATU UTARA,1223,Negeri,84,3,7,4,3,2,103
2022,PROV. SUMATERA UTARA,12,KAB. LABUHANBATU UTARA,1223,Swasta,3,0,0,0,0,1,4
2022,PROV. SUMATERA UTARA,12,KAB. NIAS UTARA,1224,Negeri,31,1,5,1,7,2,47
2022,PROV. SUMATERA UTARA,12,KAB. NIAS UTARA,1224,Swasta,1,0,1,0,0,0,2
2022,PROV. SUMATERA UTARA,12,KAB. NIAS BARAT,1225,Swasta,0,0,0,0,0,0,0
2022,PROV. SUMATERA UTARA,12,KAB. NIAS BARAT,1225,Negeri,11,2,4,3,3,2,25
2022,PROV. SUMATERA UTARA,12,KOTA MEDAN,1271,Negeri,63,10,13,33,39,29,187
2022,PROV. SUMATERA UTARA,12,KOTA MEDAN,1271,Swasta,120,25,32,24,39,22,262
2022,PROV. SUMATERA UTARA,12,KOTA PEMATANGSIANTAR,1272,Swasta,5,2,0,0,1,0,8
2022,PROV. SUMATERA UTARA,12,KOTA PEMATANGSIANTAR,1272,Negeri,3,4,0,1,3,10,21
2022,PROV. SUMATERA UTARA,12,KOTA SIBOLGA,1273,Negeri,27,1,2,3,2,3,38
2022,PROV. SUMATERA UTARA,12,KOTA SIBOLGA,1273,Swasta,2,0,0,0,0,0,2
2022,PROV. SUMATERA UTARA,12,KOTA TANJUNG BALAI,1274,Swasta,0,0,0,0,0,0,0
2022,PROV. SUMATERA UTARA,12,KOTA TANJUNG BALAI,1274,Negeri,62,6,3,10,25,2,108
2022,PROV. SUMATERA UTARA,12,KOTA BINJAI,1275,Swasta,8,2,1,0,0,2,13
2022,PROV. SUMATERA UTARA,12,KOTA BINJAI,1275,Negeri,2,2,0,2,1,0,7
2022,PROV. SUMATERA UTARA,12,KOTA TEBING TINGGI,1276,Swasta,6,1,1,0,0,0,8
2022,PROV. SUMATERA UTARA,12,KOTA TEBING TINGGI,1276,Negeri,34,1,0,0,1,1,37
2022,PROV. SUMATERA UTARA,12,KOTA PADANG SIDEMPUAN,1277,Swasta,0,0,0,0,0,0,0
2022,PROV. SUMATERA UTARA,12,KOTA PADANG SIDEMPUAN,1277,Negeri,2,3,2,0,2,1,10
2022,PROV. SUMATERA UTARA,12,KOTA GUNUNGSITOLI,1278,Negeri,14,4,1,3,3,4,29
2022,PROV. SUMATERA UTARA,12,KOTA GUNUNGSITOLI,1278,Swasta,1,0,0,0,0,0,1
2022,PROV. SUMATERA BARAT,13,KAB. PESISIR SELATAN,1301,Negeri,22,3,9,4,11,8,57
2022,PROV. SUMATERA BARAT,13,KAB. PESISIR SELATAN,1301,Swasta,4,0,0,0,0,0,4
2022,PROV. SUMATERA BARAT,13,KAB. SOLOK,1302,Swasta,3,0,0,0,0,0,3
2022,PROV. SUMATERA BARAT,13,KAB. SOLOK,1302,Negeri,23,3,4,10,21,6,67
2022,PROV. SUMATERA BARAT,13,KAB. SIJUNJUNG,1303,Negeri,25,1,3,1,6,1,37
2022,PROV. SUMATERA BARAT,13,KAB. SIJUNJUNG,1303,Swasta,0,0,0,0,0,0,0
2022,PROV. SUMATERA BARAT,13,KAB. TANAH DATAR,1304,Swasta,1,0,0,1,0,0,2
2022,PROV. SUMATERA BARAT,13,KAB. TANAH DATAR,1304,Negeri,25,2,0,3,3,3,36
2022,PROV. SUMATERA BARAT,13,KAB. PADANG PARIAMAN,1305,Negeri,63,1,2,1,6,9,82
2022,PROV. SUMATERA BARAT,13,KAB. PADANG PARIAMAN,1305,Swasta,1,0,1,0,0,0,2
2022,PROV. SUMATERA BARAT,13,KAB. AGAM,1306,Negeri,54,4,0,1,3,6,68
2022,PROV. SUMATERA BARAT,13,KAB. AGAM,1306,Swasta,3,0,0,0,0,0,3
2022,PROV. SUMATERA BARAT,13,KAB. LIMA PULUH KOTA,1307,Swasta,0,1,0,1,1,0,3
2022,PROV. SUMATERA BARAT,13,KAB. LIMA PULUH KOTA,1307,Negeri,17,4,3,3,5,8,40
2022,PROV. SUMATERA BARAT,13,KAB. PASAMAN,1308,Swasta,0,0,0,0,0,0,0
2022,PROV. SUMATERA BARAT,13,KAB. PASAMAN,1308,Negeri,40,5,7,3,5,4,64
2022,PROV. SUMATERA BARAT,13,KAB. KEPULAUAN MENTAWAI,1309,Swasta,1,0,0,0,0,0,1
2022,PROV. SUMATERA BARAT,13,KAB. KEPULAUAN MENTAWAI,1309,Negeri,11,6,1,2,17,2,39
2022,PROV. SUMATERA BARAT,13,KAB. DHARMASRAYA,1310,Negeri,12,4,1,3,9,3,32
2022,PROV. SUMATERA BARAT,13,KAB. DHARMASRAYA,1310,Swasta,1,0,0,0,1,0,2
2022,PROV. SUMATERA BARAT,13,KAB. SOLOK SELATAN,1311,Negeri,7,3,2,5,10,4,31
2022,PROV. SUMATERA BARAT,13,KAB. SOLOK SELATAN,1311,Swasta,1,0,0,0,0,0,1
2022,PROV. SUMATERA BARAT,13,KAB. PASAMAN BARAT,1312,Swasta,5,0,1,0,1,0,7
2022,PROV. SUMATERA BARAT,13,KAB. PASAMAN BARAT,1312,Negeri,25,5,1,7,13,7,58
2022,PROV. SUMATERA BARAT,13,KOTA PADANG,1371,Swasta,7,0,1,0,4,2,14
2022,PROV. SUMATERA BARAT,13,KOTA PADANG,1371,Negeri,43,5,1,1,8,9,67
2022,PROV. SUMATERA BARAT,13,KOTA SOLOK,1372,Negeri,6,0,1,0,1,1,9
2022,PROV. SUMATERA BARAT,13,KOTA SOLOK,1372,Swasta,1,0,0,0,0,0,1
2022,PROV. SUMATERA BARAT,13,KOTA SAWAHLUNTO,1373,Swasta,0,0,0,0,0,0,0
2022,PROV. SUMATERA BARAT,13,KOTA SAWAHLUNTO,1373,Negeri,3,0,0,0,0,0,3
2022,PROV. SUMATERA BARAT,13,KOTA PADANG PANJANG,1374,Negeri,0,1,0,0,1,0,2
2022,PROV. SUMATERA BARAT,13,KOTA PADANG PANJANG,1374,Swasta,1,0,0,0,0,0,1
2022,PROV. SUMATERA BARAT,13,KOTA BUKITTINGGI,1375,Negeri,3,0,0,0,1,0,4
2022,PROV. SUMATERA BARAT,13,KOTA BUKITTINGGI,1375,Swasta,1,0,0,0,0,0,1
2022,PROV. SUMATERA BARAT,13,KOTA PAYAKUMBUH,1376,Swasta,0,1,0,0,0,0,1
2022,PROV. SUMATERA BARAT,13,KOTA PAYAKUMBUH,1376,Negeri,13,1,1,2,0,1,18
2022,PROV. SUMATERA BARAT,13,KOTA PARIAMAN,1377,Swasta,2,0,0,0,0,0,2
2022,PROV. SUMATERA BARAT,13,KOTA PARIAMAN,1377,Negeri,10,0,2,1,3,0,16
2022,PROV. RIAU,14,KAB. KAMPAR,1401,Negeri,34,12,9,5,17,9,86
2022,PROV. RIAU,14,KAB. KAMPAR,1401,Swasta,3,0,0,1,0,0,4
2022,PROV. RIAU,14,KAB. INDRAGIRI HULU,1402,Swasta,3,1,0,0,0,0,4
2022,PROV. RIAU,14,KAB. INDRAGIRI HULU,1402,Negeri,38,21,8,8,32,21,128
2022,PROV. RIAU,14,KAB. BENGKALIS,1403,Negeri,21,3,4,4,15,15,62
2022,PROV. RIAU,14,KAB. BENGKALIS,1403,Swasta,5,2,0,4,1,0,12
2022,PROV. RIAU,14,KAB. INDRAGIRI HILIR,1404,Swasta,8,1,1,2,8,3,23
2022,PROV. RIAU,14,KAB. INDRAGIRI HILIR,1404,Negeri,45,14,9,5,22,7,102
2022,PROV. RIAU,14,KAB. PELALAWAN,1405,Swasta,0,1,0,0,3,0,4
2022,PROV. RIAU,14,KAB. PELALAWAN,1405,Negeri,39,6,7,2,9,4,67
2022,PROV. RIAU,14,KAB. ROKAN HULU,1406,Swasta,7,5,13,7,4,5,41
2022,PROV. RIAU,14,KAB. ROKAN HULU,1406,Negeri,23,6,8,6,13,6,62
2022,PROV. RIAU,14,KAB. ROKAN HILIR,1407,Swasta,8,5,1,6,4,1,25
2022,PROV. RIAU,14,KAB. ROKAN HILIR,1407,Negeri,66,30,10,10,6,10,132
2022,PROV. RIAU,14,KAB. SIAK,1408,Negeri,18,6,2,1,10,6,43
2022,PROV. RIAU,14,KAB. SIAK,1408,Swasta,1,1,0,0,6,1,9
2022,PROV. RIAU,14,KAB. KUANTAN SINGINGI,1409,Negeri,9,0,0,2,6,4,21
2022,PROV. RIAU,14,KAB. KUANTAN SINGINGI,1409,Swasta,1,0,0,1,0,0,2
2022,PROV. RIAU,14,KAB. KEPULAUAN MERANTI,1410,Negeri,15,6,4,6,13,12,56
2022,PROV. RIAU,14,KAB. KEPULAUAN MERANTI,1410,Swasta,1,0,0,0,0,0,1
2022,PROV. RIAU,14,KOTA PEKANBARU,1471,Negeri,48,15,4,13,6,3,89
2022,PROV. RIAU,14,KOTA PEKANBARU,1471,Swasta,47,3,0,2,2,1,55
2022,PROV. RIAU,14,KOTA DUMAI,1472,Swasta,1,2,0,0,0,0,3
2022,PROV. RIAU,14,KOTA DUMAI,1472,Negeri,9,1,0,6,3,1,20
2022,PROV. JAMBI,15,KAB. KERINCI,1501,Swasta,0,0,0,1,0,0,1
2022,PROV. JAMBI,15,KAB. KERINCI,1501,Negeri,89,21,17,11,9,18,165
2022,PROV. JAMBI,15,KAB. MERANGIN,1502,Swasta,0,1,0,0,0,0,1
2022,PROV. JAMBI,15,KAB. MERANGIN,1502,Negeri,23,4,2,1,4,1,35
2022,PROV. JAMBI,15,KAB. SAROLANGUN,1503,Negeri,24,0,2,0,3,4,33
2022,PROV. JAMBI,15,KAB. SAROLANGUN,1503,Swasta,2,0,1,0,0,0,3
2022,PROV. JAMBI,15,KAB. BATANGHARI,1504,Swasta,0,0,0,0,0,0,0
2022,PROV. JAMBI,15,KAB. BATANGHARI,1504,Negeri,21,1,2,1,4,2,31
2022,PROV. JAMBI,15,KAB. MUARO JAMBI,1505,Negeri,19,1,4,0,7,2,33
2022,PROV. JAMBI,15,KAB. MUARO JAMBI,1505,Swasta,0,0,0,1,0,0,1
2022,PROV. JAMBI,15,KAB. TANJUNG JABUNG BARAT,1506,Negeri,85,7,0,4,9,3,108
2022,PROV. JAMBI,15,KAB. TANJUNG JABUNG BARAT,1506,Swasta,2,0,0,0,0,0,2
2022,PROV. JAMBI,15,KAB. TANJUNG JABUNG TIMUR,1507,Negeri,35,2,4,1,9,4,55
2022,PROV. JAMBI,15,KAB. TANJUNG JABUNG TIMUR,1507,Swasta,0,0,0,0,0,0,0
2022,PROV. JAMBI,15,KAB. BUNGO,1508,Swasta,0,1,0,0,0,0,1
2022,PROV. JAMBI,15,KAB. BUNGO,1508,Negeri,37,3,1,2,0,1,44
2022,PROV. JAMBI,15,KAB. TEBO,1509,Swasta,10,1,2,3,1,0,17
2022,PROV. JAMBI,15,KAB. TEBO,1509,Negeri,35,8,1,7,8,7,66
2022,PROV. JAMBI,15,KOTA JAMBI,1571,Negeri,27,2,1,3,1,4,38
2022,PROV. JAMBI,15,KOTA JAMBI,1571,Swasta,5,1,3,2,0,1,12
2022,PROV. JAMBI,15,KOTA SUNGAI PENUH,1572,Negeri,11,0,2,1,3,1,18
2022,PROV. JAMBI,15,KOTA SUNGAI PENUH,1572,Swasta,0,0,0,0,0,0,0
2022,PROV. SUMATERA SELATAN,16,KAB. OGAN KOMERING ULU,1601,Swasta,1,0,0,1,0,0,2
2022,PROV. SUMATERA SELATAN,16,KAB. OGAN KOMERING ULU,1601,Negeri,99,7,3,4,2,4,119
2022,PROV. SUMATERA SELATAN,16,KAB. OGAN KOMERING ILIR,1602,Swasta,1,0,4,2,0,0,7
2022,PROV. SUMATERA SELATAN,16,KAB. OGAN KOMERING ILIR,1602,Negeri,64,20,24,33,40,33,214
2022,PROV. SUMATERA SELATAN,16,KAB. MUARA ENIM,1603,Negeri,108,11,8,10,21,12,170
2022,PROV. SUMATERA SELATAN,16,KAB. MUARA ENIM,1603,Swasta,1,0,0,1,2,0,4
2022,PROV. SUMATERA SELATAN,16,KAB. LAHAT,1604,Swasta,1,0,0,0,0,0,1
2022,PROV. SUMATERA SELATAN,16,KAB. LAHAT,1604,Negeri,34,4,0,4,7,2,51
2022,PROV. SUMATERA SELATAN,16,KAB. MUSI RAWAS,1605,Swasta,14,0,0,0,0,0,14
2022,PROV. SUMATERA SELATAN,16,KAB. MUSI RAWAS,1605,Negeri,154,4,6,3,9,3,179
2022,PROV. SUMATERA SELATAN,16,KAB. MUSI BANYUASIN,1606,Swasta,8,3,1,1,2,2,17
2022,PROV. SUMATERA SELATAN,16,KAB. MUSI BANYUASIN,1606,Negeri,120,12,4,12,33,16,197
2022,PROV. SUMATERA SELATAN,16,KAB. BANYUASIN,1607,Swasta,1,0,0,0,1,0,2
2022,PROV. SUMATERA SELATAN,16,KAB. BANYUASIN,1607,Negeri,53,2,5,21,73,24,178
2022,PROV. SUMATERA SELATAN,16,KAB. OGAN KOMERING ULU TIMUR,1608,Swasta,0,0,0,0,0,0,0
2022,PROV. SUMATERA SELATAN,16,KAB. OGAN KOMERING ULU TIMUR,1608,Negeri,45,0,3,2,9,11,70
2022,PROV. SUMATERA SELATAN,16,KAB. OGAN KOMERING ULU SELATAN,1609,Swasta,12,0,0,0,3,0,15
2022,PROV. SUMATERA SELATAN,16,KAB. OGAN KOMERING ULU SELATAN,1609,Negeri,60,1,2,5,11,12,91
2022,PROV. SUMATERA SELATAN,16,KAB. OGAN ILIR,1610,Negeri,54,3,1,1,8,7,74
2022,PROV. SUMATERA SELATAN,16,KAB. OGAN ILIR,1610,Swasta,2,0,0,0,0,0,2
2022,PROV. SUMATERA SELATAN,16,KAB. EMPAT LAWANG,1611,Negeri,39,7,5,3,3,9,66
2022,PROV. SUMATERA SELATAN,16,KAB. EMPAT LAWANG,1611,Swasta,0,0,0,0,0,0,0
2022,PROV. SUMATERA SELATAN,16,KAB. PENUKAL ABAB LEMATANG ILIR,1612,Negeri,26,5,27,4,22,14,98
2022,PROV. SUMATERA SELATAN,16,KAB. PENUKAL ABAB LEMATANG ILIR,1612,Swasta,3,1,0,0,0,0,4
2022,PROV. SUMATERA SELATAN,16,KAB. MUSI RAWAS UTARA,1613,Swasta,0,0,0,0,0,0,0
2022,PROV. SUMATERA SELATAN,16,KAB. MUSI RAWAS UTARA,1613,Negeri,14,3,4,3,6,8,38
2022,PROV. SUMATERA SELATAN,16,KOTA PALEMBANG,1671,Negeri,100,12,10,9,21,7,159
2022,PROV. SUMATERA SELATAN,16,KOTA PALEMBANG,1671,Swasta,5,9,1,0,4,1,20
2022,PROV. SUMATERA SELATAN,16,KOTA PAGAR ALAM,1672,Negeri,8,0,0,0,0,0,8
2022,PROV. SUMATERA SELATAN,16,KOTA PAGAR ALAM,1672,Swasta,2,0,0,0,0,0,2
2022,PROV. SUMATERA SELATAN,16,KOTA LUBUK LINGGAU,1673,Swasta,0,0,0,0,0,0,0
2022,PROV. SUMATERA SELATAN,16,KOTA LUBUK LINGGAU,1673,Negeri,18,4,1,2,4,1,30
2022,PROV. SUMATERA SELATAN,16,KOTA PRABUMULIH,1674,Negeri,28,2,5,3,8,8,54
2022,PROV. SUMATERA SELATAN,16,KOTA PRABUMULIH,1674,Swasta,1,0,0,0,0,0,1
2022,PROV. BENGKULU,17,KAB. BENGKULU SELATAN,1701,Negeri,56,4,6,1,2,1,70
2022,PROV. BENGKULU,17,KAB. BENGKULU SELATAN,1701,Swasta,0,0,0,0,0,0,0
2022,PROV. BENGKULU,17,KAB. REJANG LEBONG,1702,Negeri,14,4,0,0,0,1,19
2022,PROV. BENGKULU,17,KAB. REJANG LEBONG,1702,Swasta,2,0,0,0,0,0,2
2022,PROV. BENGKULU,17,KAB. BENGKULU UTARA,1703,Negeri,15,0,1,1,6,4,27
2022,PROV. BENGKULU,17,KAB. BENGKULU UTARA,1703,Swasta,0,0,0,0,0,0,0
2022,PROV. BENGKULU,17,KAB. KAUR,1704,Swasta,4,0,0,1,0,0,5
2022,PROV. BENGKULU,17,KAB. KAUR,1704,Negeri,26,4,0,1,0,1,32
2022,PROV. BENGKULU,17,KAB. SELUMA,1705,Swasta,0,0,0,0,0,0,0
2022,PROV. BENGKULU,17,KAB. SELUMA,1705,Negeri,6,3,2,5,2,13,31
2022,PROV. BENGKULU,17,KAB. MUKOMUKO,1706,Swasta,1,1,1,0,1,0,4
2022,PROV. BENGKULU,17,KAB. MUKOMUKO,1706,Negeri,13,3,3,1,7,3,30
2022,PROV. BENGKULU,17,KAB. LEBONG,1707,Negeri,6,0,0,0,0,0,6
2022,PROV. BENGKULU,17,KAB. LEBONG,1707,Swasta,2,0,0,0,0,0,2
2022,PROV. BENGKULU,17,KAB. KEPAHIANG,1708,Negeri,5,2,2,3,3,0,15
2022,PROV. BENGKULU,17,KAB. KEPAHIANG,1708,Swasta,0,0,0,0,0,0,0
2022,PROV. BENGKULU,17,KAB. BENGKULU TENGAH,1709,Negeri,8,1,0,1,4,4,18
2022,PROV. BENGKULU,17,KAB. BENGKULU TENGAH,1709,Swasta,1,0,0,0,0,0,1
2022,PROV. BENGKULU,17,KOTA BENGKULU,1771,Negeri,10,1,1,1,3,2,18
2022,PROV. BENGKULU,17,KOTA BENGKULU,1771,Swasta,4,1,1,0,0,0,6
2022,PROV. LAMPUNG,18,KAB. LAMPUNG SELATAN,1801,Swasta,4,1,0,0,0,0,5
2022,PROV. LAMPUNG,18,KAB. LAMPUNG SELATAN,1801,Negeri,63,12,5,8,19,13,120
2022,PROV. LAMPUNG,18,KAB. LAMPUNG TENGAH,1802,Negeri,23,3,5,2,9,13,55
2022,PROV. LAMPUNG,18,KAB. LAMPUNG TENGAH,1802,Swasta,7,0,0,0,1,11,19
2022,PROV. LAMPUNG,18,KAB. LAMPUNG UTARA,1803,Negeri,42,6,2,1,5,8,64
2022,PROV. LAMPUNG,18,KAB. LAMPUNG UTARA,1803,Swasta,1,0,0,0,0,1,2
2022,PROV. LAMPUNG,18,KAB. LAMPUNG BARAT,1804,Negeri,15,3,0,1,4,1,24
2022,PROV. LAMPUNG,18,KAB. LAMPUNG BARAT,1804,Swasta,0,0,1,0,1,0,2
2022,PROV. LAMPUNG,18,KAB. TULANG BAWANG,1805,Negeri,20,2,4,7,3,6,42
2022,PROV. LAMPUNG,18,KAB. TULANG BAWANG,1805,Swasta,10,0,0,0,5,0,15
2022,PROV. LAMPUNG,18,KAB. TANGGAMUS,1806,Negeri,33,11,2,2,7,7,62
2022,PROV. LAMPUNG,18,KAB. TANGGAMUS,1806,Swasta,0,0,0,0,0,0,0
2022,PROV. LAMPUNG,18,KAB. LAMPUNG TIMUR,1807,Negeri,41,2,4,8,7,14,76
2022,PROV. LAMPUNG,18,KAB. LAMPUNG TIMUR,1807,Swasta,3,0,0,1,0,0,4
2022,PROV. LAMPUNG,18,KAB. WAY KANAN,1808,Swasta,0,2,0,0,0,0,2
2022,PROV. LAMPUNG,18,KAB. WAY KANAN,1808,Negeri,42,0,1,2,5,2,52
2022,PROV. LAMPUNG,18,KAB. PESAWARAN,1809,Negeri,32,5,3,9,11,6,66
2022,PROV. LAMPUNG,18,KAB. PESAWARAN,1809,Swasta,0,0,0,0,0,0,0
2022,PROV. LAMPUNG,18,KAB. PRINGSEWU,1810,Swasta,0,0,0,0,0,0,0
2022,PROV. LAMPUNG,18,KAB. PRINGSEWU,1810,Negeri,20,0,0,4,2,5,31
2022,PROV. LAMPUNG,18,KAB. MESUJI,1811,Swasta,8,0,0,2,0,0,10
2022,PROV. LAMPUNG,18,KAB. MESUJI,1811,Negeri,13,3,3,3,4,0,26
2022,PROV. LAMPUNG,18,KAB. TULANG BAWANG BARAT,1812,Swasta,3,0,0,0,0,0,3
2022,PROV. LAMPUNG,18,KAB. TULANG BAWANG BARAT,1812,Negeri,15,1,1,1,0,1,19
2022,PROV. LAMPUNG,18,KAB. PESISIR BARAT,1813,Negeri,37,0,1,2,1,2,43
2022,PROV. LAMPUNG,18,KAB. PESISIR BARAT,1813,Swasta,0,0,0,0,0,0,0
2022,PROV. LAMPUNG,18,KOTA BANDAR LAMPUNG,1871,Swasta,6,2,1,0,2,0,11
2022,PROV. LAMPUNG,18,KOTA BANDAR LAMPUNG,1871,Negeri,64,9,1,4,5,6,89
2022,PROV. LAMPUNG,18,KOTA METRO,1872,Swasta,0,0,0,0,1,0,1
2022,PROV. LAMPUNG,18,KOTA METRO,1872,Negeri,5,0,0,0,0,1,6
2022,PROV. KEPULAUAN BANGKA BELITUNG,19,KAB. BANGKA,1901,Negeri,28,3,6,11,13,2,63
2022,PROV. KEPULAUAN BANGKA BELITUNG,19,KAB. BANGKA,1901,Swasta,8,0,0,0,0,0,8
2022,PROV. KEPULAUAN BANGKA BELITUNG,19,KAB. BELITUNG,1902,Negeri,3,1,2,3,4,1,14
2022,PROV. KEPULAUAN BANGKA BELITUNG,19,KAB. BELITUNG,1902,Swasta,0,0,0,0,0,0,0
2022,PROV. KEPULAUAN BANGKA BELITUNG,19,KAB. BANGKA SELATAN,1903,Negeri,6,5,3,5,17,6,42
2022,PROV. KEPULAUAN BANGKA BELITUNG,19,KAB. BANGKA SELATAN,1903,Swasta,0,0,0,0,0,0,0
2022,PROV. KEPULAUAN BANGKA BELITUNG,19,KAB. BANGKA TENGAH,1904,Swasta,1,0,0,0,0,0,1
2022,PROV. KEPULAUAN BANGKA BELITUNG,19,KAB. BANGKA TENGAH,1904,Negeri,7,1,1,3,1,2,15
2022,PROV. KEPULAUAN BANGKA BELITUNG,19,KAB. BANGKA BARAT,1905,Swasta,2,0,0,0,0,0,2
2022,PROV. KEPULAUAN BANGKA BELITUNG,19,KAB. BANGKA BARAT,1905,Negeri,12,2,3,3,10,7,37
2022,PROV. KEPULAUAN BANGKA BELITUNG,19,KAB. BELITUNG TIMUR,1906,Swasta,0,0,0,0,0,0,0
2022,PROV. KEPULAUAN BANGKA BELITUNG,19,KAB. BELITUNG TIMUR,1906,Negeri,7,1,0,2,3,3,16
2022,PROV. KEPULAUAN BANGKA BELITUNG,19,KOTA PANGKAL PINANG,1971,Negeri,21,3,1,3,1,3,32
2022,PROV. KEPULAUAN BANGKA BELITUNG,19,KOTA PANGKAL PINANG,1971,Swasta,1,0,0,0,0,0,1
2022,PROV. KEPULAUAN RIAU,21,KAB. BINTAN,2101,Swasta,1,0,0,0,0,0,1
2022,PROV. KEPULAUAN RIAU,21,KAB. BINTAN,2101,Negeri,23,2,0,3,6,0,34
2022,PROV. KEPULAUAN RIAU,21,KAB. KARIMUN,2102,Negeri,24,0,1,0,3,0,28
2022,PROV. KEPULAUAN RIAU,21,KAB. KARIMUN,2102,Swasta,4,0,0,0,0,0,4
2022,PROV. KEPULAUAN RIAU,21,KAB. NATUNA,2103,Swasta,0,0,0,0,0,0,0
2022,PROV. KEPULAUAN RIAU,21,KAB. NATUNA,2103,Negeri,3,0,0,0,0,1,4
2022,PROV. KEPULAUAN RIAU,21,KAB. LINGGA,2104,Swasta,0,0,0,0,0,0,0
2022,PROV. KEPULAUAN RIAU,21,KAB. LINGGA,2104,Negeri,1,0,0,0,0,1,2
2022,PROV. KEPULAUAN RIAU,21,KAB. KEPULAUAN ANAMBAS,2105,Negeri,2,3,1,1,0,0,7
2022,PROV. KEPULAUAN RIAU,21,KAB. KEPULAUAN ANAMBAS,2105,Swasta,0,0,0,0,0,0,0
2022,PROV. KEPULAUAN RIAU,21,KOTA BATAM,2171,Swasta,51,17,8,4,6,2,88
2022,PROV. KEPULAUAN RIAU,21,KOTA BATAM,2171,Negeri,67,4,2,2,3,3,81
2022,PROV. KEPULAUAN RIAU,21,KOTA TANJUNG PINANG,2172,Negeri,9,1,0,0,1,0,11
2022,PROV. KEPULAUAN RIAU,21,KOTA TANJUNG PINANG,2172,Swasta,10,0,1,0,0,0,11
2022,PROV. D.K.I. JAKARTA,31,KAB. ADM. KEP. SERIBU,3101,Negeri,1,0,0,0,0,0,1
2022,PROV. D.K.I. JAKARTA,31,KAB. ADM. KEP. SERIBU,3101,Swasta,0,0,0,0,0,0,0
2022,PROV. D.K.I. JAKARTA,31,KOTA ADM. JAKARTA PUSAT,3171,Negeri,28,4,2,3,5,0,42
2022,PROV. D.K.I. JAKARTA,31,KOTA ADM. JAKARTA PUSAT,3171,Swasta,13,1,0,0,1,0,15
2022,PROV. D.K.I. JAKARTA,31,KOTA ADM. JAKARTA UTARA,3172,Swasta,83,9,9,9,13,2,125
2022,PROV. D.K.I. JAKARTA,31,KOTA ADM. JAKARTA UTARA,3172,Negeri,27,1,4,3,1,1,37
2022,PROV. D.K.I. JAKARTA,31,KOTA ADM. JAKARTA BARAT,3173,Swasta,62,6,3,6,33,3,113
2022,PROV. D.K.I. JAKARTA,31,KOTA ADM. JAKARTA BARAT,3173,Negeri,101,8,5,2,3,3,122
2022,PROV. D.K.I. JAKARTA,31,KOTA ADM. JAKARTA SELATAN,3174,Negeri,61,0,7,3,1,2,74
2022,PROV. D.K.I. JAKARTA,31,KOTA ADM. JAKARTA SELATAN,3174,Swasta,58,2,1,1,3,0,65
2022,PROV. D.K.I. JAKARTA,31,KOTA ADM. JAKARTA TIMUR,3175,Swasta,25,5,0,0,6,4,40
2022,PROV. D.K.I. JAKARTA,31,KOTA ADM. JAKARTA TIMUR,3175,Negeri,144,9,6,5,10,7,181
2022,PROV. JAWA BARAT,32,KAB. BOGOR,3201,Negeri,507,30,26,25,83,47,718
2022,PROV. JAWA BARAT,32,KAB. BOGOR,3201,Swasta,47,4,3,2,5,2,63
2022,PROV. JAWA BARAT,32,KAB. SUKABUMI,3202,Negeri,293,16,10,6,14,10,349
2022,PROV. JAWA BARAT,32,KAB. SUKABUMI,3202,Swasta,15,3,1,2,2,2,25
2022,PROV. JAWA BARAT,32,KAB. CIANJUR,3203,Swasta,9,0,0,2,0,0,11
2022,PROV. JAWA BARAT,32,KAB. CIANJUR,3203,Negeri,401,24,22,14,17,11,489
2022,PROV. JAWA BARAT,32,KAB. BANDUNG,3204,Negeri,344,24,11,12,17,12,420
2022,PROV. JAWA BARAT,32,KAB. BANDUNG,3204,Swasta,32,1,3,2,4,3,45
2022,PROV. JAWA BARAT,32,KAB. GARUT,3205,Negeri,243,14,6,9,14,14,300
2022,PROV. JAWA BARAT,32,KAB. GARUT,3205,Swasta,12,0,4,0,0,0,16
2022,PROV. JAWA BARAT,32,KAB. TASIKMALAYA,3206,Negeri,164,5,4,5,5,7,190
2022,PROV. JAWA BARAT,32,KAB. TASIKMALAYA,3206,Swasta,3,1,0,0,0,0,4
2022,PROV. JAWA BARAT,32,KAB. CIAMIS,3207,Swasta,0,0,0,0,0,0,0
2022,PROV. JAWA BARAT,32,KAB. CIAMIS,3207,Negeri,62,4,3,2,4,3,78
2022,PROV. JAWA BARAT,32,KAB. KUNINGAN,3208,Negeri,80,4,8,0,4,5,101
2022,PROV. JAWA BARAT,32,KAB. KUNINGAN,3208,Swasta,2,0,0,1,0,0,3
2022,PROV. JAWA BARAT,32,KAB. CIREBON,3209,Swasta,12,1,0,1,0,0,14
2022,PROV. JAWA BARAT,32,KAB. CIREBON,3209,Negeri,134,12,12,5,37,17,217
2022,PROV. JAWA BARAT,32,KAB. MAJALENGKA,3210,Swasta,1,2,0,1,0,0,4
2022,PROV. JAWA BARAT,32,KAB. MAJALENGKA,3210,Negeri,117,5,3,7,7,4,143
2022,PROV. JAWA BARAT,32,KAB. SUMEDANG,3211,Swasta,3,1,0,0,0,0,4
2022,PROV. JAWA BARAT,32,KAB. SUMEDANG,3211,Negeri,98,6,3,1,4,1,113
2022,PROV. JAWA BARAT,32,KAB. INDRAMAYU,3212,Negeri,153,8,6,13,12,5,197
2022,PROV. JAWA BARAT,32,KAB. INDRAMAYU,3212,Swasta,9,0,1,1,0,0,11
2022,PROV. JAWA BARAT,32,KAB. SUBANG,3213,Swasta,4,4,3,2,0,0,13
2022,PROV. JAWA BARAT,32,KAB. SUBANG,3213,Negeri,80,5,12,5,6,5,113
2022,PROV. JAWA BARAT,32,KAB. PURWAKARTA,3214,Negeri,71,2,1,0,2,2,78
2022,PROV. JAWA BARAT,32,KAB. PURWAKARTA,3214,Swasta,5,1,0,0,0,0,6
2022,PROV. JAWA BARAT,32,KAB. KARAWANG,3215,Negeri,296,19,12,16,13,16,372
2022,PROV. JAWA BARAT,32,KAB. KARAWANG,3215,Swasta,16,0,0,0,0,0,16
2022,PROV. JAWA BARAT,32,KAB. BEKASI,3216,Swasta,62,7,5,9,5,2,90
2022,PROV. JAWA BARAT,32,KAB. BEKASI,3216,Negeri,110,18,9,12,13,15,177
2022,PROV. JAWA BARAT,32,KAB. BANDUNG BARAT,3217,Swasta,4,0,0,0,0,0,4
2022,PROV. JAWA BARAT,32,KAB. BANDUNG BARAT,3217,Negeri,157,8,9,5,10,9,198
2022,PROV. JAWA BARAT,32,KAB. PANGANDARAN,3218,Negeri,18,2,1,1,0,1,23
2022,PROV. JAWA BARAT,32,KAB. PANGANDARAN,3218,Swasta,0,0,0,0,0,0,0
2022,PROV. JAWA BARAT,32,KOTA BOGOR,3271,Negeri,32,0,2,0,2,0,36
2022,PROV. JAWA BARAT,32,KOTA BOGOR,3271,Swasta,5,1,0,2,2,0,10
2022,PROV. JAWA BARAT,32,KOTA SUKABUMI,3272,Negeri,26,1,0,0,2,1,30
2022,PROV. JAWA BARAT,32,KOTA SUKABUMI,3272,Swasta,1,0,0,0,0,0,1
2022,PROV. JAWA BARAT,32,KOTA BANDUNG,3273,Negeri,86,3,2,4,5,0,100
2022,PROV. JAWA BARAT,32,KOTA BANDUNG,3273,Swasta,31,0,0,2,1,1,35
2022,PROV. JAWA BARAT,32,KOTA CIREBON,3274,Negeri,16,2,0,0,1,4,23
2022,PROV. JAWA BARAT,32,KOTA CIREBON,3274,Swasta,0,0,0,0,0,0,0
2022,PROV. JAWA BARAT,32,KOTA BEKASI,3275,Swasta,32,10,4,5,7,2,60
2022,PROV. JAWA BARAT,32,KOTA BEKASI,3275,Negeri,91,10,1,4,4,6,116
2022,PROV. JAWA BARAT,32,KOTA DEPOK,3276,Swasta,27,11,4,4,4,5,55
2022,PROV. JAWA BARAT,32,KOTA DEPOK,3276,Negeri,84,4,5,1,1,4,99
2022,PROV. JAWA BARAT,32,KOTA CIMAHI,3277,Negeri,18,0,0,0,0,0,18
2022,PROV. JAWA BARAT,32,KOTA CIMAHI,3277,Swasta,5,0,0,1,0,0,6
2022,PROV. JAWA BARAT,32,KOTA TASIKMALAYA,3278,Negeri,46,0,0,1,3,5,55
2022,PROV. JAWA BARAT,32,KOTA TASIKMALAYA,3278,Swasta,9,0,0,0,0,0,9
2022,PROV. JAWA BARAT,32,KOTA BANJAR,3279,Negeri,14,0,0,0,0,0,14
2022,PROV. JAWA BARAT,32,KOTA BANJAR,3279,Swasta,0,0,0,0,0,0,0
2022,PROV. JAWA TENGAH,33,KAB. CILACAP,3301,Negeri,84,3,3,5,5,4,104
2022,PROV. JAWA TENGAH,33,KAB. CILACAP,3301,Swasta,3,1,0,1,0,0,5
2022,PROV. JAWA TENGAH,33,KAB. BANYUMAS,3302,Swasta,4,0,0,0,0,0,4
2022,PROV. JAWA TENGAH,33,KAB. BANYUMAS,3302,Negeri,67,4,6,2,3,6,88
2022,PROV. JAWA TENGAH,33,KAB. PURBALINGGA,3303,Swasta,1,0,0,0,1,0,2
2022,PROV. JAWA TENGAH,33,KAB. PURBALINGGA,3303,Negeri,43,2,3,3,1,2,54
2022,PROV. JAWA TENGAH,33,KAB. BANJARNEGARA,3304,Swasta,2,0,0,0,0,0,2
2022,PROV. JAWA TENGAH,33,KAB. BANJARNEGARA,3304,Negeri,84,6,7,6,13,5,121
2022,PROV. JAWA TENGAH,33,KAB. KEBUMEN,3305,Negeri,76,2,9,9,7,3,106
2022,PROV. JAWA TENGAH,33,KAB. KEBUMEN,3305,Swasta,5,0,0,0,0,0,5
2022,PROV. JAWA TENGAH,33,KAB. PURWOREJO,3306,Negeri,8,1,0,1,2,2,14
2022,PROV. JAWA TENGAH,33,KAB. PURWOREJO,3306,Swasta,0,0,0,0,0,0,0
2022,PROV. JAWA TENGAH,33,KAB. WONOSOBO,3307,Negeri,21,3,4,5,4,4,41
2022,PROV. JAWA TENGAH,33,KAB. WONOSOBO,3307,Swasta,3,0,1,0,1,0,5
2022,PROV. JAWA TENGAH,33,KAB. MAGELANG,3308,Swasta,5,2,2,3,0,1,13
2022,PROV. JAWA TENGAH,33,KAB. MAGELANG,3308,Negeri,33,1,0,3,7,1,45
2022,PROV. JAWA TENGAH,33,KAB. BOYOLALI,3309,Negeri,28,2,1,2,3,0,36
2022,PROV. JAWA TENGAH,33,KAB. BOYOLALI,3309,Swasta,2,0,1,0,0,0,3
2022,PROV. JAWA TENGAH,33,KAB. KLATEN,3310,Negeri,17,4,2,2,3,1,29
2022,PROV. JAWA TENGAH,33,KAB. KLATEN,3310,Swasta,3,0,0,0,0,0,3
2022,PROV. JAWA TENGAH,33,KAB. SUKOHARJO,3311,Negeri,24,1,0,3,1,1,30
2022,PROV. JAWA TENGAH,33,KAB. SUKOHARJO,3311,Swasta,4,0,0,0,0,0,4
2022,PROV. JAWA TENGAH,33,KAB. WONOGIRI,3312,Swasta,3,0,0,0,0,0,3
2022,PROV. JAWA TENGAH,33,KAB. WONOGIRI,3312,Negeri,27,2,0,3,2,3,37
2022,PROV. JAWA TENGAH,33,KAB. KARANGANYAR,3313,Swasta,0,0,0,0,0,0,0
2022,PROV. JAWA TENGAH,33,KAB. KARANGANYAR,3313,Negeri,17,1,1,1,3,2,25
2022,PROV. JAWA TENGAH,33,KAB. SRAGEN,3314,Negeri,45,2,1,3,3,1,55
2022,PROV. JAWA TENGAH,33,KAB. SRAGEN,3314,Swasta,5,0,0,0,0,0,5
2022,PROV. JAWA TENGAH,33,KAB. GROBOGAN,3315,Negeri,59,7,6,4,3,3,82
2022,PROV. JAWA TENGAH,33,KAB. GROBOGAN,3315,Swasta,1,0,0,0,0,3,4
2022,PROV. JAWA TENGAH,33,KAB. BLORA,3316,Swasta,0,0,0,0,0,0,0
2022,PROV. JAWA TENGAH,33,KAB. BLORA,3316,Negeri,76,2,2,2,2,0,84
2022,PROV. JAWA TENGAH,33,KAB. REMBANG,3317,Negeri,5,1,1,0,1,0,8
2022,PROV. JAWA TENGAH,33,KAB. REMBANG,3317,Swasta,7,0,0,0,0,0,7
2022,PROV. JAWA TENGAH,33,KAB. PATI,3318,Negeri,74,3,2,1,3,4,87
2022,PROV. JAWA TENGAH,33,KAB. PATI,3318,Swasta,3,0,0,0,0,0,3
2022,PROV. JAWA TENGAH,33,KAB. KUDUS,3319,Negeri,28,2,2,5,2,1,40
2022,PROV. JAWA TENGAH,33,KAB. KUDUS,3319,Swasta,3,1,0,0,1,0,5
2022,PROV. JAWA TENGAH,33,KAB. JEPARA,3320,Swasta,3,0,0,1,1,0,5
2022,PROV. JAWA TENGAH,33,KAB. JEPARA,3320,Negeri,41,1,0,0,2,3,47
2022,PROV. JAWA TENGAH,33,KAB. DEMAK,3321,Negeri,87,6,4,6,4,5,112
2022,PROV. JAWA TENGAH,33,KAB. DEMAK,3321,Swasta,15,0,1,1,0,1,18
2022,PROV. JAWA TENGAH,33,KAB. SEMARANG,3322,Swasta,6,0,0,1,0,0,7
2022,PROV. JAWA TENGAH,33,KAB. SEMARANG,3322,Negeri,42,0,0,1,2,1,46
2022,PROV. JAWA TENGAH,33,KAB. TEMANGGUNG,3323,Negeri,5,1,1,2,3,3,15
2022,PROV. JAWA TENGAH,33,KAB. TEMANGGUNG,3323,Swasta,1,0,0,0,0,0,1
2022,PROV. JAWA TENGAH,33,KAB. KENDAL,3324,Swasta,1,0,0,0,0,0,1
2022,PROV. JAWA TENGAH,33,KAB. KENDAL,3324,Negeri,35,0,1,1,1,1,39
2022,PROV. JAWA TENGAH,33,KAB. BATANG,3325,Negeri,55,4,4,3,10,3,79
2022,PROV. JAWA TENGAH,33,KAB. BATANG,3325,Swasta,1,0,0,0,0,0,1
2022,PROV. JAWA TENGAH,33,KAB. PEKALONGAN,3326,Swasta,1,0,0,1,0,0,2
2022,PROV. JAWA TENGAH,33,KAB. PEKALONGAN,3326,Negeri,32,4,4,8,11,6,65
2022,PROV. JAWA TENGAH,33,KAB. PEMALANG,3327,Swasta,6,0,0,0,0,0,6
2022,PROV. JAWA TENGAH,33,KAB. PEMALANG,3327,Negeri,72,7,7,16,21,12,135
2022,PROV. JAWA TENGAH,33,KAB. TEGAL,3328,Swasta,3,0,0,1,0,0,4
2022,PROV. JAWA TENGAH,33,KAB. TEGAL,3328,Negeri,59,12,2,8,21,15,117
2022,PROV. JAWA TENGAH,33,KAB. BREBES,3329,Swasta,2,0,0,1,0,0,3
2022,PROV. JAWA TENGAH,33,KAB. BREBES,3329,Negeri,131,19,10,17,21,20,218
2022,PROV. JAWA TENGAH,33,KOTA MAGELANG,3371,Swasta,0,1,0,0,0,0,1
2022,PROV. JAWA TENGAH,33,KOTA MAGELANG,3371,Negeri,1,0,1,0,0,0,2
2022,PROV. JAWA TENGAH,33,KOTA SURAKARTA,3372,Swasta,8,2,1,1,0,1,13
2022,PROV. JAWA TENGAH,33,KOTA SURAKARTA,3372,Negeri,17,0,1,0,0,0,18
2022,PROV. JAWA TENGAH,33,KOTA SALATIGA,3373,Negeri,2,0,2,0,0,0,4
2022,PROV. JAWA TENGAH,33,KOTA SALATIGA,3373,Swasta,0,0,0,0,0,0,0
2022,PROV. JAWA TENGAH,33,KOTA SEMARANG,3374,Swasta,27,0,0,0,1,1,29
2022,PROV. JAWA TENGAH,33,KOTA SEMARANG,3374,Negeri,31,0,1,0,1,3,36
2022,PROV. JAWA TENGAH,33,KOTA PEKALONGAN,3375,Swasta,2,1,0,0,0,0,3
2022,PROV. JAWA TENGAH,33,KOTA PEKALONGAN,3375,Negeri,8,0,0,0,1,1,10
2022,PROV. JAWA TENGAH,33,KOTA TEGAL,3376,Negeri,7,2,0,1,2,2,14
2022,PROV. JAWA TENGAH,33,KOTA TEGAL,3376,Swasta,0,0,0,1,1,0,2
2022,PROV. D.I. YOGYAKARTA,34,KAB. KULON PROGO,3401,Swasta,2,0,0,0,0,0,2
2022,PROV. D.I. YOGYAKARTA,34,KAB. KULON PROGO,3401,Negeri,4,0,0,0,0,0,4
2022,PROV. D.I. YOGYAKARTA,34,KAB. BANTUL,3402,Swasta,8,1,0,0,0,0,9
2022,PROV. D.I. YOGYAKARTA,34,KAB. BANTUL,3402,Negeri,5,0,0,0,0,0,5
2022,PROV. D.I. YOGYAKARTA,34,KAB. GUNUNGKIDUL,3403,Swasta,6,0,0,0,0,0,6
2022,PROV. D.I. YOGYAKARTA,34,KAB. GUNUNGKIDUL,3403,Negeri,5,0,1,2,4,3,15
2022,PROV. D.I. YOGYAKARTA,34,KAB. SLEMAN,3404,Swasta,10,0,1,0,2,0,13
2022,PROV. D.I. YOGYAKARTA,34,KAB. SLEMAN,3404,Negeri,8,2,0,1,0,0,11
2022,PROV. D.I. YOGYAKARTA,34,KOTA YOGYAKARTA,3471,Swasta,13,3,1,1,0,0,18
2022,PROV. D.I. YOGYAKARTA,34,KOTA YOGYAKARTA,3471,Negeri,15,1,0,0,0,0,16
2022,PROV. JAWA TIMUR,35,KAB. PACITAN,3501,Swasta,0,0,0,0,0,0,0
2022,PROV. JAWA TIMUR,35,KAB. PACITAN,3501,Negeri,31,1,0,1,1,0,34
2022,PROV. JAWA TIMUR,35,KAB. PONOROGO,3502,Swasta,2,0,1,2,0,0,5
2022,PROV. JAWA TIMUR,35,KAB. PONOROGO,3502,Negeri,13,1,0,2,1,0,17
2022,PROV. JAWA TIMUR,35,KAB. TRENGGALEK,3503,Swasta,0,0,0,0,0,0,0
2022,PROV. JAWA TIMUR,35,KAB. TRENGGALEK,3503,Negeri,13,1,0,0,0,0,14
2022,PROV. JAWA TIMUR,35,KAB. TULUNGAGUNG,3504,Negeri,24,5,2,2,0,3,36
2022,PROV. JAWA TIMUR,35,KAB. TULUNGAGUNG,3504,Swasta,1,0,0,0,0,0,1
2022,PROV. JAWA TIMUR,35,KAB. BLITAR,3505,Negeri,24,1,1,4,8,2,40
2022,PROV. JAWA TIMUR,35,KAB. BLITAR,3505,Swasta,2,0,0,0,0,0,2
2022,PROV. JAWA TIMUR,35,KAB. KEDIRI,3506,Negeri,22,3,0,4,0,5,34
2022,PROV. JAWA TIMUR,35,KAB. KEDIRI,3506,Swasta,1,0,1,0,0,0,2
2022,PROV. JAWA TIMUR,35,KAB. MALANG,3507,Negeri,115,10,11,8,14,14,172
2022,PROV. JAWA TIMUR,35,KAB. MALANG,3507,Swasta,23,5,2,0,3,0,33
2022,PROV. JAWA TIMUR,35,KAB. LUMAJANG,3508,Swasta,0,0,0,0,1,0,1
2022,PROV. JAWA TIMUR,35,KAB. LUMAJANG,3508,Negeri,45,3,5,4,10,5,72
2022,PROV. JAWA TIMUR,35,KAB. JEMBER,3509,Swasta,8,4,1,5,3,0,21
2022,PROV. JAWA TIMUR,35,KAB. JEMBER,3509,Negeri,95,9,5,11,18,25,163
2022,PROV. JAWA TIMUR,35,KAB. BANYUWANGI,3510,Negeri,52,10,5,2,0,0,69
2022,PROV. JAWA TIMUR,35,KAB. BANYUWANGI,3510,Swasta,2,2,1,1,1,1,8
2022,PROV. JAWA TIMUR,35,KAB. BONDOWOSO,3511,Swasta,0,0,0,0,1,0,1
2022,PROV. JAWA TIMUR,35,KAB. BONDOWOSO,3511,Negeri,39,26,8,2,4,3,82
2022,PROV. JAWA TIMUR,35,KAB. SITUBONDO,3512,Negeri,35,19,4,3,4,1,66
2022,PROV. JAWA TIMUR,35,KAB. SITUBONDO,3512,Swasta,1,0,0,0,0,0,1
2022,PROV. JAWA TIMUR,35,KAB. PROBOLINGGO,3513,Swasta,4,3,4,3,20,1,35
2022,PROV. JAWA TIMUR,35,KAB. PROBOLINGGO,3513,Negeri,64,9,2,8,9,5,97
2022,PROV. JAWA TIMUR,35,KAB. PASURUAN,3514,Swasta,10,2,0,2,0,0,14
2022,PROV. JAWA TIMUR,35,KAB. PASURUAN,3514,Negeri,41,14,5,10,7,12,89
2022,PROV. JAWA TIMUR,35,KAB. SIDOARJO,3515,Swasta,17,0,1,2,1,0,21
2022,PROV. JAWA TIMUR,35,KAB. SIDOARJO,3515,Negeri,44,2,4,1,4,4,59
2022,PROV. JAWA TIMUR,35,KAB. MOJOKERTO,3516,Swasta,0,0,0,0,0,0,0
2022,PROV. JAWA TIMUR,35,KAB. MOJOKERTO,3516,Negeri,22,0,0,0,0,3,25
2022,PROV. JAWA TIMUR,35,KAB. JOMBANG,3517,Swasta,1,0,0,0,0,0,1
2022,PROV. JAWA TIMUR,35,KAB. JOMBANG,3517,Negeri,66,4,0,2,2,2,76
2022,PROV. JAWA TIMUR,35,KAB. NGANJUK,3518,Negeri,62,1,3,0,3,0,69
2022,PROV. JAWA TIMUR,35,KAB. NGANJUK,3518,Swasta,1,0,2,1,0,1,5
2022,PROV. JAWA TIMUR,35,KAB. MADIUN,3519,Negeri,14,1,2,1,0,1,19
2022,PROV. JAWA TIMUR,35,KAB. MADIUN,3519,Swasta,0,0,0,0,0,0,0
2022,PROV. JAWA TIMUR,35,KAB. MAGETAN,3520,Swasta,3,0,0,0,0,0,3
2022,PROV. JAWA TIMUR,35,KAB. MAGETAN,3520,Negeri,22,0,0,0,2,2,26
2022,PROV. JAWA TIMUR,35,KAB. NGAWI,3521,Negeri,23,2,1,0,0,2,28
2022,PROV. JAWA TIMUR,35,KAB. NGAWI,3521,Swasta,0,0,0,0,0,0,0
2022,PROV. JAWA TIMUR,35,KAB. BOJONEGORO,3522,Swasta,0,0,0,0,0,0,0
2022,PROV. JAWA TIMUR,35,KAB. BOJONEGORO,3522,Negeri,23,0,4,0,2,0,29
2022,PROV. JAWA TIMUR,35,KAB. TUBAN,3523,Negeri,15,3,2,0,0,2,22
2022,PROV. JAWA TIMUR,35,KAB. TUBAN,3523,Swasta,8,2,0,0,1,0,11
2022,PROV. JAWA TIMUR,35,KAB. LAMONGAN,3524,Negeri,13,0,1,3,0,1,18
2022,PROV. JAWA TIMUR,35,KAB. LAMONGAN,3524,Swasta,1,0,0,1,1,0,3
2022,PROV. JAWA TIMUR,35,KAB. GRESIK,3525,Swasta,2,0,1,0,0,1,4
2022,PROV. JAWA TIMUR,35,KAB. GRESIK,3525,Negeri,44,2,1,0,4,0,51
2022,PROV. JAWA TIMUR,35,KAB. BANGKALAN,3526,Negeri,76,22,12,25,27,23,185
2022,PROV. JAWA TIMUR,35,KAB. BANGKALAN,3526,Swasta,10,0,2,6,7,4,29
2022,PROV. JAWA TIMUR,35,KAB. SAMPANG,3527,Swasta,36,2,1,15,6,23,83
2022,PROV. JAWA TIMUR,35,KAB. SAMPANG,3527,Negeri,81,15,13,25,41,36,211
2022,PROV. JAWA TIMUR,35,KAB. PAMEKASAN,3528,Swasta,25,3,5,2,0,2,37
2022,PROV. JAWA TIMUR,35,KAB. PAMEKASAN,3528,Negeri,58,10,2,6,11,15,102
2022,PROV. JAWA TIMUR,35,KAB. SUMENEP,3529,Swasta,10,1,2,0,1,1,15
2022,PROV. JAWA TIMUR,35,KAB. SUMENEP,3529,Negeri,55,5,4,5,4,14,87
2022,PROV. JAWA TIMUR,35,KOTA KEDIRI,3571,Negeri,14,0,2,1,0,0,17
2022,PROV. JAWA TIMUR,35,KOTA KEDIRI,3571,Swasta,3,1,0,0,0,0,4
2022,PROV. JAWA TIMUR,35,KOTA BLITAR,3572,Swasta,0,0,0,0,0,0,0
2022,PROV. JAWA TIMUR,35,KOTA BLITAR,3572,Negeri,0,0,0,0,0,0,0
2022,PROV. JAWA TIMUR,35,KOTA MALANG,3573,Swasta,3,1,0,0,0,0,4
2022,PROV. JAWA TIMUR,35,KOTA MALANG,3573,Negeri,6,0,1,1,0,0,8
2022,PROV. JAWA TIMUR,35,KOTA PROBOLINGGO,3574,Negeri,12,0,1,0,3,0,16
2022,PROV. JAWA TIMUR,35,KOTA PROBOLINGGO,3574,Swasta,0,0,0,0,0,0,0
2022,PROV. JAWA TIMUR,35,KOTA PASURUAN,3575,Swasta,3,0,0,1,0,1,5
2022,PROV. JAWA TIMUR,35,KOTA PASURUAN,3575,Negeri,2,0,0,0,0,0,2
2022,PROV. JAWA TIMUR,35,KOTA MOJOKERTO,3576,Swasta,0,0,0,0,0,0,0
2022,PROV. JAWA TIMUR,35,KOTA MOJOKERTO,3576,Negeri,2,0,0,0,0,0,2
2022,PROV. JAWA TIMUR,35,KOTA MADIUN,3577,Swasta,0,0,0,0,0,0,0
2022,PROV. JAWA TIMUR,35,KOTA MADIUN,3577,Negeri,5,0,0,0,0,0,5
2022,PROV. JAWA TIMUR,35,KOTA SURABAYA,3578,Swasta,104,7,4,7,21,4,147
2022,PROV. JAWA TIMUR,35,KOTA SURABAYA,3578,Negeri,93,1,3,3,9,1,110
2022,PROV. JAWA TIMUR,35,KOTA BATU,3579,Negeri,2,0,1,0,0,0,3
2022,PROV. JAWA TIMUR,35,KOTA BATU,3579,Swasta,2,0,1,0,0,0,3
2022,PROV. BANTEN,36,KAB. PANDEGLANG,3601,Negeri,155,28,11,11,18,5,228
2022,PROV. BANTEN,36,KAB. PANDEGLANG,3601,Swasta,19,1,1,0,0,0,21
2022,PROV. BANTEN,36,KAB. LEBAK,3602,Negeri,144,9,6,3,13,12,187
2022,PROV. BANTEN,36,KAB. LEBAK,3602,Swasta,17,0,0,0,0,0,17
2022,PROV. BANTEN,36,KAB. TANGERANG,3603,Swasta,41,6,3,1,4,2,57
2022,PROV. BANTEN,36,KAB. TANGERANG,3603,Negeri,247,26,19,11,23,25,351
2022,PROV. BANTEN,36,KAB. SERANG,3604,Negeri,142,10,6,6,3,5,172
2022,PROV. BANTEN,36,KAB. SERANG,3604,Swasta,7,1,1,0,0,0,9
2022,PROV. BANTEN,36,KOTA TANGERANG,3671,Negeri,78,5,3,1,2,2,91
2022,PROV. BANTEN,36,KOTA TANGERANG,3671,Swasta,16,2,1,0,0,1,20
2022,PROV. BANTEN,36,KOTA CILEGON,3672,Swasta,0,0,0,0,0,0,0
2022,PROV. BANTEN,36,KOTA CILEGON,3672,Negeri,7,0,0,0,1,1,9
2022,PROV. BANTEN,36,KOTA SERANG,3673,Negeri,106,6,0,3,9,4,128
2022,PROV. BANTEN,36,KOTA SERANG,3673,Swasta,13,1,0,0,0,1,15
2022,PROV. BANTEN,36,KOTA TANGERANG SELATAN,3674,Negeri,42,4,3,1,3,2,55
2022,PROV. BANTEN,36,KOTA TANGERANG SELATAN,3674,Swasta,27,5,2,0,2,1,37
2022,PROV. BALI,51,KAB. JEMBRANA,5101,Swasta,0,0,0,0,0,0,0
2022,PROV. BALI,51,KAB. JEMBRANA,5101,Negeri,16,2,0,0,0,0,18
2022,PROV. BALI,51,KAB. TABANAN,5102,Swasta,0,0,0,0,0,0,0
2022,PROV. BALI,51,KAB. TABANAN,5102,Negeri,9,0,0,1,1,0,11
2022,PROV. BALI,51,KAB. BADUNG,5103,Swasta,0,1,3,1,1,2,8
2022,PROV. BALI,51,KAB. BADUNG,5103,Negeri,2,2,2,1,1,3,11
2022,PROV. BALI,51,KAB. GIANYAR,5104,Swasta,1,0,2,0,0,0,3
2022,PROV. BALI,51,KAB. GIANYAR,5104,Negeri,7,0,1,0,0,0,8
2022,PROV. BALI,51,KAB. KLUNGKUNG,5105,Swasta,0,0,0,0,0,0,0
2022,PROV. BALI,51,KAB. KLUNGKUNG,5105,Negeri,20,0,0,0,0,0,20
2022,PROV. BALI,51,KAB. BANGLI,5106,Swasta,0,0,0,0,0,0,0
2022,PROV. BALI,51,KAB. BANGLI,5106,Negeri,4,1,0,0,0,3,8
2022,PROV. BALI,51,KAB. KARANGASEM,5107,Swasta,0,0,0,0,0,0,0
2022,PROV. BALI,51,KAB. KARANGASEM,5107,Negeri,10,3,2,3,2,0,20
2022,PROV. BALI,51,KAB. BULELENG,5108,Swasta,0,0,0,0,0,0,0
2022,PROV. BALI,51,KAB. BULELENG,5108,Negeri,32,5,2,5,3,5,52
2022,PROV. BALI,51,KOTA DENPASAR,5171,Negeri,1,0,1,1,0,3,6
2022,PROV. BALI,51,KOTA DENPASAR,5171,Swasta,2,0,0,0,1,0,3
2022,PROV. NUSA TENGGARA BARAT,52,KAB. LOMBOK BARAT,5201,Swasta,19,5,0,1,2,0,27
2022,PROV. NUSA TENGGARA BARAT,52,KAB. LOMBOK BARAT,5201,Negeri,63,6,3,11,5,8,96
2022,PROV. NUSA TENGGARA BARAT,52,KAB. LOMBOK TENGAH,5202,Swasta,18,1,0,3,0,1,23
2022,PROV. NUSA TENGGARA BARAT,52,KAB. LOMBOK TENGAH,5202,Negeri,94,12,14,8,10,6,144
2022,PROV. NUSA TENGGARA BARAT,52,KAB. LOMBOK TIMUR,5203,Swasta,58,6,0,0,1,1,66
2022,PROV. NUSA TENGGARA BARAT,52,KAB. LOMBOK TIMUR,5203,Negeri,99,8,5,6,6,7,131
2022,PROV. NUSA TENGGARA BARAT,52,KAB. SUMBAWA,5204,Negeri,36,2,4,3,0,1,46
2022,PROV. NUSA TENGGARA BARAT,52,KAB. SUMBAWA,5204,Swasta,9,0,1,0,1,0,11
2022,PROV. NUSA TENGGARA BARAT,52,KAB. DOMPU,5205,Negeri,67,17,11,11,40,18,164
2022,PROV. NUSA TENGGARA BARAT,52,KAB. DOMPU,5205,Swasta,1,0,0,0,0,0,1
2022,PROV. NUSA TENGGARA BARAT,52,KAB. BIMA,5206,Swasta,8,1,0,0,0,0,9
2022,PROV. NUSA TENGGARA BARAT,52,KAB. BIMA,5206,Negeri,139,34,19,13,20,22,247
2022,PROV. NUSA TENGGARA BARAT,52,KAB. SUMBAWA BARAT,5207,Negeri,3,3,2,1,1,0,10
2022,PROV. NUSA TENGGARA BARAT,52,KAB. SUMBAWA BARAT,5207,Swasta,3,0,0,1,0,0,4
2022,PROV. NUSA TENGGARA BARAT,52,KAB. LOMBOK UTARA,5208,Swasta,0,0,0,0,1,0,1
2022,PROV. NUSA TENGGARA BARAT,52,KAB. LOMBOK UTARA,5208,Negeri,24,5,2,0,4,1,36
2022,PROV. NUSA TENGGARA BARAT,52,KOTA MATARAM,5271,Swasta,1,0,1,1,0,0,3
2022,PROV. NUSA TENGGARA BARAT,52,KOTA MATARAM,5271,Negeri,11,0,0,1,2,0,14
2022,PROV. NUSA TENGGARA BARAT,52,KOTA BIMA,5272,Swasta,0,0,0,2,2,0,4
2022,PROV. NUSA TENGGARA BARAT,52,KOTA BIMA,5272,Negeri,31,3,14,1,5,2,56
2022,PROV. NUSA TENGGARA TIMUR,53,KAB. KUPANG,5301,Swasta,12,2,3,0,0,3,20
2022,PROV. NUSA TENGGARA TIMUR,53,KAB. KUPANG,5301,Negeri,14,5,3,7,11,6,46
2022,PROV. NUSA TENGGARA TIMUR,53,KAB. TIMOR TENGAH SELATAN,5302,Negeri,69,35,30,17,64,21,236
2022,PROV. NUSA TENGGARA TIMUR,53,KAB. TIMOR TENGAH SELATAN,5302,Swasta,30,18,33,13,30,24,148
2022,PROV. NUSA TENGGARA TIMUR,53,KAB. TIMOR TENGAH UTARA,5303,Swasta,11,1,1,2,4,0,19
2022,PROV. NUSA TENGGARA TIMUR,53,KAB. TIMOR TENGAH UTARA,5303,Negeri,14,4,7,8,3,0,36
2022,PROV. NUSA TENGGARA TIMUR,53,KAB. BELU,5304,Negeri,27,5,1,7,6,0,46
2022,PROV. NUSA TENGGARA TIMUR,53,KAB. BELU,5304,Swasta,18,9,0,0,3,0,30
2022,PROV. NUSA TENGGARA TIMUR,53,KAB. ALOR,5305,Swasta,7,2,1,5,8,5,28
2022,PROV. NUSA TENGGARA TIMUR,53,KAB. ALOR,5305,Negeri,38,11,14,2,21,16,102
2022,PROV. NUSA TENGGARA TIMUR,53,KAB. FLORES TIMUR,5306,Negeri,17,4,3,3,5,4,36
2022,PROV. NUSA TENGGARA TIMUR,53,KAB. FLORES TIMUR,5306,Swasta,17,1,1,0,5,7,31
2022,PROV. NUSA TENGGARA TIMUR,53,KAB. SIKKA,5307,Swasta,23,2,1,2,6,3,37
2022,PROV. NUSA TENGGARA TIMUR,53,KAB. SIKKA,5307,Negeri,40,5,6,5,11,6,73
2022,PROV. NUSA TENGGARA TIMUR,53,KAB. ENDE,5308,Negeri,9,6,3,1,11,6,36
2022,PROV. NUSA TENGGARA TIMUR,53,KAB. ENDE,5308,Swasta,10,3,2,0,12,3,30
2022,PROV. NUSA TENGGARA TIMUR,53,KAB. NGADA,5309,Swasta,1,1,3,2,2,1,10
2022,PROV. NUSA TENGGARA TIMUR,53,KAB. NGADA,5309,Negeri,11,3,0,1,4,3,22
2022,PROV. NUSA TENGGARA TIMUR,53,KAB. MANGGARAI,5310,Negeri,10,0,2,3,3,5,23
2022,PROV. NUSA TENGGARA TIMUR,53,KAB. MANGGARAI,5310,Swasta,19,2,0,1,1,2,25
2022,PROV. NUSA TENGGARA TIMUR,53,KAB. SUMBA TIMUR,5311,Negeri,118,144,286,386,19,11,964
2022,PROV. NUSA TENGGARA TIMUR,53,KAB. SUMBA TIMUR,5311,Swasta,53,75,95,164,5,5,397
2022,PROV. NUSA TENGGARA TIMUR,53,KAB. SUMBA BARAT,5312,Swasta,18,0,1,3,6,2,30
2022,PROV. NUSA TENGGARA TIMUR,53,KAB. SUMBA BARAT,5312,Negeri,10,2,3,12,8,2,37
2022,PROV. NUSA TENGGARA TIMUR,53,KAB. LEMBATA,5313,Negeri,6,2,1,0,7,2,18
2022,PROV. NUSA TENGGARA TIMUR,53,KAB. LEMBATA,5313,Swasta,8,1,2,0,3,1,15
2022,PROV. NUSA TENGGARA TIMUR,53,KAB. ROTE NDAO,5314,Swasta,1,0,0,0,1,2,4
2022,PROV. NUSA TENGGARA TIMUR,53,KAB. ROTE NDAO,5314,Negeri,27,2,2,1,6,2,40
2022,PROV. NUSA TENGGARA TIMUR,53,KAB. MANGGARAI BARAT,5315,Negeri,15,1,6,0,10,1,33
2022,PROV. NUSA TENGGARA TIMUR,53,KAB. MANGGARAI BARAT,5315,Swasta,1,3,0,0,1,0,5
2022,PROV. NUSA TENGGARA TIMUR,53,KAB. NAGEKEO,5316,Swasta,7,0,0,2,0,0,9
2022,PROV. NUSA TENGGARA TIMUR,53,KAB. NAGEKEO,5316,Negeri,24,2,3,3,3,4,39
2022,PROV. NUSA TENGGARA TIMUR,53,KAB. SUMBA TENGAH,5317,Negeri,2,1,4,4,2,1,14
2022,PROV. NUSA TENGGARA TIMUR,53,KAB. SUMBA TENGAH,5317,Swasta,1,0,1,0,1,0,3
2022,PROV. NUSA TENGGARA TIMUR,53,KAB. SUMBA BARAT DAYA,5318,Negeri,69,27,30,37,106,67,336
2022,PROV. NUSA TENGGARA TIMUR,53,KAB. SUMBA BARAT DAYA,5318,Swasta,55,23,15,23,32,31,179
2022,PROV. NUSA TENGGARA TIMUR,53,KAB. MANGGARAI TIMUR,5319,Negeri,12,4,3,4,20,3,46
2022,PROV. NUSA TENGGARA TIMUR,53,KAB. MANGGARAI TIMUR,5319,Swasta,9,3,1,1,4,1,19
2022,PROV. NUSA TENGGARA TIMUR,53,KAB. SABU RAIJUA,5320,Swasta,4,0,1,0,1,1,7
2022,PROV. NUSA TENGGARA TIMUR,53,KAB. SABU RAIJUA,5320,Negeri,13,0,1,0,2,0,16
2022,PROV. NUSA TENGGARA TIMUR,53,KAB. MALAKA,5321,Negeri,23,3,10,6,11,15,68
2022,PROV. NUSA TENGGARA TIMUR,53,KAB. MALAKA,5321,Swasta,19,10,12,10,8,23,82
2022,PROV. NUSA TENGGARA TIMUR,53,KOTA KUPANG,5371,Swasta,14,5,6,3,3,1,32
2022,PROV. NUSA TENGGARA TIMUR,53,KOTA KUPANG,5371,Negeri,19,3,4,2,4,4,36
2022,PROV. KALIMANTAN BARAT,61,KAB. SAMBAS,6101,Negeri,68,4,5,11,22,13,123
2022,PROV. KALIMANTAN BARAT,61,KAB. SAMBAS,6101,Swasta,2,0,0,0,0,0,2
2022,PROV. KALIMANTAN BARAT,61,KAB. MEMPAWAH,6102,Negeri,28,0,2,1,5,4,40
2022,PROV. KALIMANTAN BARAT,61,KAB. MEMPAWAH,6102,Swasta,0,0,0,0,0,1,1
2022,PROV. KALIMANTAN BARAT,61,KAB. SANGGAU,6103,Negeri,31,9,4,18,42,13,117
2022,PROV. KALIMANTAN BARAT,61,KAB. SANGGAU,6103,Swasta,0,0,0,1,0,0,1
2022,PROV. KALIMANTAN BARAT,61,KAB. KETAPANG,6104,Negeri,30,15,17,15,31,35,143
2022,PROV. KALIMANTAN BARAT,61,KAB. KETAPANG,6104,Swasta,18,6,0,4,4,1,33
2022,PROV. KALIMANTAN BARAT,61,KAB. SINTANG,6105,Negeri,21,10,11,16,24,13,95
2022,PROV. KALIMANTAN BARAT,61,KAB. SINTANG,6105,Swasta,0,1,0,0,2,0,3
2022,PROV. KALIMANTAN BARAT,61,KAB. KAPUAS HULU,6106,Swasta,2,0,0,1,0,0,3
2022,PROV. KALIMANTAN BARAT,61,KAB. KAPUAS HULU,6106,Negeri,11,3,7,2,10,6,39
2022,PROV. KALIMANTAN BARAT,61,KAB. BENGKAYANG,6107,Negeri,9,5,5,4,10,10,43
2022,PROV. KALIMANTAN BARAT,61,KAB. BENGKAYANG,6107,Swasta,0,0,0,0,0,0,0
2022,PROV. KALIMANTAN BARAT,61,KAB. LANDAK,6108,Swasta,11,0,0,1,0,0,12
2022,PROV. KALIMANTAN BARAT,61,KAB. LANDAK,6108,Negeri,4,1,3,1,3,9,21
2022,PROV. KALIMANTAN BARAT,61,KAB. SEKADAU,6109,Swasta,0,0,0,0,0,0,0
2022,PROV. KALIMANTAN BARAT,61,KAB. SEKADAU,6109,Negeri,13,1,4,3,4,4,29
2022,PROV. KALIMANTAN BARAT,61,KAB. MELAWI,6110,Swasta,1,0,0,0,0,0,1
2022,PROV. KALIMANTAN BARAT,61,KAB. MELAWI,6110,Negeri,26,11,4,6,26,7,80
2022,PROV. KALIMANTAN BARAT,61,KAB. KAYONG UTARA,6111,Negeri,8,4,7,7,10,6,42
2022,PROV. KALIMANTAN BARAT,61,KAB. KAYONG UTARA,6111,Swasta,1,0,0,0,0,0,1
2022,PROV. KALIMANTAN BARAT,61,KAB. KUBU RAYA,6112,Swasta,21,4,2,7,3,1,38
2022,PROV. KALIMANTAN BARAT,61,KAB. KUBU RAYA,6112,Negeri,52,10,10,14,15,13,114
2022,PROV. KALIMANTAN BARAT,61,KOTA PONTIANAK,6171,Negeri,29,3,2,2,6,8,50
2022,PROV. KALIMANTAN BARAT,61,KOTA PONTIANAK,6171,Swasta,13,1,0,0,0,1,15
2022,PROV. KALIMANTAN BARAT,61,KOTA SINGKAWANG,6172,Negeri,5,4,4,7,15,6,41
2022,PROV. KALIMANTAN BARAT,61,KOTA SINGKAWANG,6172,Swasta,2,1,0,0,2,0,5
2022,PROV. KALIMANTAN TENGAH,62,KAB. KOTAWARINGIN BARAT,6201,Negeri,20,1,2,4,9,3,39
2022,PROV. KALIMANTAN TENGAH,62,KAB. KOTAWARINGIN BARAT,6201,Swasta,3,0,0,1,0,0,4
2022,PROV. KALIMANTAN TENGAH,62,KAB. KOTAWARINGIN TIMUR,6202,Swasta,25,5,5,4,1,0,40
2022,PROV. KALIMANTAN TENGAH,62,KAB. KOTAWARINGIN TIMUR,6202,Negeri,20,4,3,3,9,1,40
2022,PROV. KALIMANTAN TENGAH,62,KAB. KAPUAS,6203,Swasta,6,1,2,0,1,2,12
2022,PROV. KALIMANTAN TENGAH,62,KAB. KAPUAS,6203,Negeri,50,16,7,11,8,14,106
2022,PROV. KALIMANTAN TENGAH,62,KAB. BARITO SELATAN,6204,Negeri,8,2,0,0,1,5,16
2022,PROV. KALIMANTAN TENGAH,62,KAB. BARITO SELATAN,6204,Swasta,0,0,0,0,0,0,0
2022,PROV. KALIMANTAN TENGAH,62,KAB. BARITO UTARA,6205,Swasta,0,0,0,0,0,0,0
2022,PROV. KALIMANTAN TENGAH,62,KAB. BARITO UTARA,6205,Negeri,5,5,0,1,9,0,20
2022,PROV. KALIMANTAN TENGAH,62,KAB. KATINGAN,6206,Negeri,5,2,1,1,8,3,20
2022,PROV. KALIMANTAN TENGAH,62,KAB. KATINGAN,6206,Swasta,3,0,0,0,0,0,3
2022,PROV. KALIMANTAN TENGAH,62,KAB. SERUYAN,6207,Swasta,2,1,0,2,0,0,5
2022,PROV. KALIMANTAN TENGAH,62,KAB. SERUYAN,6207,Negeri,26,2,3,2,15,5,53
2022,PROV. KALIMANTAN TENGAH,62,KAB. SUKAMARA,6208,Negeri,3,0,0,1,4,4,12
2022,PROV. KALIMANTAN TENGAH,62,KAB. SUKAMARA,6208,Swasta,0,0,0,0,0,0,0
2022,PROV. KALIMANTAN TENGAH,62,KAB. LAMANDAU,6209,Swasta,0,0,0,0,0,0,0
2022,PROV. KALIMANTAN TENGAH,62,KAB. LAMANDAU,6209,Negeri,2,0,2,1,6,3,14
2022,PROV. KALIMANTAN TENGAH,62,KAB. GUNUNG MAS,6210,Negeri,14,0,4,0,5,3,26
2022,PROV. KALIMANTAN TENGAH,62,KAB. GUNUNG MAS,6210,Swasta,1,0,0,0,0,0,1
2022,PROV. KALIMANTAN TENGAH,62,KAB. PULANG PISAU,6211,Negeri,11,1,1,0,4,0,17
2022,PROV. KALIMANTAN TENGAH,62,KAB. PULANG PISAU,6211,Swasta,1,1,0,0,0,1,3
2022,PROV. KALIMANTAN TENGAH,62,KAB. MURUNG RAYA,6212,Swasta,1,0,0,0,0,0,1
2022,PROV. KALIMANTAN TENGAH,62,KAB. MURUNG RAYA,6212,Negeri,20,6,1,1,6,3,37
2022,PROV. KALIMANTAN TENGAH,62,KAB. BARITO TIMUR,6213,Swasta,21,0,0,0,0,0,21
2022,PROV. KALIMANTAN TENGAH,62,KAB. BARITO TIMUR,6213,Negeri,18,1,0,1,3,2,25
2022,PROV. KALIMANTAN TENGAH,62,KOTA PALANGKA RAYA,6271,Swasta,0,0,0,0,0,0,0
2022,PROV. KALIMANTAN TENGAH,62,KOTA PALANGKA RAYA,6271,Negeri,21,2,1,3,6,1,34
2022,PROV. KALIMANTAN SELATAN,63,KAB. TANAH LAUT,6301,Swasta,0,0,0,0,0,0,0
2022,PROV. KALIMANTAN SELATAN,63,KAB. TANAH LAUT,6301,Negeri,26,1,9,11,9,5,61
2022,PROV. KALIMANTAN SELATAN,63,KAB. KOTABARU,6302,Negeri,24,2,3,3,8,0,40
2022,PROV. KALIMANTAN SELATAN,63,KAB. KOTABARU,6302,Swasta,2,2,0,1,0,0,5
2022,PROV. KALIMANTAN SELATAN,63,KAB. BANJAR,6303,Swasta,4,0,1,0,0,0,5
2022,PROV. KALIMANTAN SELATAN,63,KAB. BANJAR,6303,Negeri,57,8,9,13,12,18,117
2022,PROV. KALIMANTAN SELATAN,63,KAB. BARITO KUALA,6304,Negeri,27,12,2,2,9,2,54
2022,PROV. KALIMANTAN SELATAN,63,KAB. BARITO KUALA,6304,Swasta,0,0,0,0,0,0,0
2022,PROV. KALIMANTAN SELATAN,63,KAB. TAPIN,6305,Swasta,0,0,0,0,0,0,0
2022,PROV. KALIMANTAN SELATAN,63,KAB. TAPIN,6305,Negeri,5,2,1,1,2,2,13
2022,PROV. KALIMANTAN SELATAN,63,KAB. HULU SUNGAI SELATAN,6306,Negeri,16,4,4,7,3,0,34
2022,PROV. KALIMANTAN SELATAN,63,KAB. HULU SUNGAI SELATAN,6306,Swasta,0,0,0,0,0,0,0
2022,PROV. KALIMANTAN SELATAN,63,KAB. HULU SUNGAI TENGAH,6307,Negeri,22,2,3,0,0,3,30
2022,PROV. KALIMANTAN SELATAN,63,KAB. HULU SUNGAI TENGAH,6307,Swasta,0,0,0,0,0,0,0
2022,PROV. KALIMANTAN SELATAN,63,KAB. HULU SUNGAI UTARA,6308,Negeri,6,2,3,5,1,2,19
2022,PROV. KALIMANTAN SELATAN,63,KAB. HULU SUNGAI UTARA,6308,Swasta,0,0,0,0,0,0,0
2022,PROV. KALIMANTAN SELATAN,63,KAB. TABALONG,6309,Swasta,0,0,0,0,0,0,0
2022,PROV. KALIMANTAN SELATAN,63,KAB. TABALONG,6309,Negeri,11,2,3,0,6,4,26
2022,PROV. KALIMANTAN SELATAN,63,KAB. TANAH BUMBU,6310,Negeri,13,2,2,3,4,4,28
2022,PROV. KALIMANTAN SELATAN,63,KAB. TANAH BUMBU,6310,Swasta,1,0,0,0,0,0,1
2022,PROV. KALIMANTAN SELATAN,63,KAB. BALANGAN,6311,Swasta,1,0,0,0,0,0,1
2022,PROV. KALIMANTAN SELATAN,63,KAB. BALANGAN,6311,Negeri,13,7,1,3,0,1,25
2022,PROV. KALIMANTAN SELATAN,63,KOTA BANJARMASIN,6371,Swasta,6,0,0,0,1,0,7
2022,PROV. KALIMANTAN SELATAN,63,KOTA BANJARMASIN,6371,Negeri,22,5,4,4,15,6,56
2022,PROV. KALIMANTAN SELATAN,63,KOTA BANJARBARU,6372,Swasta,0,0,0,0,0,0,0
2022,PROV. KALIMANTAN SELATAN,63,KOTA BANJARBARU,6372,Negeri,10,0,1,0,1,0,12
2022,PROV. KALIMANTAN TIMUR,64,KAB. PASER,6401,Negeri,58,5,5,4,9,11,92
2022,PROV. KALIMANTAN TIMUR,64,KAB. PASER,6401,Swasta,0,0,0,0,0,0,0
2022,PROV. KALIMANTAN TIMUR,64,KAB. KUTAI KARTANEGARA,6402,Swasta,9,0,0,0,1,0,10
2022,PROV. KALIMANTAN TIMUR,64,KAB. KUTAI KARTANEGARA,6402,Negeri,128,8,8,17,18,6,185
2022,PROV. KALIMANTAN TIMUR,64,KAB. BERAU,6403,Negeri,16,10,5,9,23,10,73
2022,PROV. KALIMANTAN TIMUR,64,KAB. BERAU,6403,Swasta,0,0,1,0,1,0,2
2022,PROV. KALIMANTAN TIMUR,64,KAB. KUTAI BARAT,6407,Swasta,1,0,0,0,0,0,1
2022,PROV. KALIMANTAN TIMUR,64,KAB. KUTAI BARAT,6407,Negeri,11,3,2,0,4,0,20
2022,PROV. KALIMANTAN TIMUR,64,KAB. KUTAI TIMUR,6408,Swasta,6,0,1,0,0,0,7
2022,PROV. KALIMANTAN TIMUR,64,KAB. KUTAI TIMUR,6408,Negeri,44,12,6,9,17,13,101
2022,PROV. KALIMANTAN TIMUR,64,KAB. PENAJAM PASER UTARA,6409,Swasta,5,0,1,1,0,0,7
2022,PROV. KALIMANTAN TIMUR,64,KAB. PENAJAM PASER UTARA,6409,Negeri,8,2,2,2,1,1,16
2022,PROV. KALIMANTAN TIMUR,64,KAB. MAHAKAM ULU,6411,Swasta,0,0,0,0,0,0,0
2022,PROV. KALIMANTAN TIMUR,64,KAB. MAHAKAM ULU,6411,Negeri,3,0,0,0,0,0,3
2022,PROV. KALIMANTAN TIMUR,64,KOTA BALIKPAPAN,6471,Negeri,24,3,4,3,8,4,46
2022,PROV. KALIMANTAN TIMUR,64,KOTA BALIKPAPAN,6471,Swasta,9,2,0,0,2,0,13
2022,PROV. KALIMANTAN TIMUR,64,KOTA SAMARINDA,6472,Negeri,22,2,1,3,1,1,30
2022,PROV. KALIMANTAN TIMUR,64,KOTA SAMARINDA,6472,Swasta,12,3,1,1,0,0,17
2022,PROV. KALIMANTAN TIMUR,64,KOTA BONTANG,6474,Swasta,3,10,0,0,1,1,15
2022,PROV. KALIMANTAN TIMUR,64,KOTA BONTANG,6474,Negeri,1,0,0,0,0,0,1
2022,PROV. KALIMANTAN UTARA,65,KAB. BULUNGAN,6501,Negeri,19,3,3,1,2,1,29
2022,PROV. KALIMANTAN UTARA,65,KAB. BULUNGAN,6501,Swasta,0,0,0,0,1,0,1
2022,PROV. KALIMANTAN UTARA,65,KAB. MALINAU,6502,Negeri,8,1,2,1,8,9,29
2022,PROV. KALIMANTAN UTARA,65,KAB. MALINAU,6502,Swasta,1,1,0,1,0,0,3
2022,PROV. KALIMANTAN UTARA,65,KAB. NUNUKAN,6503,Negeri,34,2,1,7,9,5,58
2022,PROV. KALIMANTAN UTARA,65,KAB. NUNUKAN,6503,Swasta,12,0,0,0,0,0,12
2022,PROV. KALIMANTAN UTARA,65,KAB. TANA TIDUNG,6504,Negeri,3,0,0,0,2,0,5
2022,PROV. KALIMANTAN UTARA,65,KAB. TANA TIDUNG,6504,Swasta,0,0,0,0,0,1,1
2022,PROV. KALIMANTAN UTARA,65,KOTA TARAKAN,6571,Swasta,1,0,0,3,3,0,7
2022,PROV. KALIMANTAN UTARA,65,KOTA TARAKAN,6571,Negeri,4,0,1,1,10,1,17
2022,PROV. SULAWESI UTARA,71,KAB. BOLAANG MONGONDOW,7101,Negeri,16,2,5,6,2,4,35
2022,PROV. SULAWESI UTARA,71,KAB. BOLAANG MONGONDOW,7101,Swasta,0,1,0,0,0,1,2
2022,PROV. SULAWESI UTARA,71,KAB. MINAHASA,7102,Negeri,22,4,1,0,8,3,38
2022,PROV. SULAWESI UTARA,71,KAB. MINAHASA,7102,Swasta,11,9,8,9,1,3,41
2022,PROV. SULAWESI UTARA,71,KAB. KEPULAUAN SANGIHE,7103,Swasta,1,0,1,1,4,0,7
2022,PROV. SULAWESI UTARA,71,KAB. KEPULAUAN SANGIHE,7103,Negeri,4,0,0,2,7,1,14
2022,PROV. SULAWESI UTARA,71,KAB. KEPULAUAN TALAUD,7104,Swasta,21,9,0,0,4,1,35
2022,PROV. SULAWESI UTARA,71,KAB. KEPULAUAN TALAUD,7104,Negeri,5,2,0,1,1,0,9
2022,PROV. SULAWESI UTARA,71,KAB. MINAHASA SELATAN,7105,Negeri,14,0,0,1,5,1,21
2022,PROV. SULAWESI UTARA,71,KAB. MINAHASA SELATAN,7105,Swasta,23,0,1,0,2,0,26
2022,PROV. SULAWESI UTARA,71,KAB. MINAHASA UTARA,7106,Negeri,9,1,1,1,0,1,13
2022,PROV. SULAWESI UTARA,71,KAB. MINAHASA UTARA,7106,Swasta,3,1,2,0,0,0,6
2022,PROV. SULAWESI UTARA,71,KAB. MINAHASA TENGGARA,7107,Swasta,2,5,0,1,5,0,13
2022,PROV. SULAWESI UTARA,71,KAB. MINAHASA TENGGARA,7107,Negeri,6,2,1,3,7,7,26
2022,PROV. SULAWESI UTARA,71,KAB. BOLAANG MONGONDOW UTARA,7108,Negeri,4,1,2,1,2,0,10
2022,PROV. SULAWESI UTARA,71,KAB. BOLAANG MONGONDOW UTARA,7108,Swasta,0,0,0,0,0,0,0
2022,PROV. SULAWESI UTARA,71,KAB. KEP. SIAU TAGULANDANG BIARO,7109,Negeri,1,1,0,0,1,0,3
2022,PROV. SULAWESI UTARA,71,KAB. KEP. SIAU TAGULANDANG BIARO,7109,Swasta,0,0,2,3,1,1,7
2022,PROV. SULAWESI UTARA,71,KAB. BOLAANG MONGONDOW TIMUR,7110,Swasta,0,0,0,0,0,0,0
2022,PROV. SULAWESI UTARA,71,KAB. BOLAANG MONGONDOW TIMUR,7110,Negeri,1,0,1,2,2,1,7
2022,PROV. SULAWESI UTARA,71,KAB. BOLAANG MONGONDOW SELATAN,7111,Negeri,19,1,0,4,2,10,36
2022,PROV. SULAWESI UTARA,71,KAB. BOLAANG MONGONDOW SELATAN,7111,Swasta,0,0,0,0,0,1,1
2022,PROV. SULAWESI UTARA,71,KOTA MANADO,7171,Negeri,22,10,10,6,6,3,57
2022,PROV. SULAWESI UTARA,71,KOTA MANADO,7171,Swasta,8,2,1,1,5,5,22
2022,PROV. SULAWESI UTARA,71,KOTA BITUNG,7172,Swasta,3,0,3,3,2,0,11
2022,PROV. SULAWESI UTARA,71,KOTA BITUNG,7172,Negeri,4,3,1,2,3,3,16
2022,PROV. SULAWESI UTARA,71,KOTA TOMOHON,7173,Negeri,2,0,0,1,0,0,3
2022,PROV. SULAWESI UTARA,71,KOTA TOMOHON,7173,Swasta,2,0,0,0,0,0,2
2022,PROV. SULAWESI UTARA,71,KOTA KOTAMOBAGU,7174,Swasta,1,0,0,1,0,0,2
2022,PROV. SULAWESI UTARA,71,KOTA KOTAMOBAGU,7174,Negeri,4,0,0,1,1,0,6
2022,PROV. SULAWESI TENGAH,72,KAB. BANGGAI,7201,Negeri,23,9,2,3,6,10,53
2022,PROV. SULAWESI TENGAH,72,KAB. BANGGAI,7201,Swasta,1,2,0,0,1,1,5
2022,PROV. SULAWESI TENGAH,72,KAB. POSO,7202,Negeri,23,3,5,4,13,2,50
2022,PROV. SULAWESI TENGAH,72,KAB. POSO,7202,Swasta,8,0,0,0,0,1,9
2022,PROV. SULAWESI TENGAH,72,KAB. DONGGALA,7203,Negeri,47,16,7,20,38,20,148
2022,PROV. SULAWESI TENGAH,72,KAB. DONGGALA,7203,Swasta,0,0,0,0,0,0,0
2022,PROV. SULAWESI TENGAH,72,KAB. TOLITOLI,7204,Swasta,1,0,0,0,0,0,1
2022,PROV. SULAWESI TENGAH,72,KAB. TOLITOLI,7204,Negeri,16,3,5,11,11,13,59
2022,PROV. SULAWESI TENGAH,72,KAB. BUOL,7205,Negeri,53,25,14,9,21,2,124
2022,PROV. SULAWESI TENGAH,72,KAB. BUOL,7205,Swasta,1,0,0,0,0,0,1
2022,PROV. SULAWESI TENGAH,72,KAB. MOROWALI,7206,Negeri,20,2,4,2,3,2,33
2022,PROV. SULAWESI TENGAH,72,KAB. MOROWALI,7206,Swasta,1,24,0,0,0,1,26
2022,PROV. SULAWESI TENGAH,72,KAB. BANGGAI KEPULAUAN,7207,Negeri,9,3,1,1,5,2,21
2022,PROV. SULAWESI TENGAH,72,KAB. BANGGAI KEPULAUAN,7207,Swasta,0,0,1,0,0,0,1
2022,PROV. SULAWESI TENGAH,72,KAB. PARIGI MOUTONG,7208,Negeri,91,20,15,27,23,26,202
2022,PROV. SULAWESI TENGAH,72,KAB. PARIGI MOUTONG,7208,Swasta,5,0,0,1,1,0,7
2022,PROV. SULAWESI TENGAH,72,KAB. TOJO UNA UNA,7209,Negeri,20,6,13,8,15,8,70
2022,PROV. SULAWESI TENGAH,72,KAB. TOJO UNA UNA,7209,Swasta,0,0,1,0,0,0,1
2022,PROV. SULAWESI TENGAH,72,KAB. SIGI,7210,Negeri,29,18,17,15,26,10,115
2022,PROV. SULAWESI TENGAH,72,KAB. SIGI,7210,Swasta,6,0,0,0,2,2,10
2022,PROV. SULAWESI TENGAH,72,KAB. BANGGAI LAUT,7211,Negeri,5,0,5,0,1,1,12
2022,PROV. SULAWESI TENGAH,72,KAB. BANGGAI LAUT,7211,Swasta,0,0,0,0,0,0,0
2022,PROV. SULAWESI TENGAH,72,KAB. MOROWALI UTARA,7212,Swasta,5,4,0,0,1,1,11
2022,PROV. SULAWESI TENGAH,72,KAB. MOROWALI UTARA,7212,Negeri,6,2,2,2,2,3,17
2022,PROV. SULAWESI TENGAH,72,KOTA PALU,7271,Swasta,8,1,0,3,3,0,15
2022,PROV. SULAWESI TENGAH,72,KOTA PALU,7271,Negeri,12,1,3,1,4,1,22
2022,PROV. SULAWESI SELATAN,73,KAB. KEPULAUAN SELAYAR,7301,Swasta,0,0,0,0,0,0,0
2022,PROV. SULAWESI SELATAN,73,KAB. KEPULAUAN SELAYAR,7301,Negeri,6,1,1,6,13,3,30
2022,PROV. SULAWESI SELATAN,73,KAB. BULUKUMBA,7302,Swasta,0,0,0,0,0,0,0
2022,PROV. SULAWESI SELATAN,73,KAB. BULUKUMBA,7302,Negeri,43,11,12,12,16,10,104
2022,PROV. SULAWESI SELATAN,73,KAB. BANTAENG,7303,Negeri,34,5,4,5,17,8,73
2022,PROV. SULAWESI SELATAN,73,KAB. BANTAENG,7303,Swasta,1,0,0,0,0,0,1
2022,PROV. SULAWESI SELATAN,73,KAB. JENEPONTO,7304,Swasta,1,0,0,0,0,0,1
2022,PROV. SULAWESI SELATAN,73,KAB. JENEPONTO,7304,Negeri,111,20,9,10,25,30,205
2022,PROV. SULAWESI SELATAN,73,KAB. TAKALAR,7305,Swasta,0,0,0,0,0,0,0
2022,PROV. SULAWESI SELATAN,73,KAB. TAKALAR,7305,Negeri,76,2,4,3,4,6,95
2022,PROV. SULAWESI SELATAN,73,KAB. GOWA,7306,Negeri,72,3,3,0,15,16,109
2022,PROV. SULAWESI SELATAN,73,KAB. GOWA,7306,Swasta,32,0,0,0,1,0,33
2022,PROV. SULAWESI SELATAN,73,KAB. SINJAI,7307,Negeri,47,4,6,4,19,6,86
2022,PROV. SULAWESI SELATAN,73,KAB. SINJAI,7307,Swasta,0,0,0,0,0,0,0
2022,PROV. SULAWESI SELATAN,73,KAB. BONE,7308,Negeri,75,21,15,19,23,25,178
2022,PROV. SULAWESI SELATAN,73,KAB. BONE,7308,Swasta,0,0,0,0,0,0,0
2022,PROV. SULAWESI SELATAN,73,KAB. MAROS,7309,Negeri,38,6,2,3,12,9,70
2022,PROV. SULAWESI SELATAN,73,KAB. MAROS,7309,Swasta,0,0,0,0,0,0,0
2022,PROV. SULAWESI SELATAN,73,KAB. PANGKAJENE DAN KEPULAUAN,7310,Swasta,2,0,0,0,0,0,2
2022,PROV. SULAWESI SELATAN,73,KAB. PANGKAJENE DAN KEPULAUAN,7310,Negeri,27,1,0,7,3,4,42
2022,PROV. SULAWESI SELATAN,73,KAB. BARRU,7311,Negeri,21,0,0,0,1,1,23
2022,PROV. SULAWESI SELATAN,73,KAB. BARRU,7311,Swasta,0,0,0,0,0,0,0
2022,PROV. SULAWESI SELATAN,73,KAB. SOPPENG,7312,Negeri,6,0,3,3,4,0,16
2022,PROV. SULAWESI SELATAN,73,KAB. SOPPENG,7312,Swasta,0,0,0,0,0,0,0
2022,PROV. SULAWESI SELATAN,73,KAB. WAJO,7313,Negeri,43,9,5,10,18,18,103
2022,PROV. SULAWESI SELATAN,73,KAB. WAJO,7313,Swasta,4,0,0,0,0,0,4
2022,PROV. SULAWESI SELATAN,73,KAB. SIDENRENG RAPPANG,7314,Negeri,25,3,7,8,9,9,61
2022,PROV. SULAWESI SELATAN,73,KAB. SIDENRENG RAPPANG,7314,Swasta,0,0,0,0,0,0,0
2022,PROV. SULAWESI SELATAN,73,KAB. PINRANG,7315,Swasta,0,0,1,0,0,0,1
2022,PROV. SULAWESI SELATAN,73,KAB. PINRANG,7315,Negeri,58,8,4,3,17,9,99
2022,PROV. SULAWESI SELATAN,73,KAB. ENREKANG,7316,Negeri,10,2,1,0,0,3,16
2022,PROV. SULAWESI SELATAN,73,KAB. ENREKANG,7316,Swasta,1,0,0,0,0,0,1
2022,PROV. SULAWESI SELATAN,73,KAB. LUWU,7317,Swasta,6,0,0,0,0,0,6
2022,PROV. SULAWESI SELATAN,73,KAB. LUWU,7317,Negeri,34,3,1,5,4,2,49
2022,PROV. SULAWESI SELATAN,73,KAB. TANA TORAJA,7318,Negeri,8,3,2,1,11,3,28
2022,PROV. SULAWESI SELATAN,73,KAB. TANA TORAJA,7318,Swasta,0,0,0,0,1,0,1
2022,PROV. SULAWESI SELATAN,73,KAB. LUWU UTARA,7322,Swasta,0,0,0,0,0,0,0
2022,PROV. SULAWESI SELATAN,73,KAB. LUWU UTARA,7322,Negeri,7,2,1,1,2,2,15
2022,PROV. SULAWESI SELATAN,73,KAB. LUWU TIMUR,7324,Negeri,22,5,1,4,4,0,36
2022,PROV. SULAWESI SELATAN,73,KAB. LUWU TIMUR,7324,Swasta,0,0,1,0,0,0,1
2022,PROV. SULAWESI SELATAN,73,KAB. TORAJA UTARA,7326,Negeri,47,10,7,11,17,12,104
2022,PROV. SULAWESI SELATAN,73,KAB. TORAJA UTARA,7326,Swasta,0,0,0,0,0,0,0
2022,PROV. SULAWESI SELATAN,73,KOTA MAKASSAR,7371,Swasta,77,3,3,0,0,1,84
2022,PROV. SULAWESI SELATAN,73,KOTA MAKASSAR,7371,Negeri,73,5,3,3,13,12,109
2022,PROV. SULAWESI SELATAN,73,KOTA PAREPARE,7372,Swasta,0,0,0,0,0,1,1
2022,PROV. SULAWESI SELATAN,73,KOTA PAREPARE,7372,Negeri,3,0,0,2,1,0,6
2022,PROV. SULAWESI SELATAN,73,KOTA PALOPO,7373,Negeri,3,2,2,6,4,1,18
2022,PROV. SULAWESI SELATAN,73,KOTA PALOPO,7373,Swasta,0,0,0,0,0,0,0
2022,PROV. SULAWESI TENGGARA,74,KAB. KOLAKA,7401,Swasta,1,0,0,0,0,0,1
2022,PROV. SULAWESI TENGGARA,74,KAB. KOLAKA,7401,Negeri,28,16,7,9,12,5,77
2022,PROV. SULAWESI TENGGARA,74,KAB. KONAWE,7402,Negeri,36,3,3,4,4,17,67
2022,PROV. SULAWESI TENGGARA,74,KAB. KONAWE,7402,Swasta,0,0,0,0,0,0,0
2022,PROV. SULAWESI TENGGARA,74,KAB. MUNA,7403,Negeri,47,6,5,2,1,6,67
2022,PROV. SULAWESI TENGGARA,74,KAB. MUNA,7403,Swasta,0,0,0,0,1,0,1
2022,PROV. SULAWESI TENGGARA,74,KAB. BUTON,7404,Negeri,18,0,2,3,7,0,30
2022,PROV. SULAWESI TENGGARA,74,KAB. BUTON,7404,Swasta,0,0,0,0,0,0,0
2022,PROV. SULAWESI TENGGARA,74,KAB. KONAWE SELATAN,7405,Negeri,42,21,4,7,23,16,113
2022,PROV. SULAWESI TENGGARA,74,KAB. KONAWE SELATAN,7405,Swasta,0,0,0,0,0,0,0
2022,PROV. SULAWESI TENGGARA,74,KAB. BOMBANA,7406,Swasta,13,0,0,0,0,0,13
2022,PROV. SULAWESI TENGGARA,74,KAB. BOMBANA,7406,Negeri,21,1,6,2,8,4,42
2022,PROV. SULAWESI TENGGARA,74,KAB. WAKATOBI,7407,Negeri,23,2,6,2,4,5,42
2022,PROV. SULAWESI TENGGARA,74,KAB. WAKATOBI,7407,Swasta,0,0,0,0,0,0,0
2022,PROV. SULAWESI TENGGARA,74,KAB. KOLAKA UTARA,7408,Swasta,0,0,0,0,0,0,0
2022,PROV. SULAWESI TENGGARA,74,KAB. KOLAKA UTARA,7408,Negeri,8,2,1,2,6,4,23
2022,PROV. SULAWESI TENGGARA,74,KAB. KONAWE UTARA,7409,Negeri,28,0,1,3,1,2,35
2022,PROV. SULAWESI TENGGARA,74,KAB. KONAWE UTARA,7409,Swasta,0,0,0,0,0,0,0
2022,PROV. SULAWESI TENGGARA,74,KAB. BUTON UTARA,7410,Swasta,0,0,0,0,0,0,0
2022,PROV. SULAWESI TENGGARA,74,KAB. BUTON UTARA,7410,Negeri,11,1,2,1,4,1,20
2022,PROV. SULAWESI TENGGARA,74,KAB. KOLAKA TIMUR,7411,Swasta,0,0,0,0,0,0,0
2022,PROV. SULAWESI TENGGARA,74,KAB. KOLAKA TIMUR,7411,Negeri,11,5,0,0,2,1,19
2022,PROV. SULAWESI TENGGARA,74,KAB. KONAWE KEPULAUAN,7412,Swasta,0,0,0,0,0,0,0
2022,PROV. SULAWESI TENGGARA,74,KAB. KONAWE KEPULAUAN,7412,Negeri,5,1,1,1,1,0,9
2022,PROV. SULAWESI TENGGARA,74,KAB. MUNA BARAT,7413,Negeri,7,6,0,1,2,1,17
2022,PROV. SULAWESI TENGGARA,74,KAB. MUNA BARAT,7413,Swasta,1,0,7,12,15,0,35
2022,PROV. SULAWESI TENGGARA,74,KAB. BUTON TENGAH,7414,Swasta,0,0,0,0,0,0,0
2022,PROV. SULAWESI TENGGARA,74,KAB. BUTON TENGAH,7414,Negeri,34,4,0,3,3,0,44
2022,PROV. SULAWESI TENGGARA,74,KAB. BUTON SELATAN,7415,Negeri,11,0,6,3,0,0,20
2022,PROV. SULAWESI TENGGARA,74,KAB. BUTON SELATAN,7415,Swasta,0,0,0,0,0,0,0
2022,PROV. SULAWESI TENGGARA,74,KOTA KENDARI,7471,Negeri,12,0,1,0,1,2,16
2022,PROV. SULAWESI TENGGARA,74,KOTA KENDARI,7471,Swasta,2,0,0,0,0,0,2
2022,PROV. SULAWESI TENGGARA,74,KOTA BAU BAU,7472,Negeri,34,0,1,0,0,2,37
2022,PROV. SULAWESI TENGGARA,74,KOTA BAU BAU,7472,Swasta,0,0,0,0,0,0,0
2022,PROV. GORONTALO,75,KAB. GORONTALO,7501,Negeri,29,26,22,19,33,8,137
2022,PROV. GORONTALO,75,KAB. GORONTALO,7501,Swasta,0,0,0,0,0,0,0
2022,PROV. GORONTALO,75,KAB. BOALEMO,7502,Negeri,18,7,11,18,33,19,106
2022,PROV. GORONTALO,75,KAB. BOALEMO,7502,Swasta,0,0,0,0,0,0,0
2022,PROV. GORONTALO,75,KAB. BONE BOLANGO,7503,Negeri,13,12,6,16,32,7,86
2022,PROV. GORONTALO,75,KAB. BONE BOLANGO,7503,Swasta,0,0,0,0,0,0,0
2022,PROV. GORONTALO,75,KAB. POHUWATO,7504,Swasta,0,0,0,0,0,2,2
2022,PROV. GORONTALO,75,KAB. POHUWATO,7504,Negeri,27,5,10,17,28,14,101
2022,PROV. GORONTALO,75,KAB. GORONTALO UTARA,7505,Negeri,18,5,7,5,12,11,58
2022,PROV. GORONTALO,75,KAB. GORONTALO UTARA,7505,Swasta,0,0,0,0,0,0,0
2022,PROV. GORONTALO,75,KOTA GORONTALO,7571,Swasta,1,1,0,0,0,0,2
2022,PROV. GORONTALO,75,KOTA GORONTALO,7571,Negeri,10,0,4,0,9,3,26
2022,PROV. SULAWESI BARAT,76,KAB. PASANGKAYU,7601,Negeri,38,3,2,1,6,8,58
2022,PROV. SULAWESI BARAT,76,KAB. PASANGKAYU,7601,Swasta,1,0,0,0,0,0,1
2022,PROV. SULAWESI BARAT,76,KAB. MAMUJU,7602,Negeri,31,7,15,2,19,30,104
2022,PROV. SULAWESI BARAT,76,KAB. MAMUJU,7602,Swasta,0,0,0,0,0,0,0
2022,PROV. SULAWESI BARAT,76,KAB. MAMASA,7603,Swasta,1,0,0,0,0,0,1
2022,PROV. SULAWESI BARAT,76,KAB. MAMASA,7603,Negeri,30,0,4,0,4,1,39
2022,PROV. SULAWESI BARAT,76,KAB. POLEWALI MANDAR,7604,Negeri,55,12,8,4,9,9,97
2022,PROV. SULAWESI BARAT,76,KAB. POLEWALI MANDAR,7604,Swasta,0,0,0,0,1,0,1
2022,PROV. SULAWESI BARAT,76,KAB. MAJENE,7605,Negeri,25,1,2,5,4,5,42
2022,PROV. SULAWESI BARAT,76,KAB. MAJENE,7605,Swasta,0,0,0,0,0,0,0
2022,PROV. SULAWESI BARAT,76,KAB. MAMUJU TENGAH,7606,Swasta,0,0,0,0,0,0,0
2022,PROV. SULAWESI BARAT,76,KAB. MAMUJU TENGAH,7606,Negeri,31,1,2,5,11,9,59
2022,PROV. MALUKU,81,KAB. MALUKU TENGAH,8101,Negeri,94,18,15,14,24,7,172
2022,PROV. MALUKU,81,KAB. MALUKU TENGAH,8101,Swasta,13,21,3,4,1,3,45
2022,PROV. MALUKU,81,KAB. MALUKU TENGGARA,8102,Swasta,5,4,1,2,3,0,15
2022,PROV. MALUKU,81,KAB. MALUKU TENGGARA,8102,Negeri,3,6,1,2,3,3,18
2022,PROV. MALUKU,81,KAB. KEPULAUAN TANIMBAR,8103,Swasta,11,20,5,3,5,8,52
2022,PROV. MALUKU,81,KAB. KEPULAUAN TANIMBAR,8103,Negeri,7,3,0,0,0,1,11
2022,PROV. MALUKU,81,KAB. BURU,8104,Negeri,12,1,2,2,1,6,24
2022,PROV. MALUKU,81,KAB. BURU,8104,Swasta,15,0,1,1,0,1,18
2022,PROV. MALUKU,81,KAB. SERAM BAGIAN TIMUR,8105,Swasta,1,0,0,1,2,0,4
2022,PROV. MALUKU,81,KAB. SERAM BAGIAN TIMUR,8105,Negeri,13,6,5,5,22,5,56
2022,PROV. MALUKU,81,KAB. SERAM BAGIAN BARAT,8106,Swasta,3,1,0,0,0,0,4
2022,PROV. MALUKU,81,KAB. SERAM BAGIAN BARAT,8106,Negeri,15,0,6,3,13,1,38
2022,PROV. MALUKU,81,KAB. KEPULAUAN ARU,8107,Swasta,1,3,1,2,4,5,16
2022,PROV. MALUKU,81,KAB. KEPULAUAN ARU,8107,Negeri,4,0,1,2,5,3,15
2022,PROV. MALUKU,81,KAB. MALUKU BARAT DAYA,8108,Swasta,1,2,0,2,4,1,10
2022,PROV. MALUKU,81,KAB. MALUKU BARAT DAYA,8108,Negeri,5,1,0,1,5,3,15
2022,PROV. MALUKU,81,KAB. BURU SELATAN,8109,Swasta,1,0,0,0,1,0,2
2022,PROV. MALUKU,81,KAB. BURU SELATAN,8109,Negeri,10,9,1,13,4,3,40
2022,PROV. MALUKU,81,KOTA AMBON,8171,Swasta,4,0,0,0,0,2,6
2022,PROV. MALUKU,81,KOTA AMBON,8171,Negeri,28,6,4,3,12,9,62
2022,PROV. MALUKU,81,KOTA TUAL,8172,Negeri,6,0,4,1,2,1,14
2022,PROV. MALUKU,81,KOTA TUAL,8172,Swasta,14,2,0,1,0,0,17
2022,PROV. MALUKU UTARA,82,KAB. HALMAHERA BARAT,8201,Swasta,3,2,0,1,1,0,7
2022,PROV. MALUKU UTARA,82,KAB. HALMAHERA BARAT,8201,Negeri,11,5,14,3,4,6,43
2022,PROV. MALUKU UTARA,82,KAB. HALMAHERA TENGAH,8202,Negeri,24,4,11,6,6,5,56
2022,PROV. MALUKU UTARA,82,KAB. HALMAHERA TENGAH,8202,Swasta,0,0,0,0,0,0,0
2022,PROV. MALUKU UTARA,82,KAB. HALMAHERA UTARA,8203,Negeri,7,3,3,1,45,10,69
2022,PROV. MALUKU UTARA,82,KAB. HALMAHERA UTARA,8203,Swasta,3,3,1,0,14,3,24
2022,PROV. MALUKU UTARA,82,KAB. HALMAHERA SELATAN,8204,Swasta,0,0,0,1,1,2,4
2022,PROV. MALUKU UTARA,82,KAB. HALMAHERA SELATAN,8204,Negeri,33,14,20,9,41,51,168
2022,PROV. MALUKU UTARA,82,KAB. KEPULAUAN SULA,8205,Swasta,0,0,0,0,0,0,0
2022,PROV. MALUKU UTARA,82,KAB. KEPULAUAN SULA,8205,Negeri,2,0,0,2,1,0,5
2022,PROV. MALUKU UTARA,82,KAB. HALMAHERA TIMUR,8206,Swasta,0,0,0,0,0,0,0
2022,PROV. MALUKU UTARA,82,KAB. HALMAHERA TIMUR,8206,Negeri,17,5,2,2,4,3,33
2022,PROV. MALUKU UTARA,82,KAB. PULAU MOROTAI,8207,Swasta,1,0,0,0,0,0,1
2022,PROV. MALUKU UTARA,82,KAB. PULAU MOROTAI,8207,Negeri,0,0,0,0,0,0,0
2022,PROV. MALUKU UTARA,82,KAB. PULAU TALIABU,8208,Negeri,12,14,5,6,8,8,53
2022,PROV. MALUKU UTARA,82,KAB. PULAU TALIABU,8208,Swasta,0,0,0,0,0,0,0
2022,PROV. MALUKU UTARA,82,KOTA TERNATE,8271,Negeri,10,4,1,4,8,2,29
2022,PROV. MALUKU UTARA,82,KOTA TERNATE,8271,Swasta,5,0,0,0,0,0,5
2022,PROV. MALUKU UTARA,82,KOTA TIDORE KEPULAUAN,8272,Negeri,20,6,2,5,0,4,37
2022,PROV. MALUKU UTARA,82,KOTA TIDORE KEPULAUAN,8272,Swasta,0,0,0,0,0,0,0
2022,PROV. PAPUA,91,KAB. JAYAPURA,9103,Negeri,7,10,11,21,30,15,94
2022,PROV. PAPUA,91,KAB. JAYAPURA,9103,Swasta,8,0,4,0,3,6,21
2022,PROV. PAPUA,91,KAB. KEPULAUAN YAPEN,9105,Swasta,9,1,2,2,2,0,16
2022,PROV. PAPUA,91,KAB. KEPULAUAN YAPEN,9105,Negeri,8,2,11,1,1,0,23
2022,PROV. PAPUA,91,KAB. BIAK NUMFOR,9106,Swasta,5,10,1,6,0,5,27
2022,PROV. PAPUA,91,KAB. BIAK NUMFOR,9106,Negeri,24,8,6,4,42,11,95
2022,PROV. PAPUA,91,KAB. SARMI,9110,Negeri,3,2,5,6,7,4,27
2022,PROV. PAPUA,91,KAB. SARMI,9110,Swasta,6,4,5,0,2,2,19
2022,PROV. PAPUA,91,KAB. KEEROM,9111,Swasta,0,2,4,0,0,0,6
2022,PROV. PAPUA,91,KAB. KEEROM,9111,Negeri,5,0,1,0,5,1,12
2022,PROV. PAPUA,91,KAB. WAROPEN,9115,Negeri,6,2,2,1,0,2,13
2022,PROV. PAPUA,91,KAB. WAROPEN,9115,Swasta,5,3,0,2,6,9,25
2022,PROV. PAPUA,91,KAB. SUPIORI,9119,Negeri,1,0,0,0,1,1,3
2022,PROV. PAPUA,91,KAB. SUPIORI,9119,Swasta,4,2,3,1,6,2,18
2022,PROV. PAPUA,91,KAB. MAMBERAMO RAYA,9120,Negeri,1,0,0,1,2,3,7
2022,PROV. PAPUA,91,KAB. MAMBERAMO RAYA,9120,Swasta,5,0,0,0,0,2,7
2022,PROV. PAPUA,91,KOTA JAYAPURA,9171,Swasta,12,0,1,4,2,2,21
2022,PROV. PAPUA,91,KOTA JAYAPURA,9171,Negeri,34,4,10,2,14,5,69
2022,PROV. PAPUA BARAT,92,KAB. MANOKWARI,9202,Swasta,2,1,0,1,1,1,6
2022,PROV. PAPUA BARAT,92,KAB. MANOKWARI,9202,Negeri,7,1,1,1,8,1,19
2022,PROV. PAPUA BARAT,92,KAB. FAK FAK,9203,Swasta,2,1,0,0,0,7,10
2022,PROV. PAPUA BARAT,92,KAB. FAK FAK,9203,Negeri,12,5,2,2,1,0,22
2022,PROV. PAPUA BARAT,92,KAB. TELUK BINTUNI,9206,Negeri,2,3,0,4,2,10,21
2022,PROV. PAPUA BARAT,92,KAB. TELUK BINTUNI,9206,Swasta,6,0,0,0,1,31,38
2022,PROV. PAPUA BARAT,92,KAB. TELUK WONDAMA,9207,Swasta,9,1,2,1,0,1,14
2022,PROV. PAPUA BARAT,92,KAB. TELUK WONDAMA,9207,Negeri,8,7,4,3,8,29,59
2022,PROV. PAPUA BARAT,92,KAB. KAIMANA,9208,Swasta,1,1,0,1,4,0,7
2022,PROV. PAPUA BARAT,92,KAB. KAIMANA,9208,Negeri,3,0,1,1,6,7,18
2022,PROV. PAPUA BARAT,92,KAB. MANOKWARI SELATAN,9211,Negeri,5,0,1,0,2,3,11
2022,PROV. PAPUA BARAT,92,KAB. MANOKWARI SELATAN,9211,Swasta,0,0,0,0,12,0,12
2022,PROV. PAPUA BARAT,92,KAB. PEGUNUNGAN ARFAK,9212,Swasta,0,0,0,0,0,0,0
2022,PROV. PAPUA BARAT,92,KAB. PEGUNUNGAN ARFAK,9212,Negeri,3,2,0,1,15,14,35
2023,PROV. ACEH,11,KAB. ACEH SELATAN,1101,Negeri,17,2,1,0,3,0,23
2023,PROV. ACEH,11,KAB. ACEH SELATAN,1101,Swasta,0,0,0,0,0,0,0
2023,PROV. ACEH,11,KAB. ACEH TENGGARA,1102,Negeri,32,9,11,0,1,3,56
2023,PROV. ACEH,11,KAB. ACEH TENGGARA,1102,Swasta,15,1,2,1,0,0,19
2023,PROV. ACEH,11,KAB. ACEH TIMUR,1103,Swasta,3,2,0,0,0,0,5
2023,PROV. ACEH,11,KAB. ACEH TIMUR,1103,Negeri,60,20,8,6,4,6,104
2023,PROV. ACEH,11,KAB. ACEH TENGAH,1104,Negeri,15,4,1,0,3,2,25
2023,PROV. ACEH,11,KAB. ACEH TENGAH,1104,Swasta,1,1,1,0,0,0,3
2023,PROV. ACEH,11,KAB. ACEH BARAT,1105,Negeri,14,3,2,0,1,2,22
2023,PROV. ACEH,11,KAB. ACEH BARAT,1105,Swasta,0,0,0,0,0,0,0
2023,PROV. ACEH,11,KAB. ACEH BESAR,1106,Swasta,1,0,1,0,0,0,2
2023,PROV. ACEH,11,KAB. ACEH BESAR,1106,Negeri,27,8,2,2,2,1,42
2023,PROV. ACEH,11,KAB. PIDIE,1107,Negeri,37,7,2,1,11,0,58
2023,PROV. ACEH,11,KAB. PIDIE,1107,Swasta,6,1,1,0,0,0,8
2023,PROV. ACEH,11,KAB. ACEH UTARA,1108,Swasta,0,0,0,0,0,0,0
2023,PROV. ACEH,11,KAB. ACEH UTARA,1108,Negeri,82,12,5,2,7,3,111
2023,PROV. ACEH,11,KAB. SIMEULUE,1109,Swasta,5,0,0,0,3,0,8
2023,PROV. ACEH,11,KAB. SIMEULUE,1109,Negeri,24,6,1,0,2,3,36
2023,PROV. ACEH,11,KAB. ACEH SINGKIL,1110,Swasta,1,0,0,0,0,0,1
2023,PROV. ACEH,11,KAB. ACEH SINGKIL,1110,Negeri,26,1,5,4,3,3,42
2023,PROV. ACEH,11,KAB. BIREUEN,1111,Negeri,17,5,1,3,7,1,34
2023,PROV. ACEH,11,KAB. BIREUEN,1111,Swasta,0,0,0,0,0,0,0
2023,PROV. ACEH,11,KAB. ACEH BARAT DAYA,1112,Swasta,1,0,0,0,0,0,1
2023,PROV. ACEH,11,KAB. ACEH BARAT DAYA,1112,Negeri,3,2,0,0,2,0,7
2023,PROV. ACEH,11,KAB. GAYO LUES,1113,Negeri,29,3,3,2,1,2,40
2023,PROV. ACEH,11,KAB. GAYO LUES,1113,Swasta,0,0,0,0,0,0,0
2023,PROV. ACEH,11,KAB. ACEH JAYA,1114,Swasta,0,0,0,0,0,0,0
2023,PROV. ACEH,11,KAB. ACEH JAYA,1114,Negeri,8,1,0,0,0,1,10
2023,PROV. ACEH,11,KAB. NAGAN RAYA,1115,Negeri,16,1,12,2,2,6,39
2023,PROV. ACEH,11,KAB. NAGAN RAYA,1115,Swasta,0,2,0,0,0,0,2
2023,PROV. ACEH,11,KAB. ACEH TAMIANG,1116,Swasta,0,0,0,0,1,0,1
2023,PROV. ACEH,11,KAB. ACEH TAMIANG,1116,Negeri,7,4,1,1,2,4,19
2023,PROV. ACEH,11,KAB. BENER MERIAH,1117,Negeri,8,1,2,1,2,0,14
2023,PROV. ACEH,11,KAB. BENER MERIAH,1117,Swasta,3,0,0,0,0,0,3
2023,PROV. ACEH,11,KAB. PIDIE JAYA,1118,Negeri,28,5,2,0,0,10,45
2023,PROV. ACEH,11,KAB. PIDIE JAYA,1118,Swasta,0,0,0,0,0,0,0
2023,PROV. ACEH,11,KOTA BANDA ACEH,1171,Swasta,1,0,0,0,0,0,1
2023,PROV. ACEH,11,KOTA BANDA ACEH,1171,Negeri,14,1,0,0,0,0,15
2023,PROV. ACEH,11,KOTA SABANG,1172,Negeri,0,0,1,0,0,0,1
2023,PROV. ACEH,11,KOTA SABANG,1172,Swasta,0,0,0,0,0,0,0
2023,PROV. ACEH,11,KOTA LHOKSEUMAWE,1173,Negeri,6,3,1,1,0,0,11
2023,PROV. ACEH,11,KOTA LHOKSEUMAWE,1173,Swasta,2,1,0,1,0,0,4
2023,PROV. ACEH,11,KOTA LANGSA,1174,Swasta,1,0,0,0,0,0,1
2023,PROV. ACEH,11,KOTA LANGSA,1174,Negeri,17,2,1,1,1,4,26
2023,PROV. ACEH,11,KOTA SUBULUSSALAM,1175,Negeri,34,6,13,8,2,3,66
2023,PROV. ACEH,11,KOTA SUBULUSSALAM,1175,Swasta,0,0,0,0,0,0,0
2023,PROV. SUMATERA UTARA,12,KAB. TAPANULI TENGAH,1201,Negeri,59,5,5,4,17,7,97
2023,PROV. SUMATERA UTARA,12,KAB. TAPANULI TENGAH,1201,Swasta,8,0,0,1,6,2,17
2023,PROV. SUMATERA UTARA,12,KAB. TAPANULI UTARA,1202,Swasta,0,0,0,0,0,1,1
2023,PROV. SUMATERA UTARA,12,KAB. TAPANULI UTARA,1202,Negeri,70,2,10,5,3,7,97
2023,PROV. SUMATERA UTARA,12,KAB. TAPANULI SELATAN,1203,Swasta,2,0,2,0,1,0,5
2023,PROV. SUMATERA UTARA,12,KAB. TAPANULI SELATAN,1203,Negeri,93,15,13,18,10,3,152
2023,PROV. SUMATERA UTARA,12,KAB. NIAS,1204,Swasta,0,0,0,0,0,0,0
2023,PROV. SUMATERA UTARA,12,KAB. NIAS,1204,Negeri,41,21,24,33,26,18,163
2023,PROV. SUMATERA UTARA,12,KAB. LANGKAT,1205,Negeri,177,45,11,18,26,17,294
2023,PROV. SUMATERA UTARA,12,KAB. LANGKAT,1205,Swasta,22,2,1,1,3,0,29
2023,PROV. SUMATERA UTARA,12,KAB. KARO,1206,Negeri,25,4,4,8,5,13,59
2023,PROV. SUMATERA UTARA,12,KAB. KARO,1206,Swasta,33,2,1,1,2,0,39
2023,PROV. SUMATERA UTARA,12,KAB. DELI SERDANG,1207,Swasta,86,28,30,22,10,27,203
2023,PROV. SUMATERA UTARA,12,KAB. DELI SERDANG,1207,Negeri,147,41,16,18,28,39,289
2023,PROV. SUMATERA UTARA,12,KAB. SIMALUNGUN,1208,Swasta,16,0,2,4,1,1,24
2023,PROV. SUMATERA UTARA,12,KAB. SIMALUNGUN,1208,Negeri,91,19,13,5,15,7,150
2023,PROV. SUMATERA UTARA,12,KAB. ASAHAN,1209,Swasta,13,7,2,0,4,3,29
2023,PROV. SUMATERA UTARA,12,KAB. ASAHAN,1209,Negeri,160,28,18,13,11,17,247
2023,PROV. SUMATERA UTARA,12,KAB. LABUHANBATU,1210,Negeri,25,5,6,8,7,11,62
2023,PROV. SUMATERA UTARA,12,KAB. LABUHANBATU,1210,Swasta,5,1,0,1,0,0,7
2023,PROV. SUMATERA UTARA,12,KAB. DAIRI,1211,Swasta,9,0,1,2,0,0,12
2023,PROV. SUMATERA UTARA,12,KAB. DAIRI,1211,Negeri,20,11,4,3,7,3,48
2023,PROV. SUMATERA UTARA,12,KAB. TOBA,1212,Negeri,16,4,3,4,3,4,34
2023,PROV. SUMATERA UTARA,12,KAB. TOBA,1212,Swasta,3,1,0,1,0,1,6
2023,PROV. SUMATERA UTARA,12,KAB. MANDAILING NATAL,1213,Swasta,7,1,0,0,4,0,12
2023,PROV. SUMATERA UTARA,12,KAB. MANDAILING NATAL,1213,Negeri,61,10,10,24,12,20,137
2023,PROV. SUMATERA UTARA,12,KAB. NIAS SELATAN,1214,Swasta,0,0,0,0,0,1,1
2023,PROV. SUMATERA UTARA,12,KAB. NIAS SELATAN,1214,Negeri,88,36,35,43,57,69,328
2023,PROV. SUMATERA UTARA,12,KAB. PAKPAK BHARAT,1215,Negeri,16,4,1,4,1,5,31
2023,PROV. SUMATERA UTARA,12,KAB. PAKPAK BHARAT,1215,Swasta,0,0,0,0,0,0,0
2023,PROV. SUMATERA UTARA,12,KAB. HUMBANG HASUNDUTAN,1216,Swasta,0,0,0,0,0,0,0
2023,PROV. SUMATERA UTARA,12,KAB. HUMBANG HASUNDUTAN,1216,Negeri,63,9,4,1,1,3,81
2023,PROV. SUMATERA UTARA,12,KAB. SAMOSIR,1217,Negeri,33,7,2,2,1,1,46
2023,PROV. SUMATERA UTARA,12,KAB. SAMOSIR,1217,Swasta,0,0,0,0,0,0,0
2023,PROV. SUMATERA UTARA,12,KAB. SERDANG BEDAGAI,1218,Negeri,98,13,9,10,6,14,150
2023,PROV. SUMATERA UTARA,12,KAB. SERDANG BEDAGAI,1218,Swasta,18,0,1,1,1,1,22
2023,PROV. SUMATERA UTARA,12,KAB. BATU BARA,1219,Swasta,6,4,0,0,0,0,10
2023,PROV. SUMATERA UTARA,12,KAB. BATU BARA,1219,Negeri,80,11,5,6,11,18,131
2023,PROV. SUMATERA UTARA,12,KAB. PADANG LAWAS UTARA,1220,Swasta,1,5,3,2,0,0,11
2023,PROV. SUMATERA UTARA,12,KAB. PADANG LAWAS UTARA,1220,Negeri,28,0,0,1,3,2,34
2023,PROV. SUMATERA UTARA,12,KAB. PADANG LAWAS,1221,Swasta,3,2,0,0,0,3,8
2023,PROV. SUMATERA UTARA,12,KAB. PADANG LAWAS,1221,Negeri,103,15,8,4,5,7,142
2023,PROV. SUMATERA UTARA,12,KAB. LABUHANBATU SELATAN,1222,Swasta,3,3,0,2,2,0,10
2023,PROV. SUMATERA UTARA,12,KAB. LABUHANBATU SELATAN,1222,Negeri,25,12,2,1,4,2,46
2023,PROV. SUMATERA UTARA,12,KAB. LABUHANBATU UTARA,1223,Negeri,51,11,6,1,4,5,78
2023,PROV. SUMATERA UTARA,12,KAB. LABUHANBATU UTARA,1223,Swasta,2,0,12,0,1,1,16
2023,PROV. SUMATERA UTARA,12,KAB. NIAS UTARA,1224,Swasta,0,1,0,1,0,0,2
2023,PROV. SUMATERA UTARA,12,KAB. NIAS UTARA,1224,Negeri,24,6,4,10,9,12,65
2023,PROV. SUMATERA UTARA,12,KAB. NIAS BARAT,1225,Negeri,9,11,2,2,14,2,40
2023,PROV. SUMATERA UTARA,12,KAB. NIAS BARAT,1225,Swasta,0,0,0,0,0,0,0
2023,PROV. SUMATERA UTARA,12,KOTA MEDAN,1271,Negeri,83,41,37,35,48,44,288
2023,PROV. SUMATERA UTARA,12,KOTA MEDAN,1271,Swasta,168,73,19,21,48,20,349
2023,PROV. SUMATERA UTARA,12,KOTA PEMATANGSIANTAR,1272,Swasta,18,4,0,1,0,1,24
2023,PROV. SUMATERA UTARA,12,KOTA PEMATANGSIANTAR,1272,Negeri,7,3,2,0,3,0,15
2023,PROV. SUMATERA UTARA,12,KOTA SIBOLGA,1273,Negeri,36,4,4,1,3,0,48
2023,PROV. SUMATERA UTARA,12,KOTA SIBOLGA,1273,Swasta,4,0,0,0,0,0,4
2023,PROV. SUMATERA UTARA,12,KOTA TANJUNG BALAI,1274,Negeri,17,1,3,7,3,1,32
2023,PROV. SUMATERA UTARA,12,KOTA TANJUNG BALAI,1274,Swasta,3,1,0,0,0,0,4
2023,PROV. SUMATERA UTARA,12,KOTA BINJAI,1275,Negeri,28,7,3,1,6,3,48
2023,PROV. SUMATERA UTARA,12,KOTA BINJAI,1275,Swasta,15,5,2,8,0,1,31
2023,PROV. SUMATERA UTARA,12,KOTA TEBING TINGGI,1276,Negeri,11,3,1,1,2,0,18
2023,PROV. SUMATERA UTARA,12,KOTA TEBING TINGGI,1276,Swasta,0,0,0,2,0,0,2
2023,PROV. SUMATERA UTARA,12,KOTA PADANG SIDEMPUAN,1277,Negeri,10,6,3,4,0,2,25
2023,PROV. SUMATERA UTARA,12,KOTA PADANG SIDEMPUAN,1277,Swasta,0,0,0,0,0,0,0
2023,PROV. SUMATERA UTARA,12,KOTA GUNUNGSITOLI,1278,Negeri,11,4,10,3,1,5,34
2023,PROV. SUMATERA UTARA,12,KOTA GUNUNGSITOLI,1278,Swasta,0,2,0,0,0,1,3
2023,PROV. SUMATERA BARAT,13,KAB. PESISIR SELATAN,1301,Swasta,6,1,0,0,0,0,7
2023,PROV. SUMATERA BARAT,13,KAB. PESISIR SELATAN,1301,Negeri,17,9,3,2,13,4,48
2023,PROV. SUMATERA BARAT,13,KAB. SOLOK,1302,Swasta,0,1,3,1,4,0,9
2023,PROV. SUMATERA BARAT,13,KAB. SOLOK,1302,Negeri,31,7,4,9,16,3,70
2023,PROV. SUMATERA BARAT,13,KAB. SIJUNJUNG,1303,Swasta,2,1,0,2,0,0,5
2023,PROV. SUMATERA BARAT,13,KAB. SIJUNJUNG,1303,Negeri,8,2,3,6,5,1,25
2023,PROV. SUMATERA BARAT,13,KAB. TANAH DATAR,1304,Negeri,7,0,0,5,3,1,16
2023,PROV. SUMATERA BARAT,13,KAB. TANAH DATAR,1304,Swasta,0,0,0,0,0,0,0
2023,PROV. SUMATERA BARAT,13,KAB. PADANG PARIAMAN,1305,Negeri,84,17,2,7,9,7,126
2023,PROV. SUMATERA BARAT,13,KAB. PADANG PARIAMAN,1305,Swasta,0,0,0,0,0,0,0
2023,PROV. SUMATERA BARAT,13,KAB. AGAM,1306,Negeri,28,1,3,1,11,3,47
2023,PROV. SUMATERA BARAT,13,KAB. AGAM,1306,Swasta,2,0,0,0,0,1,3
2023,PROV. SUMATERA BARAT,13,KAB. LIMA PULUH KOTA,1307,Swasta,0,1,0,0,1,0,2
2023,PROV. SUMATERA BARAT,13,KAB. LIMA PULUH KOTA,1307,Negeri,10,4,11,6,6,3,40
2023,PROV. SUMATERA BARAT,13,KAB. PASAMAN,1308,Negeri,49,9,6,7,15,7,93
2023,PROV. SUMATERA BARAT,13,KAB. PASAMAN,1308,Swasta,0,0,0,0,0,2,2
2023,PROV. SUMATERA BARAT,13,KAB. KEPULAUAN MENTAWAI,1309,Swasta,0,1,0,0,0,0,1
2023,PROV. SUMATERA BARAT,13,KAB. KEPULAUAN MENTAWAI,1309,Negeri,13,1,2,9,9,7,41
2023,PROV. SUMATERA BARAT,13,KAB. DHARMASRAYA,1310,Negeri,24,4,4,3,11,2,48
2023,PROV. SUMATERA BARAT,13,KAB. DHARMASRAYA,1310,Swasta,2,0,0,0,0,0,2
2023,PROV. SUMATERA BARAT,13,KAB. SOLOK SELATAN,1311,Negeri,13,7,2,8,7,2,39
2023,PROV. SUMATERA BARAT,13,KAB. SOLOK SELATAN,1311,Swasta,0,3,1,2,1,1,8
2023,PROV. SUMATERA BARAT,13,KAB. PASAMAN BARAT,1312,Swasta,2,0,0,0,0,1,3
2023,PROV. SUMATERA BARAT,13,KAB. PASAMAN BARAT,1312,Negeri,18,16,8,5,14,10,71
2023,PROV. SUMATERA BARAT,13,KOTA PADANG,1371,Negeri,33,8,2,5,4,16,68
2023,PROV. SUMATERA BARAT,13,KOTA PADANG,1371,Swasta,13,7,1,3,1,1,26
2023,PROV. SUMATERA BARAT,13,KOTA SOLOK,1372,Swasta,0,0,0,0,0,0,0
2023,PROV. SUMATERA BARAT,13,KOTA SOLOK,1372,Negeri,15,1,0,0,1,1,18
2023,PROV. SUMATERA BARAT,13,KOTA SAWAHLUNTO,1373,Negeri,1,0,0,0,0,0,1
2023,PROV. SUMATERA BARAT,13,KOTA SAWAHLUNTO,1373,Swasta,0,0,0,0,0,0,0
2023,PROV. SUMATERA BARAT,13,KOTA PADANG PANJANG,1374,Negeri,0,0,0,0,0,0,0
2023,PROV. SUMATERA BARAT,13,KOTA PADANG PANJANG,1374,Swasta,0,0,0,0,0,0,0
2023,PROV. SUMATERA BARAT,13,KOTA BUKITTINGGI,1375,Swasta,0,0,0,0,0,0,0
2023,PROV. SUMATERA BARAT,13,KOTA BUKITTINGGI,1375,Negeri,0,0,0,0,0,0,0
2023,PROV. SUMATERA BARAT,13,KOTA PAYAKUMBUH,1376,Negeri,7,1,0,4,3,0,15
2023,PROV. SUMATERA BARAT,13,KOTA PAYAKUMBUH,1376,Swasta,4,0,0,1,0,3,8
2023,PROV. SUMATERA BARAT,13,KOTA PARIAMAN,1377,Swasta,1,0,0,0,0,0,1
2023,PROV. SUMATERA BARAT,13,KOTA PARIAMAN,1377,Negeri,13,1,1,0,0,0,15
2023,PROV. RIAU,14,KAB. KAMPAR,1401,Swasta,15,3,1,1,0,0,20
2023,PROV. RIAU,14,KAB. KAMPAR,1401,Negeri,61,20,23,11,32,14,161
2023,PROV. RIAU,14,KAB. INDRAGIRI HULU,1402,Negeri,41,7,11,19,16,13,107
2023,PROV. RIAU,14,KAB. INDRAGIRI HULU,1402,Swasta,4,1,1,0,1,0,7
2023,PROV. RIAU,14,KAB. BENGKALIS,1403,Negeri,63,11,12,8,22,8,124
2023,PROV. RIAU,14,KAB. BENGKALIS,1403,Swasta,6,3,3,2,0,0,14
2023,PROV. RIAU,14,KAB. INDRAGIRI HILIR,1404,Swasta,8,1,0,1,2,2,14
2023,PROV. RIAU,14,KAB. INDRAGIRI HILIR,1404,Negeri,45,18,5,3,20,13,104
2023,PROV. RIAU,14,KAB. PELALAWAN,1405,Negeri,30,15,2,9,9,8,73
2023,PROV. RIAU,14,KAB. PELALAWAN,1405,Swasta,8,6,4,6,11,1,36
2023,PROV. RIAU,14,KAB. ROKAN HULU,1406,Negeri,61,14,7,5,7,6,100
2023,PROV. RIAU,14,KAB. ROKAN HULU,1406,Swasta,10,1,1,2,3,1,18
2023,PROV. RIAU,14,KAB. ROKAN HILIR,1407,Swasta,11,0,5,2,3,4,25
2023,PROV. RIAU,14,KAB. ROKAN HILIR,1407,Negeri,90,12,6,11,25,14,158
2023,PROV. RIAU,14,KAB. SIAK,1408,Negeri,16,6,4,3,17,3,49
2023,PROV. RIAU,14,KAB. SIAK,1408,Swasta,4,1,1,0,1,0,7
2023,PROV. RIAU,14,KAB. KUANTAN SINGINGI,1409,Negeri,14,5,4,3,2,10,38
2023,PROV. RIAU,14,KAB. KUANTAN SINGINGI,1409,Swasta,5,2,1,0,0,0,8
2023,PROV. RIAU,14,KAB. KEPULAUAN MERANTI,1410,Negeri,38,5,3,5,6,6,63
2023,PROV. RIAU,14,KAB. KEPULAUAN MERANTI,1410,Swasta,1,1,0,0,1,0,3
2023,PROV. RIAU,14,KOTA PEKANBARU,1471,Swasta,83,15,4,4,6,4,116
2023,PROV. RIAU,14,KOTA PEKANBARU,1471,Negeri,33,15,4,7,14,10,83
2023,PROV. RIAU,14,KOTA DUMAI,1472,Swasta,23,0,0,0,0,1,24
2023,PROV. RIAU,14,KOTA DUMAI,1472,Negeri,17,5,7,2,3,2,36
2023,PROV. JAMBI,15,KAB. KERINCI,1501,Negeri,67,15,10,13,8,7,120
2023,PROV. JAMBI,15,KAB. KERINCI,1501,Swasta,2,0,1,1,0,0,4
2023,PROV. JAMBI,15,KAB. MERANGIN,1502,Negeri,28,5,3,9,9,2,56
2023,PROV. JAMBI,15,KAB. MERANGIN,1502,Swasta,0,0,0,0,0,0,0
2023,PROV. JAMBI,15,KAB. SAROLANGUN,1503,Swasta,1,1,0,0,0,0,2
2023,PROV. JAMBI,15,KAB. SAROLANGUN,1503,Negeri,53,2,1,3,8,8,75
2023,PROV. JAMBI,15,KAB. BATANGHARI,1504,Negeri,36,1,3,2,4,2,48
2023,PROV. JAMBI,15,KAB. BATANGHARI,1504,Swasta,3,1,0,0,0,0,4
2023,PROV. JAMBI,15,KAB. MUARO JAMBI,1505,Negeri,17,4,6,9,8,8,52
2023,PROV. JAMBI,15,KAB. MUARO JAMBI,1505,Swasta,0,0,0,0,0,0,0
2023,PROV. JAMBI,15,KAB. TANJUNG JABUNG BARAT,1506,Negeri,43,11,10,2,5,6,77
2023,PROV. JAMBI,15,KAB. TANJUNG JABUNG BARAT,1506,Swasta,11,0,0,0,0,0,11
2023,PROV. JAMBI,15,KAB. TANJUNG JABUNG TIMUR,1507,Negeri,52,14,3,7,8,5,89
2023,PROV. JAMBI,15,KAB. TANJUNG JABUNG TIMUR,1507,Swasta,0,0,0,0,1,0,1
2023,PROV. JAMBI,15,KAB. BUNGO,1508,Swasta,0,0,0,0,0,0,0
2023,PROV. JAMBI,15,KAB. BUNGO,1508,Negeri,62,7,4,3,3,2,81
2023,PROV. JAMBI,15,KAB. TEBO,1509,Swasta,17,2,0,1,2,0,22
2023,PROV. JAMBI,15,KAB. TEBO,1509,Negeri,41,6,3,4,3,3,60
2023,PROV. JAMBI,15,KOTA JAMBI,1571,Swasta,9,2,2,3,1,1,18
2023,PROV. JAMBI,15,KOTA JAMBI,1571,Negeri,32,26,7,10,5,6,86
2023,PROV. JAMBI,15,KOTA SUNGAI PENUH,1572,Negeri,5,2,2,0,15,1,25
2023,PROV. JAMBI,15,KOTA SUNGAI PENUH,1572,Swasta,3,1,0,0,0,0,4
2023,PROV. SUMATERA SELATAN,16,KAB. OGAN KOMERING ULU,1601,Negeri,40,2,3,1,2,5,53
2023,PROV. SUMATERA SELATAN,16,KAB. OGAN KOMERING ULU,1601,Swasta,3,0,0,1,0,1,5
2023,PROV. SUMATERA SELATAN,16,KAB. OGAN KOMERING ILIR,1602,Negeri,154,16,21,13,53,40,297
2023,PROV. SUMATERA SELATAN,16,KAB. OGAN KOMERING ILIR,1602,Swasta,10,0,0,0,1,0,11
2023,PROV. SUMATERA SELATAN,16,KAB. MUARA ENIM,1603,Negeri,78,12,12,9,26,16,153
2023,PROV. SUMATERA SELATAN,16,KAB. MUARA ENIM,1603,Swasta,4,0,0,2,0,1,7
2023,PROV. SUMATERA SELATAN,16,KAB. LAHAT,1604,Negeri,49,6,0,6,5,4,70
2023,PROV. SUMATERA SELATAN,16,KAB. LAHAT,1604,Swasta,4,0,5,10,3,0,22
2023,PROV. SUMATERA SELATAN,16,KAB. MUSI RAWAS,1605,Negeri,52,7,8,7,5,5,84
2023,PROV. SUMATERA SELATAN,16,KAB. MUSI RAWAS,1605,Swasta,2,0,0,0,0,0,2
2023,PROV. SUMATERA SELATAN,16,KAB. MUSI BANYUASIN,1606,Swasta,8,2,1,0,3,0,14
2023,PROV. SUMATERA SELATAN,16,KAB. MUSI BANYUASIN,1606,Negeri,43,8,11,8,12,19,101
2023,PROV. SUMATERA SELATAN,16,KAB. BANYUASIN,1607,Negeri,93,18,28,48,56,26,269
2023,PROV. SUMATERA SELATAN,16,KAB. BANYUASIN,1607,Swasta,3,0,1,0,1,1,6
2023,PROV. SUMATERA SELATAN,16,KAB. OGAN KOMERING ULU TIMUR,1608,Swasta,2,0,0,0,0,0,2
2023,PROV. SUMATERA SELATAN,16,KAB. OGAN KOMERING ULU TIMUR,1608,Negeri,45,19,20,0,4,7,95
2023,PROV. SUMATERA SELATAN,16,KAB. OGAN KOMERING ULU SELATAN,1609,Swasta,4,1,1,2,1,0,9
2023,PROV. SUMATERA SELATAN,16,KAB. OGAN KOMERING ULU SELATAN,1609,Negeri,76,11,44,4,4,3,142
2023,PROV. SUMATERA SELATAN,16,KAB. OGAN ILIR,1610,Negeri,99,9,7,5,5,4,129
2023,PROV. SUMATERA SELATAN,16,KAB. OGAN ILIR,1610,Swasta,2,1,0,0,1,0,4
2023,PROV. SUMATERA SELATAN,16,KAB. EMPAT LAWANG,1611,Negeri,67,5,5,3,12,13,105
2023,PROV. SUMATERA SELATAN,16,KAB. EMPAT LAWANG,1611,Swasta,0,2,0,0,0,0,2
2023,PROV. SUMATERA SELATAN,16,KAB. PENUKAL ABAB LEMATANG ILIR,1612,Swasta,1,0,1,1,1,3,7
2023,PROV. SUMATERA SELATAN,16,KAB. PENUKAL ABAB LEMATANG ILIR,1612,Negeri,28,4,2,6,23,5,68
2023,PROV. SUMATERA SELATAN,16,KAB. MUSI RAWAS UTARA,1613,Negeri,15,4,8,7,5,2,41
2023,PROV. SUMATERA SELATAN,16,KAB. MUSI RAWAS UTARA,1613,Swasta,0,0,0,0,0,0,0
2023,PROV. SUMATERA SELATAN,16,KOTA PALEMBANG,1671,Swasta,8,2,1,0,1,0,12
2023,PROV. SUMATERA SELATAN,16,KOTA PALEMBANG,1671,Negeri,74,15,11,5,27,17,149
2023,PROV. SUMATERA SELATAN,16,KOTA PAGAR ALAM,1672,Negeri,5,1,0,0,0,0,6
2023,PROV. SUMATERA SELATAN,16,KOTA PAGAR ALAM,1672,Swasta,6,0,0,1,0,0,7
2023,PROV. SUMATERA SELATAN,16,KOTA LUBUK LINGGAU,1673,Negeri,27,11,1,1,0,1,41
2023,PROV. SUMATERA SELATAN,16,KOTA LUBUK LINGGAU,1673,Swasta,13,0,4,3,1,0,21
2023,PROV. SUMATERA SELATAN,16,KOTA PRABUMULIH,1674,Swasta,4,0,2,1,0,0,7
2023,PROV. SUMATERA SELATAN,16,KOTA PRABUMULIH,1674,Negeri,28,5,0,1,1,0,35
2023,PROV. BENGKULU,17,KAB. BENGKULU SELATAN,1701,Negeri,49,2,0,4,4,0,59
2023,PROV. BENGKULU,17,KAB. BENGKULU SELATAN,1701,Swasta,1,0,0,1,0,0,2
2023,PROV. BENGKULU,17,KAB. REJANG LEBONG,1702,Negeri,11,5,1,3,3,5,28
2023,PROV. BENGKULU,17,KAB. REJANG LEBONG,1702,Swasta,4,1,0,0,0,0,5
2023,PROV. BENGKULU,17,KAB. BENGKULU UTARA,1703,Swasta,0,0,0,0,0,0,0
2023,PROV. BENGKULU,17,KAB. BENGKULU UTARA,1703,Negeri,26,3,1,3,10,7,50
2023,PROV. BENGKULU,17,KAB. KAUR,1704,Negeri,6,2,3,4,12,3,30
2023,PROV. BENGKULU,17,KAB. KAUR,1704,Swasta,0,1,1,1,1,0,4
2023,PROV. BENGKULU,17,KAB. SELUMA,1705,Negeri,10,0,3,5,3,6,27
2023,PROV. BENGKULU,17,KAB. SELUMA,1705,Swasta,12,5,0,0,0,0,17
2023,PROV. BENGKULU,17,KAB. MUKOMUKO,1706,Negeri,18,4,3,4,9,1,39
2023,PROV. BENGKULU,17,KAB. MUKOMUKO,1706,Swasta,0,0,0,0,0,0,0
2023,PROV. BENGKULU,17,KAB. LEBONG,1707,Negeri,0,1,1,2,1,0,5
2023,PROV. BENGKULU,17,KAB. LEBONG,1707,Swasta,0,0,0,0,0,0,0
2023,PROV. BENGKULU,17,KAB. KEPAHIANG,1708,Swasta,0,0,0,0,0,0,0
2023,PROV. BENGKULU,17,KAB. KEPAHIANG,1708,Negeri,31,0,3,1,3,0,38
2023,PROV. BENGKULU,17,KAB. BENGKULU TENGAH,1709,Negeri,30,2,0,2,3,0,37
2023,PROV. BENGKULU,17,KAB. BENGKULU TENGAH,1709,Swasta,0,0,0,0,0,0,0
2023,PROV. BENGKULU,17,KOTA BENGKULU,1771,Swasta,3,4,1,1,4,2,15
2023,PROV. BENGKULU,17,KOTA BENGKULU,1771,Negeri,21,3,2,0,3,5,34
2023,PROV. LAMPUNG,18,KAB. LAMPUNG SELATAN,1801,Negeri,95,6,2,8,9,8,128
2023,PROV. LAMPUNG,18,KAB. LAMPUNG SELATAN,1801,Swasta,20,0,0,0,0,1,21
2023,PROV. LAMPUNG,18,KAB. LAMPUNG TENGAH,1802,Swasta,7,2,0,0,0,1,10
2023,PROV. LAMPUNG,18,KAB. LAMPUNG TENGAH,1802,Negeri,31,8,2,2,6,5,54
2023,PROV. LAMPUNG,18,KAB. LAMPUNG UTARA,1803,Negeri,22,7,5,1,8,3,46
2023,PROV. LAMPUNG,18,KAB. LAMPUNG UTARA,1803,Swasta,0,4,0,1,1,0,6
2023,PROV. LAMPUNG,18,KAB. LAMPUNG BARAT,1804,Swasta,10,0,0,1,0,0,11
2023,PROV. LAMPUNG,18,KAB. LAMPUNG BARAT,1804,Negeri,6,3,0,3,4,0,16
2023,PROV. LAMPUNG,18,KAB. TULANG BAWANG,1805,Swasta,5,12,1,5,1,9,33
2023,PROV. LAMPUNG,18,KAB. TULANG BAWANG,1805,Negeri,18,7,1,4,4,5,39
2023,PROV. LAMPUNG,18,KAB. TANGGAMUS,1806,Negeri,48,1,10,5,6,8,78
2023,PROV. LAMPUNG,18,KAB. TANGGAMUS,1806,Swasta,1,0,0,0,0,0,1
2023,PROV. LAMPUNG,18,KAB. LAMPUNG TIMUR,1807,Negeri,38,2,3,5,6,7,61
2023,PROV. LAMPUNG,18,KAB. LAMPUNG TIMUR,1807,Swasta,1,10,2,2,2,1,18
2023,PROV. LAMPUNG,18,KAB. WAY KANAN,1808,Negeri,38,3,10,3,9,4,67
2023,PROV. LAMPUNG,18,KAB. WAY KANAN,1808,Swasta,1,0,0,0,0,0,1
2023,PROV. LAMPUNG,18,KAB. PESAWARAN,1809,Swasta,2,2,0,0,0,0,4
2023,PROV. LAMPUNG,18,KAB. PESAWARAN,1809,Negeri,27,3,10,2,7,8,57
2023,PROV. LAMPUNG,18,KAB. PRINGSEWU,1810,Negeri,19,1,0,2,3,0,25
2023,PROV. LAMPUNG,18,KAB. PRINGSEWU,1810,Swasta,1,0,0,0,0,0,1
2023,PROV. LAMPUNG,18,KAB. MESUJI,1811,Negeri,26,3,6,0,6,3,44
2023,PROV. LAMPUNG,18,KAB. MESUJI,1811,Swasta,0,0,0,2,0,1,3
2023,PROV. LAMPUNG,18,KAB. TULANG BAWANG BARAT,1812,Negeri,8,4,3,3,7,5,30
2023,PROV. LAMPUNG,18,KAB. TULANG BAWANG BARAT,1812,Swasta,0,0,0,0,0,0,0
2023,PROV. LAMPUNG,18,KAB. PESISIR BARAT,1813,Negeri,6,4,0,0,0,0,10
2023,PROV. LAMPUNG,18,KAB. PESISIR BARAT,1813,Swasta,0,0,0,0,0,0,0
2023,PROV. LAMPUNG,18,KOTA BANDAR LAMPUNG,1871,Swasta,5,0,1,1,1,3,11
2023,PROV. LAMPUNG,18,KOTA BANDAR LAMPUNG,1871,Negeri,27,8,1,3,3,3,45
2023,PROV. LAMPUNG,18,KOTA METRO,1872,Negeri,8,0,2,0,0,0,10
2023,PROV. LAMPUNG,18,KOTA METRO,1872,Swasta,3,0,0,0,0,0,3
2023,PROV. KEPULAUAN BANGKA BELITUNG,19,KAB. BANGKA,1901,Swasta,1,1,0,0,0,0,2
2023,PROV. KEPULAUAN BANGKA BELITUNG,19,KAB. BANGKA,1901,Negeri,48,8,7,10,19,2,94
2023,PROV. KEPULAUAN BANGKA BELITUNG,19,KAB. BELITUNG,1902,Negeri,8,0,2,7,4,4,25
2023,PROV. KEPULAUAN BANGKA BELITUNG,19,KAB. BELITUNG,1902,Swasta,8,0,1,1,3,0,13
2023,PROV. KEPULAUAN BANGKA BELITUNG,19,KAB. BANGKA SELATAN,1903,Negeri,14,6,21,21,8,6,76
2023,PROV. KEPULAUAN BANGKA BELITUNG,19,KAB. BANGKA SELATAN,1903,Swasta,0,0,0,0,1,0,1
2023,PROV. KEPULAUAN BANGKA BELITUNG,19,KAB. BANGKA TENGAH,1904,Swasta,0,0,0,1,0,0,1
2023,PROV. KEPULAUAN BANGKA BELITUNG,19,KAB. BANGKA TENGAH,1904,Negeri,7,5,3,5,4,4,28
2023,PROV. KEPULAUAN BANGKA BELITUNG,19,KAB. BANGKA BARAT,1905,Negeri,10,8,3,8,20,2,51
2023,PROV. KEPULAUAN BANGKA BELITUNG,19,KAB. BANGKA BARAT,1905,Swasta,0,0,1,0,0,0,1
2023,PROV. KEPULAUAN BANGKA BELITUNG,19,KAB. BELITUNG TIMUR,1906,Swasta,0,0,0,0,0,0,0
2023,PROV. KEPULAUAN BANGKA BELITUNG,19,KAB. BELITUNG TIMUR,1906,Negeri,8,2,1,2,3,0,16
2023,PROV. KEPULAUAN BANGKA BELITUNG,19,KOTA PANGKAL PINANG,1971,Negeri,15,2,2,1,2,1,23
2023,PROV. KEPULAUAN BANGKA BELITUNG,19,KOTA PANGKAL PINANG,1971,Swasta,1,0,0,0,0,0,1
2023,PROV. KEPULAUAN RIAU,21,KAB. BINTAN,2101,Swasta,0,0,0,0,0,0,0
2023,PROV. KEPULAUAN RIAU,21,KAB. BINTAN,2101,Negeri,7,12,3,4,1,2,29
2023,PROV. KEPULAUAN RIAU,21,KAB. KARIMUN,2102,Swasta,1,0,0,0,0,0,1
2023,PROV. KEPULAUAN RIAU,21,KAB. KARIMUN,2102,Negeri,35,6,0,0,4,0,45
2023,PROV. KEPULAUAN RIAU,21,KAB. NATUNA,2103,Swasta,3,0,0,0,0,0,3
2023,PROV. KEPULAUAN RIAU,21,KAB. NATUNA,2103,Negeri,14,1,2,0,1,0,18
2023,PROV. KEPULAUAN RIAU,21,KAB. LINGGA,2104,Swasta,0,0,0,0,0,0,0
2023,PROV. KEPULAUAN RIAU,21,KAB. LINGGA,2104,Negeri,4,0,0,3,0,1,8
2023,PROV. KEPULAUAN RIAU,21,KAB. KEPULAUAN ANAMBAS,2105,Negeri,6,0,0,0,0,0,6
2023,PROV. KEPULAUAN RIAU,21,KAB. KEPULAUAN ANAMBAS,2105,Swasta,1,0,0,0,0,0,1
2023,PROV. KEPULAUAN RIAU,21,KOTA BATAM,2171,Negeri,139,4,6,7,1,5,162
2023,PROV. KEPULAUAN RIAU,21,KOTA BATAM,2171,Swasta,61,7,9,4,11,3,95
2023,PROV. KEPULAUAN RIAU,21,KOTA TANJUNG PINANG,2172,Swasta,2,2,0,0,0,0,4
2023,PROV. KEPULAUAN RIAU,21,KOTA TANJUNG PINANG,2172,Negeri,9,0,0,1,3,0,13
2023,PROV. D.K.I. JAKARTA,31,KAB. ADM. KEP. SERIBU,3101,Negeri,0,1,0,0,0,0,1
2023,PROV. D.K.I. JAKARTA,31,KAB. ADM. KEP. SERIBU,3101,Swasta,0,0,0,0,0,0,0
2023,PROV. D.K.I. JAKARTA,31,KOTA ADM. JAKARTA PUSAT,3171,Negeri,80,11,6,1,4,2,104
2023,PROV. D.K.I. JAKARTA,31,KOTA ADM. JAKARTA PUSAT,3171,Swasta,10,0,2,1,7,1,21
2023,PROV. D.K.I. JAKARTA,31,KOTA ADM. JAKARTA UTARA,3172,Negeri,65,2,3,2,0,1,73
2023,PROV. D.K.I. JAKARTA,31,KOTA ADM. JAKARTA UTARA,3172,Swasta,20,5,11,5,6,0,47
2023,PROV. D.K.I. JAKARTA,31,KOTA ADM. JAKARTA BARAT,3173,Negeri,101,7,5,6,2,5,126
2023,PROV. D.K.I. JAKARTA,31,KOTA ADM. JAKARTA BARAT,3173,Swasta,25,5,2,1,2,0,35
2023,PROV. D.K.I. JAKARTA,31,KOTA ADM. JAKARTA SELATAN,3174,Swasta,10,0,5,0,4,1,20
2023,PROV. D.K.I. JAKARTA,31,KOTA ADM. JAKARTA SELATAN,3174,Negeri,67,6,5,6,3,0,87
2023,PROV. D.K.I. JAKARTA,31,KOTA ADM. JAKARTA TIMUR,3175,Swasta,33,7,5,3,2,1,51
2023,PROV. D.K.I. JAKARTA,31,KOTA ADM. JAKARTA TIMUR,3175,Negeri,271,7,4,9,6,7,304
2023,PROV. JAWA BARAT,32,KAB. BOGOR,3201,Swasta,59,15,9,7,10,3,103
2023,PROV. JAWA BARAT,32,KAB. BOGOR,3201,Negeri,654,64,29,23,44,60,874
2023,PROV. JAWA BARAT,32,KAB. SUKABUMI,3202,Swasta,6,2,1,4,2,1,16
2023,PROV. JAWA BARAT,32,KAB. SUKABUMI,3202,Negeri,251,34,13,6,8,10,322
2023,PROV. JAWA BARAT,32,KAB. CIANJUR,3203,Swasta,0,1,0,0,0,0,1
2023,PROV. JAWA BARAT,32,KAB. CIANJUR,3203,Negeri,257,47,14,19,17,12,366
2023,PROV. JAWA BARAT,32,KAB. BANDUNG,3204,Swasta,30,4,2,0,4,1,41
2023,PROV. JAWA BARAT,32,KAB. BANDUNG,3204,Negeri,210,32,27,18,19,15,321
2023,PROV. JAWA BARAT,32,KAB. GARUT,3205,Negeri,225,20,9,5,9,12,280
2023,PROV. JAWA BARAT,32,KAB. GARUT,3205,Swasta,27,7,0,2,3,0,39
2023,PROV. JAWA BARAT,32,KAB. TASIKMALAYA,3206,Swasta,3,1,0,0,0,0,4
2023,PROV. JAWA BARAT,32,KAB. TASIKMALAYA,3206,Negeri,158,20,15,10,11,10,224
2023,PROV. JAWA BARAT,32,KAB. CIAMIS,3207,Swasta,2,0,1,0,0,0,3
2023,PROV. JAWA BARAT,32,KAB. CIAMIS,3207,Negeri,60,5,0,2,0,2,69
2023,PROV. JAWA BARAT,32,KAB. KUNINGAN,3208,Swasta,1,0,0,0,0,1,2
2023,PROV. JAWA BARAT,32,KAB. KUNINGAN,3208,Negeri,102,11,4,6,9,3,135
2023,PROV. JAWA BARAT,32,KAB. CIREBON,3209,Negeri,186,23,5,14,8,9,245
2023,PROV. JAWA BARAT,32,KAB. CIREBON,3209,Swasta,11,4,1,0,2,0,18
2023,PROV. JAWA BARAT,32,KAB. MAJALENGKA,3210,Negeri,56,2,7,5,3,3,76
2023,PROV. JAWA BARAT,32,KAB. MAJALENGKA,3210,Swasta,13,0,0,0,0,0,13
2023,PROV. JAWA BARAT,32,KAB. SUMEDANG,3211,Swasta,3,0,1,1,1,0,6
2023,PROV. JAWA BARAT,32,KAB. SUMEDANG,3211,Negeri,73,10,4,2,4,1,94
2023,PROV. JAWA BARAT,32,KAB. INDRAMAYU,3212,Swasta,8,3,1,2,1,0,15
2023,PROV. JAWA BARAT,32,KAB. INDRAMAYU,3212,Negeri,175,28,10,11,18,18,260
2023,PROV. JAWA BARAT,32,KAB. SUBANG,3213,Negeri,143,23,6,6,10,11,199
2023,PROV. JAWA BARAT,32,KAB. SUBANG,3213,Swasta,7,1,0,0,0,0,8
2023,PROV. JAWA BARAT,32,KAB. PURWAKARTA,3214,Swasta,5,0,1,0,0,0,6
2023,PROV. JAWA BARAT,32,KAB. PURWAKARTA,3214,Negeri,94,12,14,7,7,6,140
2023,PROV. JAWA BARAT,32,KAB. KARAWANG,3215,Negeri,228,34,16,13,28,27,346
2023,PROV. JAWA BARAT,32,KAB. KARAWANG,3215,Swasta,17,2,0,1,0,0,20
2023,PROV. JAWA BARAT,32,KAB. BEKASI,3216,Negeri,216,50,26,21,27,15,355
2023,PROV. JAWA BARAT,32,KAB. BEKASI,3216,Swasta,67,18,9,5,5,5,109
2023,PROV. JAWA BARAT,32,KAB. BANDUNG BARAT,3217,Negeri,123,28,10,6,11,9,187
2023,PROV. JAWA BARAT,32,KAB. BANDUNG BARAT,3217,Swasta,7,1,0,0,0,1,9
2023,PROV. JAWA BARAT,32,KAB. PANGANDARAN,3218,Negeri,17,1,0,0,0,0,18
2023,PROV. JAWA BARAT,32,KAB. PANGANDARAN,3218,Swasta,0,0,1,0,0,0,1
2023,PROV. JAWA BARAT,32,KOTA BOGOR,3271,Negeri,51,2,3,1,1,1,59
2023,PROV. JAWA BARAT,32,KOTA BOGOR,3271,Swasta,7,1,2,0,0,0,10
2023,PROV. JAWA BARAT,32,KOTA SUKABUMI,3272,Swasta,13,0,0,1,1,0,15
2023,PROV. JAWA BARAT,32,KOTA SUKABUMI,3272,Negeri,43,4,4,14,9,1,75
2023,PROV. JAWA BARAT,32,KOTA BANDUNG,3273,Negeri,111,10,1,1,0,2,125
2023,PROV. JAWA BARAT,32,KOTA BANDUNG,3273,Swasta,22,4,0,1,1,3,31
2023,PROV. JAWA BARAT,32,KOTA CIREBON,3274,Negeri,16,0,1,1,1,0,19
2023,PROV. JAWA BARAT,32,KOTA CIREBON,3274,Swasta,2,1,0,0,0,0,3
2023,PROV. JAWA BARAT,32,KOTA BEKASI,3275,Negeri,73,27,4,5,12,13,134
2023,PROV. JAWA BARAT,32,KOTA BEKASI,3275,Swasta,35,17,2,5,5,1,65
2023,PROV. JAWA BARAT,32,KOTA DEPOK,3276,Negeri,37,7,6,4,3,4,61
2023,PROV. JAWA BARAT,32,KOTA DEPOK,3276,Swasta,29,5,6,3,0,1,44
2023,PROV. JAWA BARAT,32,KOTA CIMAHI,3277,Negeri,21,2,2,1,2,0,28
2023,PROV. JAWA BARAT,32,KOTA CIMAHI,3277,Swasta,1,0,0,1,1,0,3
2023,PROV. JAWA BARAT,32,KOTA TASIKMALAYA,3278,Negeri,50,2,0,4,3,4,63
2023,PROV. JAWA BARAT,32,KOTA TASIKMALAYA,3278,Swasta,5,0,1,0,1,0,7
2023,PROV. JAWA BARAT,32,KOTA BANJAR,3279,Swasta,3,0,0,0,0,0,3
2023,PROV. JAWA BARAT,32,KOTA BANJAR,3279,Negeri,3,0,1,0,1,0,5
2023,PROV. JAWA TENGAH,33,KAB. CILACAP,3301,Swasta,10,1,1,0,1,1,14
2023,PROV. JAWA TENGAH,33,KAB. CILACAP,3301,Negeri,111,10,9,1,6,1,138
2023,PROV. JAWA TENGAH,33,KAB. BANYUMAS,3302,Swasta,27,0,2,2,1,0,32
2023,PROV. JAWA TENGAH,33,KAB. BANYUMAS,3302,Negeri,109,5,3,7,6,2,132
2023,PROV. JAWA TENGAH,33,KAB. PURBALINGGA,3303,Negeri,58,6,3,4,9,2,82
2023,PROV. JAWA TENGAH,33,KAB. PURBALINGGA,3303,Swasta,0,0,0,0,0,0,0
2023,PROV. JAWA TENGAH,33,KAB. BANJARNEGARA,3304,Swasta,4,0,0,0,0,0,4
2023,PROV. JAWA TENGAH,33,KAB. BANJARNEGARA,3304,Negeri,49,1,2,3,19,4,78
2023,PROV. JAWA TENGAH,33,KAB. KEBUMEN,3305,Negeri,25,4,5,5,5,3,47
2023,PROV. JAWA TENGAH,33,KAB. KEBUMEN,3305,Swasta,1,0,0,0,0,0,1
2023,PROV. JAWA TENGAH,33,KAB. PURWOREJO,3306,Negeri,9,11,1,2,1,0,24
2023,PROV. JAWA TENGAH,33,KAB. PURWOREJO,3306,Swasta,4,0,0,2,2,0,8
2023,PROV. JAWA TENGAH,33,KAB. WONOSOBO,3307,Swasta,1,1,2,3,3,2,12
2023,PROV. JAWA TENGAH,33,KAB. WONOSOBO,3307,Negeri,19,3,3,3,7,3,38
2023,PROV. JAWA TENGAH,33,KAB. MAGELANG,3308,Negeri,17,2,2,0,2,0,23
2023,PROV. JAWA TENGAH,33,KAB. MAGELANG,3308,Swasta,1,1,0,1,1,0,4
2023,PROV. JAWA TENGAH,33,KAB. BOYOLALI,3309,Swasta,0,0,0,0,0,0,0
2023,PROV. JAWA TENGAH,33,KAB. BOYOLALI,3309,Negeri,42,2,0,0,3,2,49
2023,PROV. JAWA TENGAH,33,KAB. KLATEN,3310,Swasta,8,1,0,0,1,1,11
2023,PROV. JAWA TENGAH,33,KAB. KLATEN,3310,Negeri,29,2,1,1,2,1,36
2023,PROV. JAWA TENGAH,33,KAB. SUKOHARJO,3311,Negeri,28,2,0,1,2,1,34
2023,PROV. JAWA TENGAH,33,KAB. SUKOHARJO,3311,Swasta,2,1,1,0,0,2,6
2023,PROV. JAWA TENGAH,33,KAB. WONOGIRI,3312,Negeri,70,2,0,2,2,1,77
2023,PROV. JAWA TENGAH,33,KAB. WONOGIRI,3312,Swasta,3,0,0,0,0,0,3
2023,PROV. JAWA TENGAH,33,KAB. KARANGANYAR,3313,Swasta,1,0,0,0,0,0,1
2023,PROV. JAWA TENGAH,33,KAB. KARANGANYAR,3313,Negeri,11,5,0,1,3,1,21
2023,PROV. JAWA TENGAH,33,KAB. SRAGEN,3314,Swasta,2,0,0,0,0,1,3
2023,PROV. JAWA TENGAH,33,KAB. SRAGEN,3314,Negeri,59,5,3,2,2,3,74
2023,PROV. JAWA TENGAH,33,KAB. GROBOGAN,3315,Negeri,72,14,6,5,6,7,110
2023,PROV. JAWA TENGAH,33,KAB. GROBOGAN,3315,Swasta,1,0,0,0,0,0,1
2023,PROV. JAWA TENGAH,33,KAB. BLORA,3316,Swasta,2,0,0,0,0,0,2
2023,PROV. JAWA TENGAH,33,KAB. BLORA,3316,Negeri,13,0,1,1,1,1,17
2023,PROV. JAWA TENGAH,33,KAB. REMBANG,3317,Negeri,22,2,1,0,2,2,29
2023,PROV. JAWA TENGAH,33,KAB. REMBANG,3317,Swasta,0,0,0,0,0,0,0
2023,PROV. JAWA TENGAH,33,KAB. PATI,3318,Negeri,29,7,3,3,3,0,45
2023,PROV. JAWA TENGAH,33,KAB. PATI,3318,Swasta,1,0,0,0,0,0,1
2023,PROV. JAWA TENGAH,33,KAB. KUDUS,3319,Negeri,38,4,3,1,5,1,52
2023,PROV. JAWA TENGAH,33,KAB. KUDUS,3319,Swasta,3,1,0,1,0,0,5
2023,PROV. JAWA TENGAH,33,KAB. JEPARA,3320,Swasta,3,0,0,0,0,0,3
2023,PROV. JAWA TENGAH,33,KAB. JEPARA,3320,Negeri,43,10,3,4,3,0,63
2023,PROV. JAWA TENGAH,33,KAB. DEMAK,3321,Negeri,73,2,4,5,5,3,92
2023,PROV. JAWA TENGAH,33,KAB. DEMAK,3321,Swasta,3,0,0,0,1,1,5
2023,PROV. JAWA TENGAH,33,KAB. SEMARANG,3322,Swasta,3,1,0,0,0,0,4
2023,PROV. JAWA TENGAH,33,KAB. SEMARANG,3322,Negeri,44,5,4,4,3,2,62
2023,PROV. JAWA TENGAH,33,KAB. TEMANGGUNG,3323,Swasta,0,0,0,0,0,0,0
2023,PROV. JAWA TENGAH,33,KAB. TEMANGGUNG,3323,Negeri,7,0,1,1,3,1,13
2023,PROV. JAWA TENGAH,33,KAB. KENDAL,3324,Negeri,25,2,2,4,3,1,37
2023,PROV. JAWA TENGAH,33,KAB. KENDAL,3324,Swasta,0,1,0,0,0,0,1
2023,PROV. JAWA TENGAH,33,KAB. BATANG,3325,Negeri,25,5,3,3,5,1,42
2023,PROV. JAWA TENGAH,33,KAB. BATANG,3325,Swasta,2,0,0,0,0,0,2
2023,PROV. JAWA TENGAH,33,KAB. PEKALONGAN,3326,Negeri,23,3,1,1,6,2,36
2023,PROV. JAWA TENGAH,33,KAB. PEKALONGAN,3326,Swasta,2,0,0,1,0,0,3
2023,PROV. JAWA TENGAH,33,KAB. PEMALANG,3327,Swasta,5,3,0,0,1,1,10
2023,PROV. JAWA TENGAH,33,KAB. PEMALANG,3327,Negeri,71,8,9,5,13,6,112
2023,PROV. JAWA TENGAH,33,KAB. TEGAL,3328,Negeri,77,18,12,14,13,8,142
2023,PROV. JAWA TENGAH,33,KAB. TEGAL,3328,Swasta,8,1,2,2,0,0,13
2023,PROV. JAWA TENGAH,33,KAB. BREBES,3329,Swasta,6,8,1,0,1,0,16
2023,PROV. JAWA TENGAH,33,KAB. BREBES,3329,Negeri,261,33,12,14,15,18,353
2023,PROV. JAWA TENGAH,33,KOTA MAGELANG,3371,Negeri,0,1,1,0,0,0,2
2023,PROV. JAWA TENGAH,33,KOTA MAGELANG,3371,Swasta,0,1,1,0,0,0,2
2023,PROV. JAWA TENGAH,33,KOTA SURAKARTA,3372,Swasta,9,0,0,0,0,0,9
2023,PROV. JAWA TENGAH,33,KOTA SURAKARTA,3372,Negeri,20,1,2,0,1,1,25
2023,PROV. JAWA TENGAH,33,KOTA SALATIGA,3373,Negeri,5,0,0,0,0,1,6
2023,PROV. JAWA TENGAH,33,KOTA SALATIGA,3373,Swasta,4,0,1,0,0,0,5
2023,PROV. JAWA TENGAH,33,KOTA SEMARANG,3374,Swasta,16,2,5,5,2,0,30
2023,PROV. JAWA TENGAH,33,KOTA SEMARANG,3374,Negeri,40,4,0,2,2,3,51
2023,PROV. JAWA TENGAH,33,KOTA PEKALONGAN,3375,Swasta,4,0,0,0,1,1,6
2023,PROV. JAWA TENGAH,33,KOTA PEKALONGAN,3375,Negeri,9,3,1,3,2,0,18
2023,PROV. JAWA TENGAH,33,KOTA TEGAL,3376,Swasta,2,3,3,5,1,2,16
2023,PROV. JAWA TENGAH,33,KOTA TEGAL,3376,Negeri,5,0,1,0,0,0,6
2023,PROV. D.I. YOGYAKARTA,34,KAB. KULON PROGO,3401,Swasta,9,0,1,0,0,0,10
2023,PROV. D.I. YOGYAKARTA,34,KAB. KULON PROGO,3401,Negeri,13,1,1,0,0,1,16
2023,PROV. D.I. YOGYAKARTA,34,KAB. BANTUL,3402,Negeri,6,0,0,0,0,0,6
2023,PROV. D.I. YOGYAKARTA,34,KAB. BANTUL,3402,Swasta,1,0,0,0,0,0,1
2023,PROV. D.I. YOGYAKARTA,34,KAB. GUNUNGKIDUL,3403,Swasta,0,0,0,0,0,0,0
2023,PROV. D.I. YOGYAKARTA,34,KAB. GUNUNGKIDUL,3403,Negeri,3,0,0,1,3,1,8
2023,PROV. D.I. YOGYAKARTA,34,KAB. SLEMAN,3404,Negeri,4,0,1,0,0,0,5
2023,PROV. D.I. YOGYAKARTA,34,KAB. SLEMAN,3404,Swasta,7,0,1,0,0,1,9
2023,PROV. D.I. YOGYAKARTA,34,KOTA YOGYAKARTA,3471,Negeri,5,1,0,2,0,0,8
2023,PROV. D.I. YOGYAKARTA,34,KOTA YOGYAKARTA,3471,Swasta,9,1,1,0,1,0,12
2023,PROV. JAWA TIMUR,35,KAB. PACITAN,3501,Swasta,2,0,0,0,0,1,3
2023,PROV. JAWA TIMUR,35,KAB. PACITAN,3501,Negeri,51,2,0,3,0,0,56
2023,PROV. JAWA TIMUR,35,KAB. PONOROGO,3502,Swasta,1,0,0,0,0,0,1
2023,PROV. JAWA TIMUR,35,KAB. PONOROGO,3502,Negeri,13,1,1,2,0,1,18
2023,PROV. JAWA TIMUR,35,KAB. TRENGGALEK,3503,Negeri,17,0,2,2,0,0,21
2023,PROV. JAWA TIMUR,35,KAB. TRENGGALEK,3503,Swasta,7,13,2,0,0,0,22
2023,PROV. JAWA TIMUR,35,KAB. TULUNGAGUNG,3504,Swasta,2,2,0,2,1,0,7
2023,PROV. JAWA TIMUR,35,KAB. TULUNGAGUNG,3504,Negeri,29,2,2,0,1,2,36
2023,PROV. JAWA TIMUR,35,KAB. BLITAR,3505,Swasta,0,0,0,0,0,0,0
2023,PROV. JAWA TIMUR,35,KAB. BLITAR,3505,Negeri,16,3,2,2,2,2,27
2023,PROV. JAWA TIMUR,35,KAB. KEDIRI,3506,Negeri,25,8,3,0,1,1,38
2023,PROV. JAWA TIMUR,35,KAB. KEDIRI,3506,Swasta,7,3,1,1,2,1,15
2023,PROV. JAWA TIMUR,35,KAB. MALANG,3507,Swasta,23,0,2,0,5,2,32
2023,PROV. JAWA TIMUR,35,KAB. MALANG,3507,Negeri,97,9,12,15,18,10,161
2023,PROV. JAWA TIMUR,35,KAB. LUMAJANG,3508,Swasta,0,1,0,0,1,0,2
2023,PROV. JAWA TIMUR,35,KAB. LUMAJANG,3508,Negeri,50,3,3,2,4,5,67
2023,PROV. JAWA TIMUR,35,KAB. JEMBER,3509,Swasta,38,6,5,8,5,1,63
2023,PROV. JAWA TIMUR,35,KAB. JEMBER,3509,Negeri,192,23,13,10,20,24,282
2023,PROV. JAWA TIMUR,35,KAB. BANYUWANGI,3510,Swasta,0,0,0,1,1,0,2
2023,PROV. JAWA TIMUR,35,KAB. BANYUWANGI,3510,Negeri,48,5,2,1,4,3,63
2023,PROV. JAWA TIMUR,35,KAB. BONDOWOSO,3511,Negeri,69,5,0,2,9,6,91
2023,PROV. JAWA TIMUR,35,KAB. BONDOWOSO,3511,Swasta,4,1,1,0,0,0,6
2023,PROV. JAWA TIMUR,35,KAB. SITUBONDO,3512,Swasta,2,3,1,0,2,0,8
2023,PROV. JAWA TIMUR,35,KAB. SITUBONDO,3512,Negeri,36,1,3,2,4,5,51
2023,PROV. JAWA TIMUR,35,KAB. PROBOLINGGO,3513,Swasta,3,0,1,0,0,0,4
2023,PROV. JAWA TIMUR,35,KAB. PROBOLINGGO,3513,Negeri,34,4,4,16,13,5,76
2023,PROV. JAWA TIMUR,35,KAB. PASURUAN,3514,Negeri,72,6,2,10,15,7,112
2023,PROV. JAWA TIMUR,35,KAB. PASURUAN,3514,Swasta,7,2,1,1,0,2,13
2023,PROV. JAWA TIMUR,35,KAB. SIDOARJO,3515,Negeri,98,4,2,4,9,1,118
2023,PROV. JAWA TIMUR,35,KAB. SIDOARJO,3515,Swasta,14,1,0,2,0,2,19
2023,PROV. JAWA TIMUR,35,KAB. MOJOKERTO,3516,Negeri,12,0,0,0,5,1,18
2023,PROV. JAWA TIMUR,35,KAB. MOJOKERTO,3516,Swasta,1,0,0,0,0,0,1
2023,PROV. JAWA TIMUR,35,KAB. JOMBANG,3517,Negeri,22,2,0,2,4,2,32
2023,PROV. JAWA TIMUR,35,KAB. JOMBANG,3517,Swasta,4,1,1,0,3,1,10
2023,PROV. JAWA TIMUR,35,KAB. NGANJUK,3518,Negeri,22,1,2,1,1,3,30
2023,PROV. JAWA TIMUR,35,KAB. NGANJUK,3518,Swasta,1,0,1,0,0,0,2
2023,PROV. JAWA TIMUR,35,KAB. MADIUN,3519,Swasta,0,0,0,0,0,0,0
2023,PROV. JAWA TIMUR,35,KAB. MADIUN,3519,Negeri,11,1,0,1,1,2,16
2023,PROV. JAWA TIMUR,35,KAB. MAGETAN,3520,Swasta,0,0,0,0,0,0,0
2023,PROV. JAWA TIMUR,35,KAB. MAGETAN,3520,Negeri,10,0,1,0,0,0,11
2023,PROV. JAWA TIMUR,35,KAB. NGAWI,3521,Swasta,0,0,0,0,0,0,0
2023,PROV. JAWA TIMUR,35,KAB. NGAWI,3521,Negeri,33,1,1,3,4,0,42
2023,PROV. JAWA TIMUR,35,KAB. BOJONEGORO,3522,Negeri,20,0,2,2,2,0,26
2023,PROV. JAWA TIMUR,35,KAB. BOJONEGORO,3522,Swasta,0,1,0,0,0,0,1
2023,PROV. JAWA TIMUR,35,KAB. TUBAN,3523,Swasta,0,1,0,0,0,0,1
2023,PROV. JAWA TIMUR,35,KAB. TUBAN,3523,Negeri,15,2,2,1,3,0,23
2023,PROV. JAWA TIMUR,35,KAB. LAMONGAN,3524,Negeri,13,1,2,1,2,2,21
2023,PROV. JAWA TIMUR,35,KAB. LAMONGAN,3524,Swasta,1,0,0,0,0,0,1
2023,PROV. JAWA TIMUR,35,KAB. GRESIK,3525,Negeri,71,6,4,6,1,2,90
2023,PROV. JAWA TIMUR,35,KAB. GRESIK,3525,Swasta,7,0,1,6,1,1,16
2023,PROV. JAWA TIMUR,35,KAB. BANGKALAN,3526,Swasta,6,10,10,6,11,3,46
2023,PROV. JAWA TIMUR,35,KAB. BANGKALAN,3526,Negeri,96,28,25,13,22,24,208
2023,PROV. JAWA TIMUR,35,KAB. SAMPANG,3527,Swasta,53,31,6,13,12,7,122
2023,PROV. JAWA TIMUR,35,KAB. SAMPANG,3527,Negeri,135,14,30,18,34,40,271
2023,PROV. JAWA TIMUR,35,KAB. PAMEKASAN,3528,Negeri,87,9,5,1,2,7,111
2023,PROV. JAWA TIMUR,35,KAB. PAMEKASAN,3528,Swasta,9,1,0,2,2,6,20
2023,PROV. JAWA TIMUR,35,KAB. SUMENEP,3529,Negeri,127,53,55,44,28,43,350
2023,PROV. JAWA TIMUR,35,KAB. SUMENEP,3529,Swasta,33,22,32,33,30,20,170
2023,PROV. JAWA TIMUR,35,KOTA KEDIRI,3571,Swasta,1,0,0,0,1,0,2
2023,PROV. JAWA TIMUR,35,KOTA KEDIRI,3571,Negeri,0,0,0,0,0,0,0
2023,PROV. JAWA TIMUR,35,KOTA BLITAR,3572,Negeri,0,0,0,0,0,0,0
2023,PROV. JAWA TIMUR,35,KOTA BLITAR,3572,Swasta,1,0,0,0,0,0,1
2023,PROV. JAWA TIMUR,35,KOTA MALANG,3573,Negeri,13,0,0,0,0,0,13
2023,PROV. JAWA TIMUR,35,KOTA MALANG,3573,Swasta,5,0,0,2,3,0,10
2023,PROV. JAWA TIMUR,35,KOTA PROBOLINGGO,3574,Swasta,2,0,0,0,0,0,2
2023,PROV. JAWA TIMUR,35,KOTA PROBOLINGGO,3574,Negeri,6,2,2,2,1,0,13
2023,PROV. JAWA TIMUR,35,KOTA PASURUAN,3575,Negeri,2,0,0,0,0,0,2
2023,PROV. JAWA TIMUR,35,KOTA PASURUAN,3575,Swasta,1,0,2,0,0,0,3
2023,PROV. JAWA TIMUR,35,KOTA MOJOKERTO,3576,Negeri,0,0,0,0,0,0,0
2023,PROV. JAWA TIMUR,35,KOTA MOJOKERTO,3576,Swasta,0,0,1,0,0,0,1
2023,PROV. JAWA TIMUR,35,KOTA MADIUN,3577,Negeri,2,0,0,0,1,0,3
2023,PROV. JAWA TIMUR,35,KOTA MADIUN,3577,Swasta,10,0,0,0,0,0,10
2023,PROV. JAWA TIMUR,35,KOTA SURABAYA,3578,Swasta,80,16,13,8,10,4,131
2023,PROV. JAWA TIMUR,35,KOTA SURABAYA,3578,Negeri,47,9,4,5,5,4,74
2023,PROV. JAWA TIMUR,35,KOTA BATU,3579,Swasta,1,0,0,0,0,0,1
2023,PROV. JAWA TIMUR,35,KOTA BATU,3579,Negeri,6,1,0,1,0,0,8
2023,PROV. BANTEN,36,KAB. PANDEGLANG,3601,Swasta,4,1,2,1,0,0,8
2023,PROV. BANTEN,36,KAB. PANDEGLANG,3601,Negeri,207,24,21,12,25,17,306
2023,PROV. BANTEN,36,KAB. LEBAK,3602,Negeri,236,20,14,18,17,19,324
2023,PROV. BANTEN,36,KAB. LEBAK,3602,Swasta,2,2,1,0,0,1,6
2023,PROV. BANTEN,36,KAB. TANGERANG,3603,Swasta,68,16,15,3,6,1,109
2023,PROV. BANTEN,36,KAB. TANGERANG,3603,Negeri,296,49,20,22,23,28,438
2023,PROV. BANTEN,36,KAB. SERANG,3604,Negeri,193,24,8,13,6,8,252
2023,PROV. BANTEN,36,KAB. SERANG,3604,Swasta,2,0,0,0,1,0,3
2023,PROV. BANTEN,36,KOTA TANGERANG,3671,Negeri,36,4,1,2,3,2,48
2023,PROV. BANTEN,36,KOTA TANGERANG,3671,Swasta,13,1,1,0,2,1,18
2023,PROV. BANTEN,36,KOTA CILEGON,3672,Negeri,6,0,1,0,1,5,13
2023,PROV. BANTEN,36,KOTA CILEGON,3672,Swasta,7,1,0,0,0,0,8
2023,PROV. BANTEN,36,KOTA SERANG,3673,Swasta,5,2,0,1,5,0,13
2023,PROV. BANTEN,36,KOTA SERANG,3673,Negeri,78,10,2,13,3,12,118
2023,PROV. BANTEN,36,KOTA TANGERANG SELATAN,3674,Negeri,63,6,7,2,2,5,85
2023,PROV. BANTEN,36,KOTA TANGERANG SELATAN,3674,Swasta,18,1,2,4,3,2,30
2023,PROV. BALI,51,KAB. JEMBRANA,5101,Swasta,0,0,0,0,0,0,0
2023,PROV. BALI,51,KAB. JEMBRANA,5101,Negeri,2,0,0,1,0,0,3
2023,PROV. BALI,51,KAB. TABANAN,5102,Negeri,5,2,0,0,0,0,7
2023,PROV. BALI,51,KAB. TABANAN,5102,Swasta,0,1,0,0,0,0,1
2023,PROV. BALI,51,KAB. BADUNG,5103,Swasta,3,0,0,0,0,1,4
2023,PROV. BALI,51,KAB. BADUNG,5103,Negeri,3,1,1,0,1,0,6
2023,PROV. BALI,51,KAB. GIANYAR,5104,Swasta,0,0,1,0,0,0,1
2023,PROV. BALI,51,KAB. GIANYAR,5104,Negeri,4,0,0,0,0,0,4
2023,PROV. BALI,51,KAB. KLUNGKUNG,5105,Negeri,1,0,2,0,1,0,4
2023,PROV. BALI,51,KAB. KLUNGKUNG,5105,Swasta,0,0,0,0,0,0,0
2023,PROV. BALI,51,KAB. BANGLI,5106,Negeri,5,2,1,2,3,6,19
2023,PROV. BALI,51,KAB. BANGLI,5106,Swasta,0,0,0,0,0,0,0
2023,PROV. BALI,51,KAB. KARANGASEM,5107,Swasta,0,0,0,0,0,0,0
2023,PROV. BALI,51,KAB. KARANGASEM,5107,Negeri,21,15,3,7,25,3,74
2023,PROV. BALI,51,KAB. BULELENG,5108,Negeri,18,0,1,4,3,2,28
2023,PROV. BALI,51,KAB. BULELENG,5108,Swasta,0,0,0,0,0,0,0
2023,PROV. BALI,51,KOTA DENPASAR,5171,Negeri,5,0,0,1,3,0,9
2023,PROV. BALI,51,KOTA DENPASAR,5171,Swasta,6,5,0,4,3,1,19
2023,PROV. NUSA TENGGARA BARAT,52,KAB. LOMBOK BARAT,5201,Negeri,80,8,3,2,19,4,116
2023,PROV. NUSA TENGGARA BARAT,52,KAB. LOMBOK BARAT,5201,Swasta,3,0,1,0,0,1,5
2023,PROV. NUSA TENGGARA BARAT,52,KAB. LOMBOK TENGAH,5202,Negeri,91,18,15,26,15,11,176
2023,PROV. NUSA TENGGARA BARAT,52,KAB. LOMBOK TENGAH,5202,Swasta,7,21,0,1,0,2,31
2023,PROV. NUSA TENGGARA BARAT,52,KAB. LOMBOK TIMUR,5203,Negeri,114,15,8,5,7,14,163
2023,PROV. NUSA TENGGARA BARAT,52,KAB. LOMBOK TIMUR,5203,Swasta,30,6,3,1,6,1,47
2023,PROV. NUSA TENGGARA BARAT,52,KAB. SUMBAWA,5204,Negeri,30,6,4,3,5,2,50
2023,PROV. NUSA TENGGARA BARAT,52,KAB. SUMBAWA,5204,Swasta,4,2,5,0,1,0,12
2023,PROV. NUSA TENGGARA BARAT,52,KAB. DOMPU,5205,Negeri,48,25,14,26,28,46,187
2023,PROV. NUSA TENGGARA BARAT,52,KAB. DOMPU,5205,Swasta,0,0,0,3,0,0,3
2023,PROV. NUSA TENGGARA BARAT,52,KAB. BIMA,5206,Swasta,5,2,0,3,10,0,20
2023,PROV. NUSA TENGGARA BARAT,52,KAB. BIMA,5206,Negeri,168,24,21,21,21,25,280
2023,PROV. NUSA TENGGARA BARAT,52,KAB. SUMBAWA BARAT,5207,Swasta,1,1,1,0,0,0,3
2023,PROV. NUSA TENGGARA BARAT,52,KAB. SUMBAWA BARAT,5207,Negeri,7,1,0,0,1,0,9
2023,PROV. NUSA TENGGARA BARAT,52,KAB. LOMBOK UTARA,5208,Swasta,0,0,0,1,0,0,1
2023,PROV. NUSA TENGGARA BARAT,52,KAB. LOMBOK UTARA,5208,Negeri,27,4,5,3,2,4,45
2023,PROV. NUSA TENGGARA BARAT,52,KOTA MATARAM,5271,Swasta,3,3,3,1,2,0,12
2023,PROV. NUSA TENGGARA BARAT,52,KOTA MATARAM,5271,Negeri,31,4,1,3,0,2,41
2023,PROV. NUSA TENGGARA BARAT,52,KOTA BIMA,5272,Negeri,13,2,4,0,2,1,22
2023,PROV. NUSA TENGGARA BARAT,52,KOTA BIMA,5272,Swasta,3,5,2,1,1,0,12
2023,PROV. NUSA TENGGARA TIMUR,53,KAB. KUPANG,5301,Swasta,5,5,3,3,8,0,24
2023,PROV. NUSA TENGGARA TIMUR,53,KAB. KUPANG,5301,Negeri,33,6,3,14,5,7,68
2023,PROV. NUSA TENGGARA TIMUR,53,KAB. TIMOR TENGAH SELATAN,5302,Negeri,93,23,24,11,43,38,232
2023,PROV. NUSA TENGGARA TIMUR,53,KAB. TIMOR TENGAH SELATAN,5302,Swasta,43,9,4,9,6,4,75
2023,PROV. NUSA TENGGARA TIMUR,53,KAB. TIMOR TENGAH UTARA,5303,Swasta,23,1,2,1,6,1,34
2023,PROV. NUSA TENGGARA TIMUR,53,KAB. TIMOR TENGAH UTARA,5303,Negeri,15,29,5,5,14,11,79
2023,PROV. NUSA TENGGARA TIMUR,53,KAB. BELU,5304,Swasta,9,3,2,3,1,2,20
2023,PROV. NUSA TENGGARA TIMUR,53,KAB. BELU,5304,Negeri,18,9,3,6,14,6,56
2023,PROV. NUSA TENGGARA TIMUR,53,KAB. ALOR,5305,Swasta,25,14,6,3,7,5,60
2023,PROV. NUSA TENGGARA TIMUR,53,KAB. ALOR,5305,Negeri,52,26,12,8,21,9,128
2023,PROV. NUSA TENGGARA TIMUR,53,KAB. FLORES TIMUR,5306,Negeri,33,7,5,5,7,3,60
2023,PROV. NUSA TENGGARA TIMUR,53,KAB. FLORES TIMUR,5306,Swasta,16,4,2,3,2,2,29
2023,PROV. NUSA TENGGARA TIMUR,53,KAB. SIKKA,5307,Negeri,49,18,8,9,19,20,123
2023,PROV. NUSA TENGGARA TIMUR,53,KAB. SIKKA,5307,Swasta,18,11,4,3,19,2,57
2023,PROV. NUSA TENGGARA TIMUR,53,KAB. ENDE,5308,Negeri,26,4,2,2,1,3,38
2023,PROV. NUSA TENGGARA TIMUR,53,KAB. ENDE,5308,Swasta,18,2,1,1,9,4,35
2023,PROV. NUSA TENGGARA TIMUR,53,KAB. NGADA,5309,Negeri,11,0,0,1,1,0,13
2023,PROV. NUSA TENGGARA TIMUR,53,KAB. NGADA,5309,Swasta,9,2,1,3,3,1,19
2023,PROV. NUSA TENGGARA TIMUR,53,KAB. MANGGARAI,5310,Swasta,21,1,1,0,1,6,30
2023,PROV. NUSA TENGGARA TIMUR,53,KAB. MANGGARAI,5310,Negeri,35,0,3,2,4,5,49
2023,PROV. NUSA TENGGARA TIMUR,53,KAB. SUMBA TIMUR,5311,Negeri,30,8,5,8,15,5,71
2023,PROV. NUSA TENGGARA TIMUR,53,KAB. SUMBA TIMUR,5311,Swasta,10,5,1,3,6,1,26
2023,PROV. NUSA TENGGARA TIMUR,53,KAB. SUMBA BARAT,5312,Negeri,45,4,7,5,9,3,73
2023,PROV. NUSA TENGGARA TIMUR,53,KAB. SUMBA BARAT,5312,Swasta,8,8,0,4,5,8,33
2023,PROV. NUSA TENGGARA TIMUR,53,KAB. LEMBATA,5313,Swasta,7,1,2,1,2,0,13
2023,PROV. NUSA TENGGARA TIMUR,53,KAB. LEMBATA,5313,Negeri,24,2,0,1,4,0,31
2023,PROV. NUSA TENGGARA TIMUR,53,KAB. ROTE NDAO,5314,Swasta,2,1,0,0,0,0,3
2023,PROV. NUSA TENGGARA TIMUR,53,KAB. ROTE NDAO,5314,Negeri,47,2,2,8,7,2,68
2023,PROV. NUSA TENGGARA TIMUR,53,KAB. MANGGARAI BARAT,5315,Swasta,9,3,0,0,2,4,18
2023,PROV. NUSA TENGGARA TIMUR,53,KAB. MANGGARAI BARAT,5315,Negeri,28,3,4,5,7,9,56
2023,PROV. NUSA TENGGARA TIMUR,53,KAB. NAGEKEO,5316,Swasta,16,3,0,1,2,1,23
2023,PROV. NUSA TENGGARA TIMUR,53,KAB. NAGEKEO,5316,Negeri,24,4,2,1,2,1,34
2023,PROV. NUSA TENGGARA TIMUR,53,KAB. SUMBA TENGAH,5317,Swasta,22,4,4,0,0,0,30
2023,PROV. NUSA TENGGARA TIMUR,53,KAB. SUMBA TENGAH,5317,Negeri,8,2,1,0,3,0,14
2023,PROV. NUSA TENGGARA TIMUR,53,KAB. SUMBA BARAT DAYA,5318,Negeri,121,29,19,21,30,25,245
2023,PROV. NUSA TENGGARA TIMUR,53,KAB. SUMBA BARAT DAYA,5318,Swasta,182,39,31,43,35,51,381
2023,PROV. NUSA TENGGARA TIMUR,53,KAB. MANGGARAI TIMUR,5319,Negeri,36,6,1,0,15,2,60
2023,PROV. NUSA TENGGARA TIMUR,53,KAB. MANGGARAI TIMUR,5319,Swasta,8,3,0,3,7,2,23
2023,PROV. NUSA TENGGARA TIMUR,53,KAB. SABU RAIJUA,5320,Swasta,14,0,0,0,0,0,14
2023,PROV. NUSA TENGGARA TIMUR,53,KAB. SABU RAIJUA,5320,Negeri,25,3,4,1,1,0,34
2023,PROV. NUSA TENGGARA TIMUR,53,KAB. MALAKA,5321,Swasta,49,16,7,10,21,24,127
2023,PROV. NUSA TENGGARA TIMUR,53,KAB. MALAKA,5321,Negeri,34,12,13,14,10,6,89
2023,PROV. NUSA TENGGARA TIMUR,53,KOTA KUPANG,5371,Swasta,12,3,0,1,2,2,20
2023,PROV. NUSA TENGGARA TIMUR,53,KOTA KUPANG,5371,Negeri,41,6,1,0,6,2,56
2023,PROV. KALIMANTAN BARAT,61,KAB. SAMBAS,6101,Negeri,75,8,4,11,13,8,119
2023,PROV. KALIMANTAN BARAT,61,KAB. SAMBAS,6101,Swasta,15,0,0,0,1,0,16
2023,PROV. KALIMANTAN BARAT,61,KAB. MEMPAWAH,6102,Swasta,2,2,2,0,0,0,6
2023,PROV. KALIMANTAN BARAT,61,KAB. MEMPAWAH,6102,Negeri,22,1,1,2,3,2,31
2023,PROV. KALIMANTAN BARAT,61,KAB. SANGGAU,6103,Swasta,0,0,1,0,0,0,1
2023,PROV. KALIMANTAN BARAT,61,KAB. SANGGAU,6103,Negeri,43,6,10,10,17,11,97
2023,PROV. KALIMANTAN BARAT,61,KAB. KETAPANG,6104,Swasta,21,1,2,0,2,0,26
2023,PROV. KALIMANTAN BARAT,61,KAB. KETAPANG,6104,Negeri,39,18,10,13,23,35,138
2023,PROV. KALIMANTAN BARAT,61,KAB. SINTANG,6105,Swasta,1,1,0,0,1,0,3
2023,PROV. KALIMANTAN BARAT,61,KAB. SINTANG,6105,Negeri,28,12,15,16,29,21,121
2023,PROV. KALIMANTAN BARAT,61,KAB. KAPUAS HULU,6106,Swasta,0,2,1,0,3,2,8
2023,PROV. KALIMANTAN BARAT,61,KAB. KAPUAS HULU,6106,Negeri,42,10,8,11,11,7,89
2023,PROV. KALIMANTAN BARAT,61,KAB. BENGKAYANG,6107,Swasta,1,1,3,0,0,0,5
2023,PROV. KALIMANTAN BARAT,61,KAB. BENGKAYANG,6107,Negeri,44,3,6,6,7,17,83
2023,PROV. KALIMANTAN BARAT,61,KAB. LANDAK,6108,Swasta,2,0,0,0,0,0,2
2023,PROV. KALIMANTAN BARAT,61,KAB. LANDAK,6108,Negeri,26,3,6,4,6,5,50
2023,PROV. KALIMANTAN BARAT,61,KAB. SEKADAU,6109,Swasta,0,0,0,0,0,0,0
2023,PROV. KALIMANTAN BARAT,61,KAB. SEKADAU,6109,Negeri,19,4,1,3,5,1,33
2023,PROV. KALIMANTAN BARAT,61,KAB. MELAWI,6110,Negeri,23,13,0,10,21,6,73
2023,PROV. KALIMANTAN BARAT,61,KAB. MELAWI,6110,Swasta,1,0,0,0,0,0,1
2023,PROV. KALIMANTAN BARAT,61,KAB. KAYONG UTARA,6111,Negeri,9,3,2,3,5,4,26
2023,PROV. KALIMANTAN BARAT,61,KAB. KAYONG UTARA,6111,Swasta,0,0,0,0,0,0,0
2023,PROV. KALIMANTAN BARAT,61,KAB. KUBU RAYA,6112,Negeri,72,17,10,18,17,7,141
2023,PROV. KALIMANTAN BARAT,61,KAB. KUBU RAYA,6112,Swasta,2,2,0,0,0,2,6
2023,PROV. KALIMANTAN BARAT,61,KOTA PONTIANAK,6171,Swasta,15,5,2,3,4,4,33
2023,PROV. KALIMANTAN BARAT,61,KOTA PONTIANAK,6171,Negeri,80,29,13,18,18,6,164
2023,PROV. KALIMANTAN BARAT,61,KOTA SINGKAWANG,6172,Swasta,11,1,0,1,1,1,15
2023,PROV. KALIMANTAN BARAT,61,KOTA SINGKAWANG,6172,Negeri,14,4,1,5,5,8,37
2023,PROV. KALIMANTAN TENGAH,62,KAB. KOTAWARINGIN BARAT,6201,Negeri,19,3,2,3,9,4,40
2023,PROV. KALIMANTAN TENGAH,62,KAB. KOTAWARINGIN BARAT,6201,Swasta,3,0,1,0,1,1,6
2023,PROV. KALIMANTAN TENGAH,62,KAB. KOTAWARINGIN TIMUR,6202,Swasta,1,4,0,1,4,1,11
2023,PROV. KALIMANTAN TENGAH,62,KAB. KOTAWARINGIN TIMUR,6202,Negeri,24,5,8,5,6,9,57
2023,PROV. KALIMANTAN TENGAH,62,KAB. KAPUAS,6203,Negeri,71,14,8,14,39,19,165
2023,PROV. KALIMANTAN TENGAH,62,KAB. KAPUAS,6203,Swasta,2,1,1,2,2,0,8
2023,PROV. KALIMANTAN TENGAH,62,KAB. BARITO SELATAN,6204,Swasta,0,0,0,0,0,0,0
2023,PROV. KALIMANTAN TENGAH,62,KAB. BARITO SELATAN,6204,Negeri,26,4,1,3,3,2,39
2023,PROV. KALIMANTAN TENGAH,62,KAB. BARITO UTARA,6205,Swasta,0,2,0,0,0,0,2
2023,PROV. KALIMANTAN TENGAH,62,KAB. BARITO UTARA,6205,Negeri,13,1,0,4,8,0,26
2023,PROV. KALIMANTAN TENGAH,62,KAB. KATINGAN,6206,Swasta,0,0,0,0,0,0,0
2023,PROV. KALIMANTAN TENGAH,62,KAB. KATINGAN,6206,Negeri,51,6,10,2,10,15,94
2023,PROV. KALIMANTAN TENGAH,62,KAB. SERUYAN,6207,Swasta,4,3,0,0,0,0,7
2023,PROV. KALIMANTAN TENGAH,62,KAB. SERUYAN,6207,Negeri,9,3,6,2,3,3,26
2023,PROV. KALIMANTAN TENGAH,62,KAB. SUKAMARA,6208,Negeri,3,1,1,0,1,1,7
2023,PROV. KALIMANTAN TENGAH,62,KAB. SUKAMARA,6208,Swasta,0,0,0,0,0,0,0
2023,PROV. KALIMANTAN TENGAH,62,KAB. LAMANDAU,6209,Negeri,6,2,1,2,3,1,15
2023,PROV. KALIMANTAN TENGAH,62,KAB. LAMANDAU,6209,Swasta,0,0,0,0,0,1,1
2023,PROV. KALIMANTAN TENGAH,62,KAB. GUNUNG MAS,6210,Swasta,0,0,0,0,0,1,1
2023,PROV. KALIMANTAN TENGAH,62,KAB. GUNUNG MAS,6210,Negeri,5,5,2,3,2,0,17
2023,PROV. KALIMANTAN TENGAH,62,KAB. PULANG PISAU,6211,Swasta,0,0,0,0,0,0,0
2023,PROV. KALIMANTAN TENGAH,62,KAB. PULANG PISAU,6211,Negeri,9,1,2,2,6,1,21
2023,PROV. KALIMANTAN TENGAH,62,KAB. MURUNG RAYA,6212,Swasta,0,0,0,0,0,0,0
2023,PROV. KALIMANTAN TENGAH,62,KAB. MURUNG RAYA,6212,Negeri,14,7,1,5,7,5,39
2023,PROV. KALIMANTAN TENGAH,62,KAB. BARITO TIMUR,6213,Swasta,0,0,0,0,0,0,0
2023,PROV. KALIMANTAN TENGAH,62,KAB. BARITO TIMUR,6213,Negeri,22,2,0,3,5,1,33
2023,PROV. KALIMANTAN TENGAH,62,KOTA PALANGKA RAYA,6271,Negeri,28,2,1,2,14,6,53
2023,PROV. KALIMANTAN TENGAH,62,KOTA PALANGKA RAYA,6271,Swasta,2,0,0,0,0,5,7
2023,PROV. KALIMANTAN SELATAN,63,KAB. TANAH LAUT,6301,Swasta,0,0,0,0,0,0,0
2023,PROV. KALIMANTAN SELATAN,63,KAB. TANAH LAUT,6301,Negeri,21,4,2,6,17,3,53
2023,PROV. KALIMANTAN SELATAN,63,KAB. KOTABARU,6302,Negeri,9,1,2,7,4,2,25
2023,PROV. KALIMANTAN SELATAN,63,KAB. KOTABARU,6302,Swasta,0,0,0,2,3,1,6
2023,PROV. KALIMANTAN SELATAN,63,KAB. BANJAR,6303,Negeri,63,15,4,4,5,11,102
2023,PROV. KALIMANTAN SELATAN,63,KAB. BANJAR,6303,Swasta,0,0,0,0,0,3,3
2023,PROV. KALIMANTAN SELATAN,63,KAB. BARITO KUALA,6304,Negeri,27,4,4,6,11,9,61
2023,PROV. KALIMANTAN SELATAN,63,KAB. BARITO KUALA,6304,Swasta,0,0,0,0,0,0,0
2023,PROV. KALIMANTAN SELATAN,63,KAB. TAPIN,6305,Swasta,0,0,0,0,0,0,0
2023,PROV. KALIMANTAN SELATAN,63,KAB. TAPIN,6305,Negeri,17,3,7,3,7,4,41
2023,PROV. KALIMANTAN SELATAN,63,KAB. HULU SUNGAI SELATAN,6306,Negeri,13,4,0,5,14,5,41
2023,PROV. KALIMANTAN SELATAN,63,KAB. HULU SUNGAI SELATAN,6306,Swasta,2,0,0,1,0,0,3
2023,PROV. KALIMANTAN SELATAN,63,KAB. HULU SUNGAI TENGAH,6307,Negeri,16,0,1,2,5,1,25
2023,PROV. KALIMANTAN SELATAN,63,KAB. HULU SUNGAI TENGAH,6307,Swasta,1,0,0,0,0,0,1
2023,PROV. KALIMANTAN SELATAN,63,KAB. HULU SUNGAI UTARA,6308,Negeri,5,1,1,1,1,1,10
2023,PROV. KALIMANTAN SELATAN,63,KAB. HULU SUNGAI UTARA,6308,Swasta,0,0,0,0,1,1,2
2023,PROV. KALIMANTAN SELATAN,63,KAB. TABALONG,6309,Swasta,0,1,0,1,0,0,2
2023,PROV. KALIMANTAN SELATAN,63,KAB. TABALONG,6309,Negeri,3,0,1,2,5,0,11
2023,PROV. KALIMANTAN SELATAN,63,KAB. TANAH BUMBU,6310,Negeri,9,3,1,2,10,7,32
2023,PROV. KALIMANTAN SELATAN,63,KAB. TANAH BUMBU,6310,Swasta,2,0,1,0,2,0,5
2023,PROV. KALIMANTAN SELATAN,63,KAB. BALANGAN,6311,Negeri,6,1,0,0,0,1,8
2023,PROV. KALIMANTAN SELATAN,63,KAB. BALANGAN,6311,Swasta,0,0,0,0,0,0,0
2023,PROV. KALIMANTAN SELATAN,63,KOTA BANJARMASIN,6371,Swasta,5,0,1,1,1,0,8
2023,PROV. KALIMANTAN SELATAN,63,KOTA BANJARMASIN,6371,Negeri,42,7,2,4,6,8,69
2023,PROV. KALIMANTAN SELATAN,63,KOTA BANJARBARU,6372,Swasta,9,0,1,0,0,0,10
2023,PROV. KALIMANTAN SELATAN,63,KOTA BANJARBARU,6372,Negeri,8,2,0,1,1,2,14
2023,PROV. KALIMANTAN TIMUR,64,KAB. PASER,6401,Swasta,13,0,0,0,0,0,13
2023,PROV. KALIMANTAN TIMUR,64,KAB. PASER,6401,Negeri,14,7,4,6,9,2,42
2023,PROV. KALIMANTAN TIMUR,64,KAB. KUTAI KARTANEGARA,6402,Swasta,9,3,1,0,0,0,13
2023,PROV. KALIMANTAN TIMUR,64,KAB. KUTAI KARTANEGARA,6402,Negeri,107,11,9,6,20,10,163
2023,PROV. KALIMANTAN TIMUR,64,KAB. BERAU,6403,Swasta,2,3,0,0,0,0,5
2023,PROV. KALIMANTAN TIMUR,64,KAB. BERAU,6403,Negeri,25,25,10,14,22,10,106
2023,PROV. KALIMANTAN TIMUR,64,KAB. KUTAI BARAT,6407,Negeri,10,5,2,1,4,5,27
2023,PROV. KALIMANTAN TIMUR,64,KAB. KUTAI BARAT,6407,Swasta,1,0,0,0,0,0,1
2023,PROV. KALIMANTAN TIMUR,64,KAB. KUTAI TIMUR,6408,Negeri,47,11,6,11,28,16,119
2023,PROV. KALIMANTAN TIMUR,64,KAB. KUTAI TIMUR,6408,Swasta,14,3,3,0,2,0,22
2023,PROV. KALIMANTAN TIMUR,64,KAB. PENAJAM PASER UTARA,6409,Swasta,0,0,0,0,1,0,1
2023,PROV. KALIMANTAN TIMUR,64,KAB. PENAJAM PASER UTARA,6409,Negeri,9,7,5,2,2,1,26
2023,PROV. KALIMANTAN TIMUR,64,KAB. MAHAKAM ULU,6411,Negeri,0,1,0,1,5,0,7
2023,PROV. KALIMANTAN TIMUR,64,KAB. MAHAKAM ULU,6411,Swasta,0,0,0,0,0,0,0
2023,PROV. KALIMANTAN TIMUR,64,KOTA BALIKPAPAN,6471,Negeri,49,5,3,1,5,3,66
2023,PROV. KALIMANTAN TIMUR,64,KOTA BALIKPAPAN,6471,Swasta,5,3,0,0,0,4,12
2023,PROV. KALIMANTAN TIMUR,64,KOTA SAMARINDA,6472,Negeri,21,2,0,5,0,2,30
2023,PROV. KALIMANTAN TIMUR,64,KOTA SAMARINDA,6472,Swasta,11,0,0,0,1,0,12
2023,PROV. KALIMANTAN TIMUR,64,KOTA BONTANG,6474,Swasta,1,0,1,1,0,0,3
2023,PROV. KALIMANTAN TIMUR,64,KOTA BONTANG,6474,Negeri,1,0,0,0,0,0,1
2023,PROV. KALIMANTAN UTARA,65,KAB. BULUNGAN,6501,Negeri,20,1,4,2,4,1,32
2023,PROV. KALIMANTAN UTARA,65,KAB. BULUNGAN,6501,Swasta,0,0,0,0,0,0,0
2023,PROV. KALIMANTAN UTARA,65,KAB. MALINAU,6502,Swasta,2,1,0,0,0,0,3
2023,PROV. KALIMANTAN UTARA,65,KAB. MALINAU,6502,Negeri,9,0,5,7,2,2,25
2023,PROV. KALIMANTAN UTARA,65,KAB. NUNUKAN,6503,Swasta,2,0,0,0,2,0,4
2023,PROV. KALIMANTAN UTARA,65,KAB. NUNUKAN,6503,Negeri,39,9,11,3,10,7,79
2023,PROV. KALIMANTAN UTARA,65,KAB. TANA TIDUNG,6504,Negeri,0,0,0,1,1,0,2
2023,PROV. KALIMANTAN UTARA,65,KAB. TANA TIDUNG,6504,Swasta,3,0,0,0,0,0,3
2023,PROV. KALIMANTAN UTARA,65,KOTA TARAKAN,6571,Negeri,23,1,0,3,0,4,31
2023,PROV. KALIMANTAN UTARA,65,KOTA TARAKAN,6571,Swasta,8,1,0,0,0,0,9
2023,PROV. SULAWESI UTARA,71,KAB. BOLAANG MONGONDOW,7101,Swasta,0,0,0,0,0,0,0
2023,PROV. SULAWESI UTARA,71,KAB. BOLAANG MONGONDOW,7101,Negeri,18,3,1,2,1,4,29
2023,PROV. SULAWESI UTARA,71,KAB. MINAHASA,7102,Swasta,7,1,1,0,4,4,17
2023,PROV. SULAWESI UTARA,71,KAB. MINAHASA,7102,Negeri,11,6,4,3,11,5,40
2023,PROV. SULAWESI UTARA,71,KAB. KEPULAUAN SANGIHE,7103,Swasta,3,0,0,0,2,0,5
2023,PROV. SULAWESI UTARA,71,KAB. KEPULAUAN SANGIHE,7103,Negeri,1,0,0,1,4,2,8
2023,PROV. SULAWESI UTARA,71,KAB. KEPULAUAN TALAUD,7104,Negeri,5,0,0,1,0,2,8
2023,PROV. SULAWESI UTARA,71,KAB. KEPULAUAN TALAUD,7104,Swasta,7,2,0,1,0,1,11
2023,PROV. SULAWESI UTARA,71,KAB. MINAHASA SELATAN,7105,Swasta,9,2,6,1,4,3,25
2023,PROV. SULAWESI UTARA,71,KAB. MINAHASA SELATAN,7105,Negeri,10,1,1,0,1,2,15
2023,PROV. SULAWESI UTARA,71,KAB. MINAHASA UTARA,7106,Negeri,10,3,1,1,6,2,23
2023,PROV. SULAWESI UTARA,71,KAB. MINAHASA UTARA,7106,Swasta,3,3,0,0,2,2,10
2023,PROV. SULAWESI UTARA,71,KAB. MINAHASA TENGGARA,7107,Negeri,6,1,1,1,5,1,15
2023,PROV. SULAWESI UTARA,71,KAB. MINAHASA TENGGARA,7107,Swasta,11,0,0,1,0,1,13
2023,PROV. SULAWESI UTARA,71,KAB. BOLAANG MONGONDOW UTARA,7108,Swasta,1,0,0,0,0,0,1
2023,PROV. SULAWESI UTARA,71,KAB. BOLAANG MONGONDOW UTARA,7108,Negeri,12,3,4,0,2,0,21
2023,PROV. SULAWESI UTARA,71,KAB. KEP. SIAU TAGULANDANG BIARO,7109,Negeri,0,0,0,1,0,0,1
2023,PROV. SULAWESI UTARA,71,KAB. KEP. SIAU TAGULANDANG BIARO,7109,Swasta,2,1,1,0,0,0,4
2023,PROV. SULAWESI UTARA,71,KAB. BOLAANG MONGONDOW TIMUR,7110,Negeri,5,1,1,1,0,0,8
2023,PROV. SULAWESI UTARA,71,KAB. BOLAANG MONGONDOW TIMUR,7110,Swasta,0,0,0,0,0,0,0
2023,PROV. SULAWESI UTARA,71,KAB. BOLAANG MONGONDOW SELATAN,7111,Negeri,10,4,3,3,3,1,24
2023,PROV. SULAWESI UTARA,71,KAB. BOLAANG MONGONDOW SELATAN,7111,Swasta,1,0,0,0,0,0,1
2023,PROV. SULAWESI UTARA,71,KOTA MANADO,7171,Negeri,19,23,5,5,10,7,69
2023,PROV. SULAWESI UTARA,71,KOTA MANADO,7171,Swasta,6,3,4,1,8,1,23
2023,PROV. SULAWESI UTARA,71,KOTA BITUNG,7172,Swasta,34,1,2,0,1,2,40
2023,PROV. SULAWESI UTARA,71,KOTA BITUNG,7172,Negeri,3,0,1,0,1,0,5
2023,PROV. SULAWESI UTARA,71,KOTA TOMOHON,7173,Negeri,1,0,1,0,0,0,2
2023,PROV. SULAWESI UTARA,71,KOTA TOMOHON,7173,Swasta,11,0,0,0,1,0,12
2023,PROV. SULAWESI UTARA,71,KOTA KOTAMOBAGU,7174,Negeri,2,0,1,0,2,0,5
2023,PROV. SULAWESI UTARA,71,KOTA KOTAMOBAGU,7174,Swasta,0,0,0,0,0,0,0
2023,PROV. SULAWESI TENGAH,72,KAB. BANGGAI,7201,Swasta,4,0,0,0,1,0,5
2023,PROV. SULAWESI TENGAH,72,KAB. BANGGAI,7201,Negeri,49,9,8,3,9,4,82
2023,PROV. SULAWESI TENGAH,72,KAB. POSO,7202,Swasta,5,0,0,0,1,0,6
2023,PROV. SULAWESI TENGAH,72,KAB. POSO,7202,Negeri,13,12,3,3,8,1,40
2023,PROV. SULAWESI TENGAH,72,KAB. DONGGALA,7203,Swasta,7,4,1,0,0,0,12
2023,PROV. SULAWESI TENGAH,72,KAB. DONGGALA,7203,Negeri,54,8,7,7,25,10,111
2023,PROV. SULAWESI TENGAH,72,KAB. TOLITOLI,7204,Negeri,28,5,5,11,5,6,60
2023,PROV. SULAWESI TENGAH,72,KAB. TOLITOLI,7204,Swasta,1,1,0,0,0,0,2
2023,PROV. SULAWESI TENGAH,72,KAB. BUOL,7205,Swasta,1,0,0,0,0,0,1
2023,PROV. SULAWESI TENGAH,72,KAB. BUOL,7205,Negeri,31,5,7,16,32,18,109
2023,PROV. SULAWESI TENGAH,72,KAB. MOROWALI,7206,Negeri,28,6,3,1,8,4,50
2023,PROV. SULAWESI TENGAH,72,KAB. MOROWALI,7206,Swasta,4,0,0,1,0,0,5
2023,PROV. SULAWESI TENGAH,72,KAB. BANGGAI KEPULAUAN,7207,Swasta,0,1,0,0,0,0,1
2023,PROV. SULAWESI TENGAH,72,KAB. BANGGAI KEPULAUAN,7207,Negeri,10,1,1,3,1,1,17
2023,PROV. SULAWESI TENGAH,72,KAB. PARIGI MOUTONG,7208,Negeri,87,12,20,23,49,30,221
2023,PROV. SULAWESI TENGAH,72,KAB. PARIGI MOUTONG,7208,Swasta,6,0,1,1,5,0,13
2023,PROV. SULAWESI TENGAH,72,KAB. TOJO UNA UNA,7209,Negeri,49,2,2,0,6,2,61
2023,PROV. SULAWESI TENGAH,72,KAB. TOJO UNA UNA,7209,Swasta,0,0,0,0,0,0,0
2023,PROV. SULAWESI TENGAH,72,KAB. SIGI,7210,Swasta,4,1,7,1,3,4,20
2023,PROV. SULAWESI TENGAH,72,KAB. SIGI,7210,Negeri,33,8,10,12,23,13,99
2023,PROV. SULAWESI TENGAH,72,KAB. BANGGAI LAUT,7211,Negeri,31,1,5,1,6,4,48
2023,PROV. SULAWESI TENGAH,72,KAB. BANGGAI LAUT,7211,Swasta,0,0,0,0,0,0,0
2023,PROV. SULAWESI TENGAH,72,KAB. MOROWALI UTARA,7212,Negeri,3,4,2,4,4,6,23
2023,PROV. SULAWESI TENGAH,72,KAB. MOROWALI UTARA,7212,Swasta,0,0,0,0,0,0,0
2023,PROV. SULAWESI TENGAH,72,KOTA PALU,7271,Swasta,0,1,0,0,0,1,2
2023,PROV. SULAWESI TENGAH,72,KOTA PALU,7271,Negeri,27,2,2,4,6,4,45
2023,PROV. SULAWESI SELATAN,73,KAB. KEPULAUAN SELAYAR,7301,Negeri,12,3,1,5,9,7,37
2023,PROV. SULAWESI SELATAN,73,KAB. KEPULAUAN SELAYAR,7301,Swasta,0,0,0,0,0,0,0
2023,PROV. SULAWESI SELATAN,73,KAB. BULUKUMBA,7302,Negeri,32,12,7,8,22,18,99
2023,PROV. SULAWESI SELATAN,73,KAB. BULUKUMBA,7302,Swasta,1,1,0,0,0,0,2
2023,PROV. SULAWESI SELATAN,73,KAB. BANTAENG,7303,Swasta,0,0,0,0,0,0,0
2023,PROV. SULAWESI SELATAN,73,KAB. BANTAENG,7303,Negeri,16,5,5,2,2,6,36
2023,PROV. SULAWESI SELATAN,73,KAB. JENEPONTO,7304,Negeri,115,41,10,12,13,14,205
2023,PROV. SULAWESI SELATAN,73,KAB. JENEPONTO,7304,Swasta,0,0,0,0,0,0,0
2023,PROV. SULAWESI SELATAN,73,KAB. TAKALAR,7305,Negeri,48,7,5,2,3,1,66
2023,PROV. SULAWESI SELATAN,73,KAB. TAKALAR,7305,Swasta,13,0,0,0,0,0,13
2023,PROV. SULAWESI SELATAN,73,KAB. GOWA,7306,Swasta,2,1,1,0,0,0,4
2023,PROV. SULAWESI SELATAN,73,KAB. GOWA,7306,Negeri,76,17,12,7,25,34,171
2023,PROV. SULAWESI SELATAN,73,KAB. SINJAI,7307,Swasta,0,1,0,0,0,1,2
2023,PROV. SULAWESI SELATAN,73,KAB. SINJAI,7307,Negeri,39,4,7,3,9,6,68
2023,PROV. SULAWESI SELATAN,73,KAB. BONE,7308,Swasta,2,0,1,0,0,0,3
2023,PROV. SULAWESI SELATAN,73,KAB. BONE,7308,Negeri,48,16,11,13,30,25,143
2023,PROV. SULAWESI SELATAN,73,KAB. MAROS,7309,Negeri,21,6,4,4,6,7,48
2023,PROV. SULAWESI SELATAN,73,KAB. MAROS,7309,Swasta,0,0,0,0,0,0,0
2023,PROV. SULAWESI SELATAN,73,KAB. PANGKAJENE DAN KEPULAUAN,7310,Swasta,1,0,0,0,0,0,1
2023,PROV. SULAWESI SELATAN,73,KAB. PANGKAJENE DAN KEPULAUAN,7310,Negeri,44,6,5,3,5,6,69
2023,PROV. SULAWESI SELATAN,73,KAB. BARRU,7311,Negeri,7,3,2,2,1,1,16
2023,PROV. SULAWESI SELATAN,73,KAB. BARRU,7311,Swasta,0,0,0,0,0,0,0
2023,PROV. SULAWESI SELATAN,73,KAB. SOPPENG,7312,Swasta,0,0,0,0,0,0,0
2023,PROV. SULAWESI SELATAN,73,KAB. SOPPENG,7312,Negeri,8,2,3,7,3,3,26
2023,PROV. SULAWESI SELATAN,73,KAB. WAJO,7313,Swasta,1,0,0,0,0,0,1
2023,PROV. SULAWESI SELATAN,73,KAB. WAJO,7313,Negeri,36,17,8,6,24,14,105
2023,PROV. SULAWESI SELATAN,73,KAB. SIDENRENG RAPPANG,7314,Negeri,7,2,8,4,8,3,32
2023,PROV. SULAWESI SELATAN,73,KAB. SIDENRENG RAPPANG,7314,Swasta,0,0,0,0,0,0,0
2023,PROV. SULAWESI SELATAN,73,KAB. PINRANG,7315,Negeri,26,10,6,2,14,11,69
2023,PROV. SULAWESI SELATAN,73,KAB. PINRANG,7315,Swasta,0,0,0,0,0,0,0
2023,PROV. SULAWESI SELATAN,73,KAB. ENREKANG,7316,Swasta,1,0,1,0,0,0,2
2023,PROV. SULAWESI SELATAN,73,KAB. ENREKANG,7316,Negeri,10,0,2,1,2,0,15
2023,PROV. SULAWESI SELATAN,73,KAB. LUWU,7317,Negeri,34,4,0,5,10,4,57
2023,PROV. SULAWESI SELATAN,73,KAB. LUWU,7317,Swasta,1,0,1,0,0,0,2
2023,PROV. SULAWESI SELATAN,73,KAB. TANA TORAJA,7318,Negeri,35,1,4,1,9,2,52
2023,PROV. SULAWESI SELATAN,73,KAB. TANA TORAJA,7318,Swasta,1,0,1,0,7,0,9
2023,PROV. SULAWESI SELATAN,73,KAB. LUWU UTARA,7322,Swasta,0,0,0,0,0,0,0
2023,PROV. SULAWESI SELATAN,73,KAB. LUWU UTARA,7322,Negeri,12,5,2,1,3,2,25
2023,PROV. SULAWESI SELATAN,73,KAB. LUWU TIMUR,7324,Negeri,16,3,3,3,2,2,29
2023,PROV. SULAWESI SELATAN,73,KAB. LUWU TIMUR,7324,Swasta,0,0,0,0,0,0,0
2023,PROV. SULAWESI SELATAN,73,KAB. TORAJA UTARA,7326,Swasta,0,0,0,0,0,0,0
2023,PROV. SULAWESI SELATAN,73,KAB. TORAJA UTARA,7326,Negeri,37,6,6,2,4,6,61
2023,PROV. SULAWESI SELATAN,73,KOTA MAKASSAR,7371,Swasta,9,10,6,6,6,2,39
2023,PROV. SULAWESI SELATAN,73,KOTA MAKASSAR,7371,Negeri,35,7,8,3,9,7,69
2023,PROV. SULAWESI SELATAN,73,KOTA PAREPARE,7372,Swasta,0,0,0,0,0,0,0
2023,PROV. SULAWESI SELATAN,73,KOTA PAREPARE,7372,Negeri,12,1,1,0,2,3,19
2023,PROV. SULAWESI SELATAN,73,KOTA PALOPO,7373,Negeri,10,0,1,1,1,0,13
2023,PROV. SULAWESI SELATAN,73,KOTA PALOPO,7373,Swasta,2,0,1,0,2,0,5
2023,PROV. SULAWESI TENGGARA,74,KAB. KOLAKA,7401,Swasta,0,0,0,0,0,0,0
2023,PROV. SULAWESI TENGGARA,74,KAB. KOLAKA,7401,Negeri,41,15,10,4,11,8,89
2023,PROV. SULAWESI TENGGARA,74,KAB. KONAWE,7402,Negeri,61,21,16,14,24,11,147
2023,PROV. SULAWESI TENGGARA,74,KAB. KONAWE,7402,Swasta,0,0,0,0,0,0,0
2023,PROV. SULAWESI TENGGARA,74,KAB. MUNA,7403,Swasta,1,20,0,0,0,0,21
2023,PROV. SULAWESI TENGGARA,74,KAB. MUNA,7403,Negeri,13,5,5,5,3,5,36
2023,PROV. SULAWESI TENGGARA,74,KAB. BUTON,7404,Negeri,16,7,10,11,14,3,61
2023,PROV. SULAWESI TENGGARA,74,KAB. BUTON,7404,Swasta,0,0,0,0,0,0,0
2023,PROV. SULAWESI TENGGARA,74,KAB. KONAWE SELATAN,7405,Negeri,45,17,4,6,10,9,91
2023,PROV. SULAWESI TENGGARA,74,KAB. KONAWE SELATAN,7405,Swasta,0,0,0,0,0,0,0
2023,PROV. SULAWESI TENGGARA,74,KAB. BOMBANA,7406,Swasta,2,1,0,0,0,0,3
2023,PROV. SULAWESI TENGGARA,74,KAB. BOMBANA,7406,Negeri,7,4,3,2,10,6,32
2023,PROV. SULAWESI TENGGARA,74,KAB. WAKATOBI,7407,Negeri,24,3,2,2,4,2,37
2023,PROV. SULAWESI TENGGARA,74,KAB. WAKATOBI,7407,Swasta,0,0,0,0,0,1,1
2023,PROV. SULAWESI TENGGARA,74,KAB. KOLAKA UTARA,7408,Negeri,7,4,2,1,5,0,19
2023,PROV. SULAWESI TENGGARA,74,KAB. KOLAKA UTARA,7408,Swasta,0,0,0,0,0,0,0
2023,PROV. SULAWESI TENGGARA,74,KAB. KONAWE UTARA,7409,Swasta,0,0,0,0,0,0,0
2023,PROV. SULAWESI TENGGARA,74,KAB. KONAWE UTARA,7409,Negeri,12,8,3,3,4,2,32
2023,PROV. SULAWESI TENGGARA,74,KAB. BUTON UTARA,7410,Negeri,9,4,3,2,3,2,23
2023,PROV. SULAWESI TENGGARA,74,KAB. BUTON UTARA,7410,Swasta,0,0,0,0,0,0,0
2023,PROV. SULAWESI TENGGARA,74,KAB. KOLAKA TIMUR,7411,Negeri,6,1,1,0,3,1,12
2023,PROV. SULAWESI TENGGARA,74,KAB. KOLAKA TIMUR,7411,Swasta,0,0,0,0,0,0,0
2023,PROV. SULAWESI TENGGARA,74,KAB. KONAWE KEPULAUAN,7412,Swasta,0,0,0,0,0,0,0
2023,PROV. SULAWESI TENGGARA,74,KAB. KONAWE KEPULAUAN,7412,Negeri,20,0,6,1,1,0,28
2023,PROV. SULAWESI TENGGARA,74,KAB. MUNA BARAT,7413,Negeri,23,1,2,2,1,2,31
2023,PROV. SULAWESI TENGGARA,74,KAB. MUNA BARAT,7413,Swasta,0,0,0,0,1,0,1
2023,PROV. SULAWESI TENGGARA,74,KAB. BUTON TENGAH,7414,Swasta,1,0,0,0,0,0,1
2023,PROV. SULAWESI TENGGARA,74,KAB. BUTON TENGAH,7414,Negeri,20,8,2,2,5,1,38
2023,PROV. SULAWESI TENGGARA,74,KAB. BUTON SELATAN,7415,Swasta,0,0,0,0,0,0,0
2023,PROV. SULAWESI TENGGARA,74,KAB. BUTON SELATAN,7415,Negeri,11,1,1,2,1,1,17
2023,PROV. SULAWESI TENGGARA,74,KOTA KENDARI,7471,Swasta,1,7,1,0,0,0,9
2023,PROV. SULAWESI TENGGARA,74,KOTA KENDARI,7471,Negeri,19,7,4,2,5,3,40
2023,PROV. SULAWESI TENGGARA,74,KOTA BAU BAU,7472,Swasta,0,0,0,0,0,0,0
2023,PROV. SULAWESI TENGGARA,74,KOTA BAU BAU,7472,Negeri,7,2,3,1,1,1,15
2023,PROV. GORONTALO,75,KAB. GORONTALO,7501,Swasta,7,1,0,0,0,0,8
2023,PROV. GORONTALO,75,KAB. GORONTALO,7501,Negeri,21,8,15,19,32,14,109
2023,PROV. GORONTALO,75,KAB. BOALEMO,7502,Swasta,0,0,0,0,0,0,0
2023,PROV. GORONTALO,75,KAB. BOALEMO,7502,Negeri,29,15,15,18,28,8,113
2023,PROV. GORONTALO,75,KAB. BONE BOLANGO,7503,Swasta,0,0,0,0,0,0,0
2023,PROV. GORONTALO,75,KAB. BONE BOLANGO,7503,Negeri,9,2,10,12,29,6,68
2023,PROV. GORONTALO,75,KAB. POHUWATO,7504,Swasta,2,0,0,0,0,0,2
2023,PROV. GORONTALO,75,KAB. POHUWATO,7504,Negeri,19,15,5,18,30,8,95
2023,PROV. GORONTALO,75,KAB. GORONTALO UTARA,7505,Swasta,0,0,0,0,0,0,0
2023,PROV. GORONTALO,75,KAB. GORONTALO UTARA,7505,Negeri,15,7,2,1,9,1,35
2023,PROV. GORONTALO,75,KOTA GORONTALO,7571,Swasta,1,0,0,1,0,3,5
2023,PROV. GORONTALO,75,KOTA GORONTALO,7571,Negeri,9,0,1,6,6,1,23
2023,PROV. SULAWESI BARAT,76,KAB. PASANGKAYU,7601,Negeri,14,6,7,5,5,3,40
2023,PROV. SULAWESI BARAT,76,KAB. PASANGKAYU,7601,Swasta,5,0,0,0,0,0,5
2023,PROV. SULAWESI BARAT,76,KAB. MAMUJU,7602,Negeri,46,18,4,13,10,14,105
2023,PROV. SULAWESI BARAT,76,KAB. MAMUJU,7602,Swasta,3,11,1,0,2,0,17
2023,PROV. SULAWESI BARAT,76,KAB. MAMASA,7603,Negeri,64,12,2,6,17,5,106
2023,PROV. SULAWESI BARAT,76,KAB. MAMASA,7603,Swasta,6,18,5,5,7,3,44
2023,PROV. SULAWESI BARAT,76,KAB. POLEWALI MANDAR,7604,Swasta,2,0,0,0,0,0,2
2023,PROV. SULAWESI BARAT,76,KAB. POLEWALI MANDAR,7604,Negeri,64,18,8,11,18,8,127
2023,PROV. SULAWESI BARAT,76,KAB. MAJENE,7605,Negeri,12,1,2,1,11,1,28
2023,PROV. SULAWESI BARAT,76,KAB. MAJENE,7605,Swasta,0,0,0,0,0,0,0
2023,PROV. SULAWESI BARAT,76,KAB. MAMUJU TENGAH,7606,Negeri,20,4,2,3,5,3,37
2023,PROV. SULAWESI BARAT,76,KAB. MAMUJU TENGAH,7606,Swasta,0,0,0,0,0,0,0
2023,PROV. MALUKU,81,KAB. MALUKU TENGAH,8101,Negeri,59,13,11,8,7,9,107
2023,PROV. MALUKU,81,KAB. MALUKU TENGAH,8101,Swasta,1,2,3,0,6,1,13
2023,PROV. MALUKU,81,KAB. MALUKU TENGGARA,8102,Negeri,7,5,1,3,2,3,21
2023,PROV. MALUKU,81,KAB. MALUKU TENGGARA,8102,Swasta,9,2,2,3,3,5,24
2023,PROV. MALUKU,81,KAB. KEPULAUAN TANIMBAR,8103,Negeri,4,0,0,0,1,1,6
2023,PROV. MALUKU,81,KAB. KEPULAUAN TANIMBAR,8103,Swasta,23,10,2,2,8,4,49
2023,PROV. MALUKU,81,KAB. BURU,8104,Swasta,4,0,0,0,0,0,4
2023,PROV. MALUKU,81,KAB. BURU,8104,Negeri,36,3,11,20,16,14,100
2023,PROV. MALUKU,81,KAB. SERAM BAGIAN TIMUR,8105,Negeri,54,18,6,31,20,18,147
2023,PROV. MALUKU,81,KAB. SERAM BAGIAN TIMUR,8105,Swasta,4,2,0,3,15,10,34
2023,PROV. MALUKU,81,KAB. SERAM BAGIAN BARAT,8106,Negeri,41,5,1,5,15,2,69
2023,PROV. MALUKU,81,KAB. SERAM BAGIAN BARAT,8106,Swasta,15,1,1,0,3,0,20
2023,PROV. MALUKU,81,KAB. KEPULAUAN ARU,8107,Swasta,1,0,1,1,3,1,7
2023,PROV. MALUKU,81,KAB. KEPULAUAN ARU,8107,Negeri,3,3,1,6,6,5,24
2023,PROV. MALUKU,81,KAB. MALUKU BARAT DAYA,8108,Negeri,20,3,2,3,6,3,37
2023,PROV. MALUKU,81,KAB. MALUKU BARAT DAYA,8108,Swasta,9,2,0,1,1,0,13
2023,PROV. MALUKU,81,KAB. BURU SELATAN,8109,Swasta,8,0,0,0,0,0,8
2023,PROV. MALUKU,81,KAB. BURU SELATAN,8109,Negeri,16,6,2,2,0,0,26
2023,PROV. MALUKU,81,KOTA AMBON,8171,Negeri,77,14,18,16,14,15,154
2023,PROV. MALUKU,81,KOTA AMBON,8171,Swasta,15,28,27,30,27,31,158
2023,PROV. MALUKU,81,KOTA TUAL,8172,Negeri,6,3,1,4,9,2,25
2023,PROV. MALUKU,81,KOTA TUAL,8172,Swasta,19,2,7,0,2,0,30
2023,PROV. MALUKU UTARA,82,KAB. HALMAHERA BARAT,8201,Negeri,49,11,7,2,5,2,76
2023,PROV. MALUKU UTARA,82,KAB. HALMAHERA BARAT,8201,Swasta,8,0,0,0,1,1,10
2023,PROV. MALUKU UTARA,82,KAB. HALMAHERA TENGAH,8202,Negeri,23,2,7,5,5,6,48
2023,PROV. MALUKU UTARA,82,KAB. HALMAHERA TENGAH,8202,Swasta,1,0,0,0,0,1,2
2023,PROV. MALUKU UTARA,82,KAB. HALMAHERA UTARA,8203,Swasta,1,8,1,2,8,8,28
2023,PROV. MALUKU UTARA,82,KAB. HALMAHERA UTARA,8203,Negeri,10,7,3,5,5,4,34
2023,PROV. MALUKU UTARA,82,KAB. HALMAHERA SELATAN,8204,Swasta,3,0,0,0,0,0,3
2023,PROV. MALUKU UTARA,82,KAB. HALMAHERA SELATAN,8204,Negeri,45,18,23,48,29,33,196
2023,PROV. MALUKU UTARA,82,KAB. KEPULAUAN SULA,8205,Swasta,1,1,0,1,1,0,4
2023,PROV. MALUKU UTARA,82,KAB. KEPULAUAN SULA,8205,Negeri,7,5,6,4,1,4,27
2023,PROV. MALUKU UTARA,82,KAB. HALMAHERA TIMUR,8206,Negeri,24,4,6,4,13,2,53
2023,PROV. MALUKU UTARA,82,KAB. HALMAHERA TIMUR,8206,Swasta,0,0,0,0,0,0,0
2023,PROV. MALUKU UTARA,82,KAB. PULAU MOROTAI,8207,Swasta,0,0,0,0,1,0,1
2023,PROV. MALUKU UTARA,82,KAB. PULAU MOROTAI,8207,Negeri,5,0,0,1,1,1,8
2023,PROV. MALUKU UTARA,82,KAB. PULAU TALIABU,8208,Swasta,1,0,0,0,0,0,1
2023,PROV. MALUKU UTARA,82,KAB. PULAU TALIABU,8208,Negeri,23,7,7,2,4,4,47
2023,PROV. MALUKU UTARA,82,KOTA TERNATE,8271,Negeri,16,10,6,5,5,7,49
2023,PROV. MALUKU UTARA,82,KOTA TERNATE,8271,Swasta,4,1,3,1,2,2,13
2023,PROV. MALUKU UTARA,82,KOTA TIDORE KEPULAUAN,8272,Negeri,17,3,2,1,3,3,29
2023,PROV. MALUKU UTARA,82,KOTA TIDORE KEPULAUAN,8272,Swasta,0,1,0,0,0,0,1
2023,PROV. PAPUA,91,KAB. JAYAPURA,9103,Swasta,6,2,3,10,8,9,38
2023,PROV. PAPUA,91,KAB. JAYAPURA,9103,Negeri,18,10,4,6,20,10,68
2023,PROV. PAPUA,91,KAB. KEPULAUAN YAPEN,9105,Negeri,10,5,8,12,11,13,59
2023,PROV. PAPUA,91,KAB. KEPULAUAN YAPEN,9105,Swasta,9,2,2,1,11,21,46
2023,PROV. PAPUA,91,KAB. BIAK NUMFOR,9106,Negeri,7,8,8,0,4,3,30
2023,PROV. PAPUA,91,KAB. BIAK NUMFOR,9106,Swasta,14,14,12,33,7,5,85
2023,PROV. PAPUA,91,KAB. SARMI,9110,Negeri,4,0,2,2,7,3,18
2023,PROV. PAPUA,91,KAB. SARMI,9110,Swasta,1,1,0,0,9,2,13
2023,PROV. PAPUA,91,KAB. KEEROM,9111,Negeri,2,8,3,5,1,4,23
2023,PROV. PAPUA,91,KAB. KEEROM,9111,Swasta,0,0,3,0,0,0,3
2023,PROV. PAPUA,91,KAB. WAROPEN,9115,Swasta,20,0,0,2,1,2,25
2023,PROV. PAPUA,91,KAB. WAROPEN,9115,Negeri,2,0,0,0,0,2,4
2023,PROV. PAPUA,91,KAB. SUPIORI,9119,Negeri,1,0,2,0,1,5,9
2023,PROV. PAPUA,91,KAB. SUPIORI,9119,Swasta,0,2,1,0,2,4,9
2023,PROV. PAPUA,91,KAB. MAMBERAMO RAYA,9120,Swasta,0,1,0,0,0,0,1
2023,PROV. PAPUA,91,KAB. MAMBERAMO RAYA,9120,Negeri,18,10,4,2,12,49,95
2023,PROV. PAPUA,91,KOTA JAYAPURA,9171,Swasta,18,10,5,1,3,0,37
2023,PROV. PAPUA,91,KOTA JAYAPURA,9171,Negeri,27,24,9,12,8,8,88
2023,PROV. PAPUA BARAT,92,KAB. MANOKWARI,9202,Negeri,22,10,9,16,5,6,68
2023,PROV. PAPUA BARAT,92,KAB. MANOKWARI,9202,Swasta,8,1,2,1,0,2,14
2023,PROV. PAPUA BARAT,92,KAB. FAK FAK,9203,Swasta,8,1,1,4,3,0,17
2023,PROV. PAPUA BARAT,92,KAB. FAK FAK,9203,Negeri,10,4,4,3,2,3,26
2023,PROV. PAPUA BARAT,92,KAB. TELUK BINTUNI,9206,Negeri,5,4,6,7,10,18,50
2023,PROV. PAPUA BARAT,92,KAB. TELUK BINTUNI,9206,Swasta,3,18,7,11,54,7,100
2023,PROV. PAPUA BARAT,92,KAB. TELUK WONDAMA,9207,Swasta,1,2,5,2,0,1,11
2023,PROV. PAPUA BARAT,92,KAB. TELUK WONDAMA,9207,Negeri,14,5,5,5,1,3,33
2023,PROV. PAPUA BARAT,92,KAB. KAIMANA,9208,Negeri,6,3,3,2,0,1,15
2023,PROV. PAPUA BARAT,92,KAB. KAIMANA,9208,Swasta,17,0,2,6,0,1,26
2023,PROV. PAPUA BARAT,92,KAB. MANOKWARI SELATAN,9211,Swasta,3,0,0,0,0,2,5
2023,PROV. PAPUA BARAT,92,KAB. MANOKWARI SELATAN,9211,Negeri,3,3,1,1,8,5,21
2023,PROV. PAPUA BARAT,92,KAB. PEGUNUNGAN ARFAK,9212,Swasta,0,0,0,0,0,0,0
2023,PROV. PAPUA BARAT,92,KAB. PEGUNUNGAN ARFAK,9212,Negeri,23,11,5,9,19,21,88
2023,PROV. PAPUA SELATAN,93,KAB. MERAUKE,9301,Negeri,24,15,9,16,17,15,96
2023,PROV. PAPUA SELATAN,93,KAB. MERAUKE,9301,Swasta,49,16,10,8,33,32,148
2023,PROV. PAPUA SELATAN,93,KAB. BOVEN DIGOEL,9302,Negeri,50,24,9,10,13,16,122
2023,PROV. PAPUA SELATAN,93,KAB. BOVEN DIGOEL,9302,Swasta,10,4,1,4,18,18,55
2023,PROV. PAPUA SELATAN,93,KAB. MAPPI,9303,Swasta,28,7,24,8,23,17,107
2023,PROV. PAPUA SELATAN,93,KAB. MAPPI,9303,Negeri,28,40,37,22,57,41,225
2023,PROV. PAPUA SELATAN,93,KAB. ASMAT,9304,Swasta,20,1,4,4,11,6,46
2023,PROV. PAPUA SELATAN,93,KAB. ASMAT,9304,Negeri,11,10,23,39,30,24,137
2023,PROV. PAPUA TENGAH,94,KAB. NABIRE,9401,Swasta,12,5,3,1,1,0,22
2023,PROV. PAPUA TENGAH,94,KAB. NABIRE,9401,Negeri,14,14,3,2,33,4,70
2023,PROV. PAPUA TENGAH,94,KAB. PUNCAK JAYA,9402,Negeri,7,5,1,12,16,46,87
2023,PROV. PAPUA TENGAH,94,KAB. PUNCAK JAYA,9402,Swasta,0,0,0,0,0,0,0
2023,PROV. PAPUA TENGAH,94,KAB. PANIAI,9403,Swasta,85,93,89,16,9,58,350
2023,PROV. PAPUA TENGAH,94,KAB. PANIAI,9403,Negeri,4,7,6,3,29,63,112
2023,PROV. PAPUA TENGAH,94,KAB. MIMIKA,9404,Swasta,51,10,18,12,4,14,109
2023,PROV. PAPUA TENGAH,94,KAB. MIMIKA,9404,Negeri,60,22,26,19,8,11,146
2023,PROV. PAPUA TENGAH,94,KAB. PUNCAK,9405,Swasta,0,0,0,0,0,0,0
2023,PROV. PAPUA TENGAH,94,KAB. PUNCAK,9405,Negeri,0,1,0,1,1,9,12
2023,PROV. PAPUA TENGAH,94,KAB. DOGIYAI,9406,Swasta,16,6,10,1,5,26,64
2023,PROV. PAPUA TENGAH,94,KAB. DOGIYAI,9406,Negeri,5,8,3,0,10,13,39
2023,PROV. PAPUA TENGAH,94,KAB. INTAN JAYA,9407,Swasta,1,0,0,0,0,0,1
2023,PROV. PAPUA TENGAH,94,KAB. INTAN JAYA,9407,Negeri,0,1,0,0,0,0,1
2023,PROV. PAPUA TENGAH,94,KAB. DEIYAI,9408,Swasta,52,5,27,4,1,1,90
2023,PROV. PAPUA TENGAH,94,KAB. DEIYAI,9408,Negeri,0,0,0,0,3,0,3
2023,PROV. PAPUA PEGUNUNGAN,95,KAB. JAYAWIJAYA,9501,Swasta,17,15,3,3,10,35,83
2023,PROV. PAPUA PEGUNUNGAN,95,KAB. JAYAWIJAYA,9501,Negeri,2,20,12,8,38,1,81
2023,PROV. PAPUA PEGUNUNGAN,95,KAB. PEGUNUNGAN BINTANG,9502,Swasta,0,1,1,1,0,0,3
2023,PROV. PAPUA PEGUNUNGAN,95,KAB. PEGUNUNGAN BINTANG,9502,Negeri,17,10,9,2,16,7,61
2023,PROV. PAPUA PEGUNUNGAN,95,KAB. YAHUKIMO,9503,Swasta,38,12,1,2,20,0,73
2023,PROV. PAPUA PEGUNUNGAN,95,KAB. YAHUKIMO,9503,Negeri,59,32,48,28,66,17,250
2023,PROV. PAPUA PEGUNUNGAN,95,KAB. TOLIKARA,9504,Swasta,4,2,2,1,1,0,10
2023,PROV. PAPUA PEGUNUNGAN,95,KAB. TOLIKARA,9504,Negeri,89,1,1,4,21,3,119
2023,PROV. PAPUA PEGUNUNGAN,95,KAB. MAMBERAMO TENGAH,9505,Negeri,0,0,1,1,7,2,11
2023,PROV. PAPUA PEGUNUNGAN,95,KAB. MAMBERAMO TENGAH,9505,Swasta,1,0,0,0,1,0,2
2023,PROV. PAPUA PEGUNUNGAN,95,KAB. YALIMO,9506,Swasta,7,2,0,2,6,5,22
2023,PROV. PAPUA PEGUNUNGAN,95,KAB. YALIMO,9506,Negeri,5,14,9,6,34,63,131
2023,PROV. PAPUA PEGUNUNGAN,95,KAB. LANNY JAYA,9507,Negeri,12,0,13,2,1,15,43
2023,PROV. PAPUA PEGUNUNGAN,95,KAB. LANNY JAYA,9507,Swasta,11,1,7,0,4,4,27
2023,PROV. PAPUA PEGUNUNGAN,95,KAB. NDUGA,9508,Swasta,0,0,0,0,0,0,0
2023,PROV. PAPUA PEGUNUNGAN,95,KAB. NDUGA,9508,Negeri,6,1,0,0,3,2,12
2023,PROV. PAPUA BARAT DAYA,96,KAB. SORONG,9601,Swasta,6,3,2,5,3,5,24
2023,PROV. PAPUA BARAT DAYA,96,KAB. SORONG,9601,Negeri,24,6,18,5,26,11,90
2023,PROV. PAPUA BARAT DAYA,96,KAB. SORONG SELATAN,9602,Swasta,5,3,0,0,6,4,18
2023,PROV. PAPUA BARAT DAYA,96,KAB. SORONG SELATAN,9602,Negeri,7,13,0,1,3,1,25
2023,PROV. PAPUA BARAT DAYA,96,KAB. RAJA AMPAT,9603,Swasta,2,0,0,0,6,10,18
2023,PROV. PAPUA BARAT DAYA,96,KAB. RAJA AMPAT,9603,Negeri,12,2,3,1,3,11,32
2023,PROV. PAPUA BARAT DAYA,96,KAB. TAMBRAUW,9604,Swasta,3,2,9,5,7,2,28
2023,PROV. PAPUA BARAT DAYA,96,KAB. TAMBRAUW,9604,Negeri,5,6,1,4,7,2,25
2023,PROV. PAPUA BARAT DAYA,96,KAB. MAYBRAT,9605,Swasta,1,0,0,0,1,1,3
2023,PROV. PAPUA BARAT DAYA,96,KAB. MAYBRAT,9605,Negeri,2,1,1,0,1,2,7
2023,PROV. PAPUA BARAT DAYA,96,KOTA SORONG,9671,Negeri,17,10,4,3,3,6,43
2023,PROV. PAPUA BARAT DAYA,96,KOTA SORONG,9671,Swasta,7,2,5,1,5,1,21
2024,PROV. ACEH,11,KAB. ACEH SELATAN,1101,Negeri,9,0,2,1,2,1,15
2024,PROV. ACEH,11,KAB. ACEH SELATAN,1101,Swasta,0,0,0,0,1,0,1
2024,PROV. ACEH,11,KAB. ACEH TENGGARA,1102,Swasta,36,2,1,1,0,1,41
2024,PROV. ACEH,11,KAB. ACEH TENGGARA,1102,Negeri,58,8,9,1,4,3,83
2024,PROV. ACEH,11,KAB. ACEH TIMUR,1103,Negeri,76,16,3,8,3,8,114
2024,PROV. ACEH,11,KAB. ACEH TIMUR,1103,Swasta,1,0,0,0,0,0,1
2024,PROV. ACEH,11,KAB. ACEH TENGAH,1104,Swasta,0,0,1,0,0,0,1
2024,PROV. ACEH,11,KAB. ACEH TENGAH,1104,Negeri,4,2,1,2,0,1,10
2024,PROV. ACEH,11,KAB. ACEH BARAT,1105,Swasta,0,0,0,0,0,0,0
2024,PROV. ACEH,11,KAB. ACEH BARAT,1105,Negeri,22,0,1,1,1,1,26
2024,PROV. ACEH,11,KAB. ACEH BESAR,1106,Negeri,22,1,1,1,0,0,25
2024,PROV. ACEH,11,KAB. ACEH BESAR,1106,Swasta,0,0,0,0,0,0,0
2024,PROV. ACEH,11,KAB. PIDIE,1107,Swasta,1,0,0,0,0,0,1
2024,PROV. ACEH,11,KAB. PIDIE,1107,Negeri,37,4,5,3,3,3,55
2024,PROV. ACEH,11,KAB. ACEH UTARA,1108,Negeri,26,6,0,4,6,1,43
2024,PROV. ACEH,11,KAB. ACEH UTARA,1108,Swasta,0,0,0,0,0,0,0
2024,PROV. ACEH,11,KAB. SIMEULUE,1109,Swasta,0,0,0,0,0,0,0
2024,PROV. ACEH,11,KAB. SIMEULUE,1109,Negeri,8,2,8,1,1,0,20
2024,PROV. ACEH,11,KAB. ACEH SINGKIL,1110,Swasta,6,2,5,1,0,0,14
2024,PROV. ACEH,11,KAB. ACEH SINGKIL,1110,Negeri,44,20,11,9,8,5,97
2024,PROV. ACEH,11,KAB. BIREUEN,1111,Swasta,0,0,0,0,0,0,0
2024,PROV. ACEH,11,KAB. BIREUEN,1111,Negeri,10,2,2,1,2,2,19
2024,PROV. ACEH,11,KAB. ACEH BARAT DAYA,1112,Negeri,7,1,1,0,1,1,11
2024,PROV. ACEH,11,KAB. ACEH BARAT DAYA,1112,Swasta,0,0,0,0,0,0,0
2024,PROV. ACEH,11,KAB. GAYO LUES,1113,Negeri,12,3,6,3,2,5,31
2024,PROV. ACEH,11,KAB. GAYO LUES,1113,Swasta,0,0,0,0,0,0,0
2024,PROV. ACEH,11,KAB. ACEH JAYA,1114,Negeri,5,0,0,0,1,0,6
2024,PROV. ACEH,11,KAB. ACEH JAYA,1114,Swasta,0,0,0,0,0,0,0
2024,PROV. ACEH,11,KAB. NAGAN RAYA,1115,Negeri,25,0,1,0,0,2,28
2024,PROV. ACEH,11,KAB. NAGAN RAYA,1115,Swasta,1,0,0,0,0,0,1
2024,PROV. ACEH,11,KAB. ACEH TAMIANG,1116,Negeri,2,4,2,1,6,1,16
2024,PROV. ACEH,11,KAB. ACEH TAMIANG,1116,Swasta,1,0,0,0,0,0,1
2024,PROV. ACEH,11,KAB. BENER MERIAH,1117,Swasta,5,1,0,1,0,0,7
2024,PROV. ACEH,11,KAB. BENER MERIAH,1117,Negeri,4,1,0,0,0,0,5
2024,PROV. ACEH,11,KAB. PIDIE JAYA,1118,Negeri,14,3,2,0,0,0,19
2024,PROV. ACEH,11,KAB. PIDIE JAYA,1118,Swasta,0,0,0,0,0,0,0
2024,PROV. ACEH,11,KOTA BANDA ACEH,1171,Swasta,7,0,0,0,0,0,7
2024,PROV. ACEH,11,KOTA BANDA ACEH,1171,Negeri,9,1,0,1,1,0,12
2024,PROV. ACEH,11,KOTA SABANG,1172,Swasta,0,0,0,0,0,0,0
2024,PROV. ACEH,11,KOTA SABANG,1172,Negeri,0,1,0,0,1,0,2
2024,PROV. ACEH,11,KOTA LHOKSEUMAWE,1173,Swasta,1,0,0,0,0,0,1
2024,PROV. ACEH,11,KOTA LHOKSEUMAWE,1173,Negeri,4,1,0,0,1,0,6
2024,PROV. ACEH,11,KOTA LANGSA,1174,Negeri,9,4,2,0,1,0,16
2024,PROV. ACEH,11,KOTA LANGSA,1174,Swasta,7,1,0,0,0,0,8
2024,PROV. ACEH,11,KOTA SUBULUSSALAM,1175,Negeri,22,4,9,1,0,0,36
2024,PROV. ACEH,11,KOTA SUBULUSSALAM,1175,Swasta,3,0,0,0,0,0,3
2024,PROV. SUMATERA UTARA,12,KAB. TAPANULI TENGAH,1201,Swasta,0,0,2,0,0,0,2
2024,PROV. SUMATERA UTARA,12,KAB. TAPANULI TENGAH,1201,Negeri,18,19,2,8,17,7,71
2024,PROV. SUMATERA UTARA,12,KAB. TAPANULI UTARA,1202,Negeri,22,2,2,2,4,3,35
2024,PROV. SUMATERA UTARA,12,KAB. TAPANULI UTARA,1202,Swasta,1,0,0,0,0,0,1
2024,PROV. SUMATERA UTARA,12,KAB. TAPANULI SELATAN,1203,Swasta,5,0,1,0,0,0,6
2024,PROV. SUMATERA UTARA,12,KAB. TAPANULI SELATAN,1203,Negeri,50,4,4,4,6,7,75
2024,PROV. SUMATERA UTARA,12,KAB. NIAS,1204,Swasta,0,0,0,0,0,0,0
2024,PROV. SUMATERA UTARA,12,KAB. NIAS,1204,Negeri,34,6,7,5,15,10,77
2024,PROV. SUMATERA UTARA,12,KAB. LANGKAT,1205,Negeri,115,15,19,13,16,9,187
2024,PROV. SUMATERA UTARA,12,KAB. LANGKAT,1205,Swasta,24,6,2,6,1,4,43
2024,PROV. SUMATERA UTARA,12,KAB. KARO,1206,Swasta,3,2,3,0,0,1,9
2024,PROV. SUMATERA UTARA,12,KAB. KARO,1206,Negeri,19,15,5,4,11,8,62
2024,PROV. SUMATERA UTARA,12,KAB. DELI SERDANG,1207,Swasta,69,35,16,32,45,42,239
2024,PROV. SUMATERA UTARA,12,KAB. DELI SERDANG,1207,Negeri,160,44,31,22,29,56,342
2024,PROV. SUMATERA UTARA,12,KAB. SIMALUNGUN,1208,Negeri,45,11,11,9,11,14,101
2024,PROV. SUMATERA UTARA,12,KAB. SIMALUNGUN,1208,Swasta,14,4,2,4,0,1,25
2024,PROV. SUMATERA UTARA,12,KAB. ASAHAN,1209,Negeri,82,14,5,9,11,13,134
2024,PROV. SUMATERA UTARA,12,KAB. ASAHAN,1209,Swasta,9,3,0,4,2,1,19
2024,PROV. SUMATERA UTARA,12,KAB. LABUHANBATU,1210,Negeri,20,12,3,2,6,12,55
2024,PROV. SUMATERA UTARA,12,KAB. LABUHANBATU,1210,Swasta,2,0,1,0,0,0,3
2024,PROV. SUMATERA UTARA,12,KAB. DAIRI,1211,Negeri,69,6,3,2,3,5,88
2024,PROV. SUMATERA UTARA,12,KAB. DAIRI,1211,Swasta,25,0,1,1,1,1,29
2024,PROV. SUMATERA UTARA,12,KAB. TOBA,1212,Negeri,28,19,3,2,0,0,52
2024,PROV. SUMATERA UTARA,12,KAB. TOBA,1212,Swasta,1,0,0,2,1,0,4
2024,PROV. SUMATERA UTARA,12,KAB. MANDAILING NATAL,1213,Negeri,22,13,9,2,16,7,69
2024,PROV. SUMATERA UTARA,12,KAB. MANDAILING NATAL,1213,Swasta,2,1,0,1,0,0,4
2024,PROV. SUMATERA UTARA,12,KAB. NIAS SELATAN,1214,Swasta,12,0,0,0,0,0,12
2024,PROV. SUMATERA UTARA,12,KAB. NIAS SELATAN,1214,Negeri,95,52,26,45,28,66,312
2024,PROV. SUMATERA UTARA,12,KAB. PAKPAK BHARAT,1215,Negeri,6,0,0,0,0,0,6
2024,PROV. SUMATERA UTARA,12,KAB. PAKPAK BHARAT,1215,Swasta,0,0,0,0,0,0,0
2024,PROV. SUMATERA UTARA,12,KAB. HUMBANG HASUNDUTAN,1216,Swasta,1,0,0,0,0,0,1
2024,PROV. SUMATERA UTARA,12,KAB. HUMBANG HASUNDUTAN,1216,Negeri,47,5,1,1,2,3,59
2024,PROV. SUMATERA UTARA,12,KAB. SAMOSIR,1217,Swasta,1,0,0,0,0,0,1
2024,PROV. SUMATERA UTARA,12,KAB. SAMOSIR,1217,Negeri,3,2,0,2,1,0,8
2024,PROV. SUMATERA UTARA,12,KAB. SERDANG BEDAGAI,1218,Negeri,122,20,8,9,8,2,169
2024,PROV. SUMATERA UTARA,12,KAB. SERDANG BEDAGAI,1218,Swasta,22,3,3,1,0,4,33
2024,PROV. SUMATERA UTARA,12,KAB. BATU BARA,1219,Swasta,1,0,0,0,0,0,1
2024,PROV. SUMATERA UTARA,12,KAB. BATU BARA,1219,Negeri,43,17,15,9,11,9,104
2024,PROV. SUMATERA UTARA,12,KAB. PADANG LAWAS UTARA,1220,Swasta,4,1,2,1,0,0,8
2024,PROV. SUMATERA UTARA,12,KAB. PADANG LAWAS UTARA,1220,Negeri,53,8,5,2,1,3,72
2024,PROV. SUMATERA UTARA,12,KAB. PADANG LAWAS,1221,Negeri,111,20,10,8,3,8,160
2024,PROV. SUMATERA UTARA,12,KAB. PADANG LAWAS,1221,Swasta,3,4,3,0,4,3,17
2024,PROV. SUMATERA UTARA,12,KAB. LABUHANBATU SELATAN,1222,Negeri,44,8,4,8,12,13,89
2024,PROV. SUMATERA UTARA,12,KAB. LABUHANBATU SELATAN,1222,Swasta,8,0,2,0,2,6,18
2024,PROV. SUMATERA UTARA,12,KAB. LABUHANBATU UTARA,1223,Swasta,5,2,0,1,3,2,13
2024,PROV. SUMATERA UTARA,12,KAB. LABUHANBATU UTARA,1223,Negeri,36,3,5,5,11,1,61
2024,PROV. SUMATERA UTARA,12,KAB. NIAS UTARA,1224,Swasta,0,0,0,0,0,0,0
2024,PROV. SUMATERA UTARA,12,KAB. NIAS UTARA,1224,Negeri,54,6,7,11,5,9,92
2024,PROV. SUMATERA UTARA,12,KAB. NIAS BARAT,1225,Swasta,0,0,0,0,0,0,0
2024,PROV. SUMATERA UTARA,12,KAB. NIAS BARAT,1225,Negeri,32,2,4,0,0,1,39
2024,PROV. SUMATERA UTARA,12,KOTA MEDAN,1271,Negeri,77,51,32,31,35,19,245
2024,PROV. SUMATERA UTARA,12,KOTA MEDAN,1271,Swasta,159,70,66,59,66,16,436
2024,PROV. SUMATERA UTARA,12,KOTA PEMATANGSIANTAR,1272,Negeri,14,3,12,1,1,3,34
2024,PROV. SUMATERA UTARA,12,KOTA PEMATANGSIANTAR,1272,Swasta,8,0,2,1,0,0,11
2024,PROV. SUMATERA UTARA,12,KOTA SIBOLGA,1273,Negeri,21,0,1,3,0,0,25
2024,PROV. SUMATERA UTARA,12,KOTA SIBOLGA,1273,Swasta,0,0,0,0,0,0,0
2024,PROV. SUMATERA UTARA,12,KOTA TANJUNG BALAI,1274,Swasta,3,1,0,0,0,0,4
2024,PROV. SUMATERA UTARA,12,KOTA TANJUNG BALAI,1274,Negeri,21,2,1,1,1,5,31
2024,PROV. SUMATERA UTARA,12,KOTA BINJAI,1275,Negeri,15,12,0,2,3,0,32
2024,PROV. SUMATERA UTARA,12,KOTA BINJAI,1275,Swasta,5,4,0,2,0,0,11
2024,PROV. SUMATERA UTARA,12,KOTA TEBING TINGGI,1276,Swasta,3,0,0,0,0,0,3
2024,PROV. SUMATERA UTARA,12,KOTA TEBING TINGGI,1276,Negeri,8,0,4,3,3,0,18
2024,PROV. SUMATERA UTARA,12,KOTA PADANG SIDEMPUAN,1277,Negeri,38,11,7,8,6,10,80
2024,PROV. SUMATERA UTARA,12,KOTA PADANG SIDEMPUAN,1277,Swasta,0,0,0,0,0,0,0
2024,PROV. SUMATERA UTARA,12,KOTA GUNUNGSITOLI,1278,Swasta,1,0,0,0,1,0,2
2024,PROV. SUMATERA UTARA,12,KOTA GUNUNGSITOLI,1278,Negeri,31,5,1,3,4,2,46
2024,PROV. SUMATERA BARAT,13,KAB. PESISIR SELATAN,1301,Negeri,15,6,11,8,8,12,60
2024,PROV. SUMATERA BARAT,13,KAB. PESISIR SELATAN,1301,Swasta,0,1,0,1,0,0,2
2024,PROV. SUMATERA BARAT,13,KAB. SOLOK,1302,Swasta,1,0,0,1,0,0,2
2024,PROV. SUMATERA BARAT,13,KAB. SOLOK,1302,Negeri,15,9,5,14,15,3,61
2024,PROV. SUMATERA BARAT,13,KAB. SIJUNJUNG,1303,Swasta,0,0,0,0,0,0,0
2024,PROV. SUMATERA BARAT,13,KAB. SIJUNJUNG,1303,Negeri,18,2,3,1,4,3,31
2024,PROV. SUMATERA BARAT,13,KAB. TANAH DATAR,1304,Swasta,0,0,0,0,0,0,0
2024,PROV. SUMATERA BARAT,13,KAB. TANAH DATAR,1304,Negeri,19,2,4,3,7,2,37
2024,PROV. SUMATERA BARAT,13,KAB. PADANG PARIAMAN,1305,Swasta,1,0,0,0,0,0,1
2024,PROV. SUMATERA BARAT,13,KAB. PADANG PARIAMAN,1305,Negeri,49,7,6,2,15,6,85
2024,PROV. SUMATERA BARAT,13,KAB. AGAM,1306,Swasta,6,1,0,0,0,0,7
2024,PROV. SUMATERA BARAT,13,KAB. AGAM,1306,Negeri,12,2,2,0,4,0,20
2024,PROV. SUMATERA BARAT,13,KAB. LIMA PULUH KOTA,1307,Negeri,17,2,3,6,6,5,39
2024,PROV. SUMATERA BARAT,13,KAB. LIMA PULUH KOTA,1307,Swasta,0,0,0,0,0,0,0
2024,PROV. SUMATERA BARAT,13,KAB. PASAMAN,1308,Swasta,0,0,0,0,0,0,0
2024,PROV. SUMATERA BARAT,13,KAB. PASAMAN,1308,Negeri,23,7,2,1,4,3,40
2024,PROV. SUMATERA BARAT,13,KAB. KEPULAUAN MENTAWAI,1309,Negeri,23,2,6,8,10,13,62
2024,PROV. SUMATERA BARAT,13,KAB. KEPULAUAN MENTAWAI,1309,Swasta,0,0,0,0,0,0,0
2024,PROV. SUMATERA BARAT,13,KAB. DHARMASRAYA,1310,Swasta,0,1,0,0,0,1,2
2024,PROV. SUMATERA BARAT,13,KAB. DHARMASRAYA,1310,Negeri,16,5,3,3,13,2,42
2024,PROV. SUMATERA BARAT,13,KAB. SOLOK SELATAN,1311,Negeri,17,2,1,2,1,2,25
2024,PROV. SUMATERA BARAT,13,KAB. SOLOK SELATAN,1311,Swasta,1,0,0,0,5,0,6
2024,PROV. SUMATERA BARAT,13,KAB. PASAMAN BARAT,1312,Swasta,9,0,1,0,0,0,10
2024,PROV. SUMATERA BARAT,13,KAB. PASAMAN BARAT,1312,Negeri,48,12,6,8,4,8,86
2024,PROV. SUMATERA BARAT,13,KOTA PADANG,1371,Negeri,30,1,1,0,2,7,41
2024,PROV. SUMATERA BARAT,13,KOTA PADANG,1371,Swasta,1,0,1,0,1,0,3
2024,PROV. SUMATERA BARAT,13,KOTA SOLOK,1372,Swasta,0,0,0,0,0,0,0
2024,PROV. SUMATERA BARAT,13,KOTA SOLOK,1372,Negeri,5,2,1,0,0,0,8
2024,PROV. SUMATERA BARAT,13,KOTA SAWAHLUNTO,1373,Negeri,3,0,0,0,0,0,3
2024,PROV. SUMATERA BARAT,13,KOTA SAWAHLUNTO,1373,Swasta,0,0,0,0,0,0,0
2024,PROV. SUMATERA BARAT,13,KOTA PADANG PANJANG,1374,Swasta,1,0,0,0,0,0,1
2024,PROV. SUMATERA BARAT,13,KOTA PADANG PANJANG,1374,Negeri,1,0,0,1,0,0,2
2024,PROV. SUMATERA BARAT,13,KOTA BUKITTINGGI,1375,Negeri,4,0,0,0,0,0,4
2024,PROV. SUMATERA BARAT,13,KOTA BUKITTINGGI,1375,Swasta,1,0,0,0,0,0,1
2024,PROV. SUMATERA BARAT,13,KOTA PAYAKUMBUH,1376,Negeri,17,1,0,0,0,0,18
2024,PROV. SUMATERA BARAT,13,KOTA PAYAKUMBUH,1376,Swasta,3,0,0,0,0,0,3
2024,PROV. SUMATERA BARAT,13,KOTA PARIAMAN,1377,Swasta,0,0,0,0,0,0,0
2024,PROV. SUMATERA BARAT,13,KOTA PARIAMAN,1377,Negeri,3,0,1,0,0,0,4
2024,PROV. RIAU,14,KAB. KAMPAR,1401,Swasta,2,0,1,0,0,2,5
2024,PROV. RIAU,14,KAB. KAMPAR,1401,Negeri,69,22,16,8,12,8,135
2024,PROV. RIAU,14,KAB. INDRAGIRI HULU,1402,Swasta,4,2,0,0,1,0,7
2024,PROV. RIAU,14,KAB. INDRAGIRI HULU,1402,Negeri,38,2,4,4,8,7,63
2024,PROV. RIAU,14,KAB. BENGKALIS,1403,Swasta,3,0,2,0,0,0,5
2024,PROV. RIAU,14,KAB. BENGKALIS,1403,Negeri,34,10,1,6,11,4,66
2024,PROV. RIAU,14,KAB. INDRAGIRI HILIR,1404,Swasta,0,2,0,0,1,1,4
2024,PROV. RIAU,14,KAB. INDRAGIRI HILIR,1404,Negeri,41,10,11,11,14,10,97
2024,PROV. RIAU,14,KAB. PELALAWAN,1405,Swasta,1,1,1,2,2,0,7
2024,PROV. RIAU,14,KAB. PELALAWAN,1405,Negeri,19,2,20,7,13,4,65
2024,PROV. RIAU,14,KAB. ROKAN HULU,1406,Negeri,29,15,6,9,2,7,68
2024,PROV. RIAU,14,KAB. ROKAN HULU,1406,Swasta,10,7,2,0,4,0,23
2024,PROV. RIAU,14,KAB. ROKAN HILIR,1407,Negeri,75,12,6,7,7,15,122
2024,PROV. RIAU,14,KAB. ROKAN HILIR,1407,Swasta,9,2,1,1,5,6,24
2024,PROV. RIAU,14,KAB. SIAK,1408,Swasta,2,0,1,1,0,0,4
2024,PROV. RIAU,14,KAB. SIAK,1408,Negeri,20,6,5,7,4,3,45
2024,PROV. RIAU,14,KAB. KUANTAN SINGINGI,1409,Negeri,7,3,1,0,6,2,19
2024,PROV. RIAU,14,KAB. KUANTAN SINGINGI,1409,Swasta,4,0,0,0,0,0,4
2024,PROV. RIAU,14,KAB. KEPULAUAN MERANTI,1410,Negeri,30,3,7,3,4,1,48
2024,PROV. RIAU,14,KAB. KEPULAUAN MERANTI,1410,Swasta,0,0,0,0,0,0,0
2024,PROV. RIAU,14,KOTA PEKANBARU,1471,Swasta,30,4,4,1,3,1,43
2024,PROV. RIAU,14,KOTA PEKANBARU,1471,Negeri,15,7,6,6,13,11,58
2024,PROV. RIAU,14,KOTA DUMAI,1472,Negeri,16,10,6,1,4,1,38
2024,PROV. RIAU,14,KOTA DUMAI,1472,Swasta,5,0,0,0,0,0,5
2024,PROV. JAMBI,15,KAB. KERINCI,1501,Swasta,2,0,3,1,0,0,6
2024,PROV. JAMBI,15,KAB. KERINCI,1501,Negeri,64,35,15,14,13,9,150
2024,PROV. JAMBI,15,KAB. MERANGIN,1502,Negeri,68,9,9,6,8,17,117
2024,PROV. JAMBI,15,KAB. MERANGIN,1502,Swasta,2,0,1,1,2,0,6
2024,PROV. JAMBI,15,KAB. SAROLANGUN,1503,Swasta,3,1,1,0,0,0,5
2024,PROV. JAMBI,15,KAB. SAROLANGUN,1503,Negeri,27,13,2,0,6,7,55
2024,PROV. JAMBI,15,KAB. BATANGHARI,1504,Negeri,20,2,2,3,11,4,42
2024,PROV. JAMBI,15,KAB. BATANGHARI,1504,Swasta,0,0,0,0,0,0,0
2024,PROV. JAMBI,15,KAB. MUARO JAMBI,1505,Swasta,1,0,0,0,0,0,1
2024,PROV. JAMBI,15,KAB. MUARO JAMBI,1505,Negeri,23,6,2,0,8,2,41
2024,PROV. JAMBI,15,KAB. TANJUNG JABUNG BARAT,1506,Swasta,5,1,1,1,1,1,10
2024,PROV. JAMBI,15,KAB. TANJUNG JABUNG BARAT,1506,Negeri,52,10,13,4,9,5,93
2024,PROV. JAMBI,15,KAB. TANJUNG JABUNG TIMUR,1507,Swasta,0,0,0,0,0,0,0
2024,PROV. JAMBI,15,KAB. TANJUNG JABUNG TIMUR,1507,Negeri,32,11,2,4,2,2,53
2024,PROV. JAMBI,15,KAB. BUNGO,1508,Negeri,39,11,7,5,3,3,68
2024,PROV. JAMBI,15,KAB. BUNGO,1508,Swasta,1,0,0,0,1,1,3
2024,PROV. JAMBI,15,KAB. TEBO,1509,Negeri,33,5,0,2,11,3,54
2024,PROV. JAMBI,15,KAB. TEBO,1509,Swasta,2,1,0,1,3,0,7
2024,PROV. JAMBI,15,KOTA JAMBI,1571,Swasta,2,0,0,0,0,0,2
2024,PROV. JAMBI,15,KOTA JAMBI,1571,Negeri,35,2,1,0,3,0,41
2024,PROV. JAMBI,15,KOTA SUNGAI PENUH,1572,Swasta,2,0,0,0,0,0,2
2024,PROV. JAMBI,15,KOTA SUNGAI PENUH,1572,Negeri,13,1,5,3,3,0,25
2024,PROV. SUMATERA SELATAN,16,KAB. OGAN KOMERING ULU,1601,Negeri,30,3,14,8,27,9,91
2024,PROV. SUMATERA SELATAN,16,KAB. OGAN KOMERING ULU,1601,Swasta,1,1,0,0,0,0,2
2024,PROV. SUMATERA SELATAN,16,KAB. OGAN KOMERING ILIR,1602,Negeri,134,20,8,13,36,20,231
2024,PROV. SUMATERA SELATAN,16,KAB. OGAN KOMERING ILIR,1602,Swasta,2,3,1,0,0,0,6
2024,PROV. SUMATERA SELATAN,16,KAB. MUARA ENIM,1603,Swasta,0,0,1,4,0,0,5
2024,PROV. SUMATERA SELATAN,16,KAB. MUARA ENIM,1603,Negeri,74,16,10,7,20,8,135
2024,PROV. SUMATERA SELATAN,16,KAB. LAHAT,1604,Negeri,16,6,4,2,6,2,36
2024,PROV. SUMATERA SELATAN,16,KAB. LAHAT,1604,Swasta,1,0,0,0,0,0,1
2024,PROV. SUMATERA SELATAN,16,KAB. MUSI RAWAS,1605,Negeri,28,8,0,0,3,3,42
2024,PROV. SUMATERA SELATAN,16,KAB. MUSI RAWAS,1605,Swasta,11,0,0,0,0,0,11
2024,PROV. SUMATERA SELATAN,16,KAB. MUSI BANYUASIN,1606,Negeri,44,17,13,11,21,17,123
2024,PROV. SUMATERA SELATAN,16,KAB. MUSI BANYUASIN,1606,Swasta,9,2,3,0,2,2,18
2024,PROV. SUMATERA SELATAN,16,KAB. BANYUASIN,1607,Negeri,112,16,23,25,89,19,284
2024,PROV. SUMATERA SELATAN,16,KAB. BANYUASIN,1607,Swasta,5,1,0,0,0,0,6
2024,PROV. SUMATERA SELATAN,16,KAB. OGAN KOMERING ULU TIMUR,1608,Negeri,35,7,7,4,0,4,57
2024,PROV. SUMATERA SELATAN,16,KAB. OGAN KOMERING ULU TIMUR,1608,Swasta,2,1,0,0,1,0,4
2024,PROV. SUMATERA SELATAN,16,KAB. OGAN KOMERING ULU SELATAN,1609,Negeri,95,7,10,1,4,7,124
2024,PROV. SUMATERA SELATAN,16,KAB. OGAN KOMERING ULU SELATAN,1609,Swasta,25,0,0,1,1,2,29
2024,PROV. SUMATERA SELATAN,16,KAB. OGAN ILIR,1610,Swasta,7,0,0,0,0,0,7
2024,PROV. SUMATERA SELATAN,16,KAB. OGAN ILIR,1610,Negeri,141,34,9,4,12,7,207
2024,PROV. SUMATERA SELATAN,16,KAB. EMPAT LAWANG,1611,Swasta,3,0,0,0,0,0,3
2024,PROV. SUMATERA SELATAN,16,KAB. EMPAT LAWANG,1611,Negeri,92,2,1,1,3,2,101
2024,PROV. SUMATERA SELATAN,16,KAB. PENUKAL ABAB LEMATANG ILIR,1612,Negeri,20,5,2,2,3,3,35
2024,PROV. SUMATERA SELATAN,16,KAB. PENUKAL ABAB LEMATANG ILIR,1612,Swasta,4,9,0,0,0,0,13
2024,PROV. SUMATERA SELATAN,16,KAB. MUSI RAWAS UTARA,1613,Swasta,0,0,0,0,0,0,0
2024,PROV. SUMATERA SELATAN,16,KAB. MUSI RAWAS UTARA,1613,Negeri,17,4,15,1,4,3,44
2024,PROV. SUMATERA SELATAN,16,KOTA PALEMBANG,1671,Swasta,26,4,5,4,2,6,47
2024,PROV. SUMATERA SELATAN,16,KOTA PALEMBANG,1671,Negeri,92,18,24,33,26,8,201
2024,PROV. SUMATERA SELATAN,16,KOTA PAGAR ALAM,1672,Negeri,3,0,0,1,1,0,5
2024,PROV. SUMATERA SELATAN,16,KOTA PAGAR ALAM,1672,Swasta,0,0,0,1,0,0,1
2024,PROV. SUMATERA SELATAN,16,KOTA LUBUK LINGGAU,1673,Swasta,2,0,0,0,0,0,2
2024,PROV. SUMATERA SELATAN,16,KOTA LUBUK LINGGAU,1673,Negeri,20,1,1,0,2,2,26
2024,PROV. SUMATERA SELATAN,16,KOTA PRABUMULIH,1674,Negeri,10,2,4,3,5,1,25
2024,PROV. SUMATERA SELATAN,16,KOTA PRABUMULIH,1674,Swasta,0,0,0,0,0,0,0
2024,PROV. BENGKULU,17,KAB. BENGKULU SELATAN,1701,Negeri,62,1,1,2,4,0,70
2024,PROV. BENGKULU,17,KAB. BENGKULU SELATAN,1701,Swasta,0,0,0,0,0,0,0
2024,PROV. BENGKULU,17,KAB. REJANG LEBONG,1702,Swasta,1,0,1,0,0,0,2
2024,PROV. BENGKULU,17,KAB. REJANG LEBONG,1702,Negeri,21,1,1,2,6,5,36
2024,PROV. BENGKULU,17,KAB. BENGKULU UTARA,1703,Negeri,21,2,9,1,4,2,39
2024,PROV. BENGKULU,17,KAB. BENGKULU UTARA,1703,Swasta,2,1,0,0,0,0,3
2024,PROV. BENGKULU,17,KAB. KAUR,1704,Swasta,1,0,0,0,0,0,1
2024,PROV. BENGKULU,17,KAB. KAUR,1704,Negeri,12,7,0,1,0,0,20
2024,PROV. BENGKULU,17,KAB. SELUMA,1705,Swasta,4,0,0,0,1,0,5
2024,PROV. BENGKULU,17,KAB. SELUMA,1705,Negeri,12,2,1,0,4,3,22
2024,PROV. BENGKULU,17,KAB. MUKOMUKO,1706,Swasta,0,0,0,0,0,0,0
2024,PROV. BENGKULU,17,KAB. MUKOMUKO,1706,Negeri,4,3,2,9,5,7,30
2024,PROV. BENGKULU,17,KAB. LEBONG,1707,Negeri,10,4,1,1,2,0,18
2024,PROV. BENGKULU,17,KAB. LEBONG,1707,Swasta,0,0,0,0,0,0,0
2024,PROV. BENGKULU,17,KAB. KEPAHIANG,1708,Swasta,0,0,0,0,0,0,0
2024,PROV. BENGKULU,17,KAB. KEPAHIANG,1708,Negeri,2,1,1,1,3,6,14
2024,PROV. BENGKULU,17,KAB. BENGKULU TENGAH,1709,Swasta,0,0,0,0,0,0,0
2024,PROV. BENGKULU,17,KAB. BENGKULU TENGAH,1709,Negeri,13,1,2,2,1,3,22
2024,PROV. BENGKULU,17,KOTA BENGKULU,1771,Swasta,3,2,2,0,4,3,14
2024,PROV. BENGKULU,17,KOTA BENGKULU,1771,Negeri,26,2,5,5,21,6,65
2024,PROV. LAMPUNG,18,KAB. LAMPUNG SELATAN,1801,Negeri,96,12,13,8,7,9,145
2024,PROV. LAMPUNG,18,KAB. LAMPUNG SELATAN,1801,Swasta,24,1,1,1,0,0,27
2024,PROV. LAMPUNG,18,KAB. LAMPUNG TENGAH,1802,Swasta,1,0,2,0,0,1,4
2024,PROV. LAMPUNG,18,KAB. LAMPUNG TENGAH,1802,Negeri,64,5,5,2,3,3,82
2024,PROV. LAMPUNG,18,KAB. LAMPUNG UTARA,1803,Negeri,64,5,2,7,5,5,88
2024,PROV. LAMPUNG,18,KAB. LAMPUNG UTARA,1803,Swasta,6,2,0,0,1,0,9
2024,PROV. LAMPUNG,18,KAB. LAMPUNG BARAT,1804,Negeri,4,0,10,4,7,2,27
2024,PROV. LAMPUNG,18,KAB. LAMPUNG BARAT,1804,Swasta,1,1,1,0,1,0,4
2024,PROV. LAMPUNG,18,KAB. TULANG BAWANG,1805,Negeri,33,10,1,1,4,4,53
2024,PROV. LAMPUNG,18,KAB. TULANG BAWANG,1805,Swasta,5,1,0,1,2,1,10
2024,PROV. LAMPUNG,18,KAB. TANGGAMUS,1806,Negeri,30,2,6,1,3,4,46
2024,PROV. LAMPUNG,18,KAB. TANGGAMUS,1806,Swasta,0,0,0,0,0,0,0
2024,PROV. LAMPUNG,18,KAB. LAMPUNG TIMUR,1807,Swasta,3,1,0,0,1,1,6
2024,PROV. LAMPUNG,18,KAB. LAMPUNG TIMUR,1807,Negeri,34,4,4,3,9,5,59
2024,PROV. LAMPUNG,18,KAB. WAY KANAN,1808,Swasta,0,0,0,1,0,0,1
2024,PROV. LAMPUNG,18,KAB. WAY KANAN,1808,Negeri,11,1,1,1,7,1,22
2024,PROV. LAMPUNG,18,KAB. PESAWARAN,1809,Negeri,46,2,1,2,4,3,58
2024,PROV. LAMPUNG,18,KAB. PESAWARAN,1809,Swasta,0,1,0,0,0,0,1
2024,PROV. LAMPUNG,18,KAB. PRINGSEWU,1810,Swasta,0,0,0,0,0,0,0
2024,PROV. LAMPUNG,18,KAB. PRINGSEWU,1810,Negeri,3,0,0,0,2,1,6
2024,PROV. LAMPUNG,18,KAB. MESUJI,1811,Negeri,3,0,0,1,0,0,4
2024,PROV. LAMPUNG,18,KAB. MESUJI,1811,Swasta,0,0,0,0,0,0,0
2024,PROV. LAMPUNG,18,KAB. TULANG BAWANG BARAT,1812,Negeri,7,1,0,1,1,2,12
2024,PROV. LAMPUNG,18,KAB. TULANG BAWANG BARAT,1812,Swasta,0,0,0,0,0,0,0
2024,PROV. LAMPUNG,18,KAB. PESISIR BARAT,1813,Swasta,1,1,0,0,0,0,2
2024,PROV. LAMPUNG,18,KAB. PESISIR BARAT,1813,Negeri,5,1,6,1,3,1,17
2024,PROV. LAMPUNG,18,KOTA BANDAR LAMPUNG,1871,Negeri,26,10,12,4,14,7,73
2024,PROV. LAMPUNG,18,KOTA BANDAR LAMPUNG,1871,Swasta,2,0,0,0,0,0,2
2024,PROV. LAMPUNG,18,KOTA METRO,1872,Swasta,0,0,0,0,0,0,0
2024,PROV. LAMPUNG,18,KOTA METRO,1872,Negeri,4,0,0,0,0,0,4
2024,PROV. KEPULAUAN BANGKA BELITUNG,19,KAB. BANGKA,1901,Negeri,60,2,4,5,5,2,78
2024,PROV. KEPULAUAN BANGKA BELITUNG,19,KAB. BANGKA,1901,Swasta,3,0,0,1,0,0,4
2024,PROV. KEPULAUAN BANGKA BELITUNG,19,KAB. BELITUNG,1902,Swasta,0,0,0,0,0,0,0
2024,PROV. KEPULAUAN BANGKA BELITUNG,19,KAB. BELITUNG,1902,Negeri,4,0,1,1,4,0,10
2024,PROV. KEPULAUAN BANGKA BELITUNG,19,KAB. BANGKA SELATAN,1903,Negeri,4,4,4,2,8,4,26
2024,PROV. KEPULAUAN BANGKA BELITUNG,19,KAB. BANGKA SELATAN,1903,Swasta,0,0,0,0,0,0,0
2024,PROV. KEPULAUAN BANGKA BELITUNG,19,KAB. BANGKA TENGAH,1904,Swasta,0,0,0,0,0,0,0
2024,PROV. KEPULAUAN BANGKA BELITUNG,19,KAB. BANGKA TENGAH,1904,Negeri,6,2,1,2,5,1,17
2024,PROV. KEPULAUAN BANGKA BELITUNG,19,KAB. BANGKA BARAT,1905,Swasta,1,0,0,0,0,0,1
2024,PROV. KEPULAUAN BANGKA BELITUNG,19,KAB. BANGKA BARAT,1905,Negeri,9,2,8,2,9,6,36
2024,PROV. KEPULAUAN BANGKA BELITUNG,19,KAB. BELITUNG TIMUR,1906,Swasta,1,0,0,0,0,0,1
2024,PROV. KEPULAUAN BANGKA BELITUNG,19,KAB. BELITUNG TIMUR,1906,Negeri,6,3,1,3,4,3,20
2024,PROV. KEPULAUAN BANGKA BELITUNG,19,KOTA PANGKAL PINANG,1971,Swasta,0,0,0,0,0,0,0
2024,PROV. KEPULAUAN BANGKA BELITUNG,19,KOTA PANGKAL PINANG,1971,Negeri,16,2,1,0,1,2,22
2024,PROV. KEPULAUAN RIAU,21,KAB. BINTAN,2101,Negeri,6,1,1,2,2,2,14
2024,PROV. KEPULAUAN RIAU,21,KAB. BINTAN,2101,Swasta,1,0,0,0,0,0,1
2024,PROV. KEPULAUAN RIAU,21,KAB. KARIMUN,2102,Swasta,0,0,0,0,0,0,0
2024,PROV. KEPULAUAN RIAU,21,KAB. KARIMUN,2102,Negeri,16,3,2,3,1,0,25
2024,PROV. KEPULAUAN RIAU,21,KAB. NATUNA,2103,Negeri,5,0,0,2,0,0,7
2024,PROV. KEPULAUAN RIAU,21,KAB. NATUNA,2103,Swasta,0,0,0,0,0,0,0
2024,PROV. KEPULAUAN RIAU,21,KAB. LINGGA,2104,Swasta,0,0,0,0,0,0,0
2024,PROV. KEPULAUAN RIAU,21,KAB. LINGGA,2104,Negeri,2,0,0,1,1,2,6
2024,PROV. KEPULAUAN RIAU,21,KAB. KEPULAUAN ANAMBAS,2105,Negeri,1,0,0,0,1,0,2
2024,PROV. KEPULAUAN RIAU,21,KAB. KEPULAUAN ANAMBAS,2105,Swasta,0,0,0,0,0,0,0
2024,PROV. KEPULAUAN RIAU,21,KOTA BATAM,2171,Swasta,39,9,1,11,0,7,67
2024,PROV. KEPULAUAN RIAU,21,KOTA BATAM,2171,Negeri,60,6,2,7,6,3,84
2024,PROV. KEPULAUAN RIAU,21,KOTA TANJUNG PINANG,2172,Swasta,2,0,0,0,0,0,2
2024,PROV. KEPULAUAN RIAU,21,KOTA TANJUNG PINANG,2172,Negeri,7,1,0,1,2,5,16
2024,PROV. D.K.I. JAKARTA,31,KAB. ADM. KEP. SERIBU,3101,Swasta,0,0,0,0,0,0,0
2024,PROV. D.K.I. JAKARTA,31,KAB. ADM. KEP. SERIBU,3101,Negeri,0,0,0,0,0,0,0
2024,PROV. D.K.I. JAKARTA,31,KOTA ADM. JAKARTA PUSAT,3171,Negeri,15,2,1,0,4,1,23
2024,PROV. D.K.I. JAKARTA,31,KOTA ADM. JAKARTA PUSAT,3171,Swasta,4,3,4,1,2,0,14
2024,PROV. D.K.I. JAKARTA,31,KOTA ADM. JAKARTA UTARA,3172,Negeri,20,3,1,0,3,0,27
2024,PROV. D.K.I. JAKARTA,31,KOTA ADM. JAKARTA UTARA,3172,Swasta,26,13,4,2,2,14,61
2024,PROV. D.K.I. JAKARTA,31,KOTA ADM. JAKARTA BARAT,3173,Swasta,27,4,0,0,1,1,33
2024,PROV. D.K.I. JAKARTA,31,KOTA ADM. JAKARTA BARAT,3173,Negeri,41,6,3,1,9,3,63
2024,PROV. D.K.I. JAKARTA,31,KOTA ADM. JAKARTA SELATAN,3174,Swasta,18,2,2,0,0,1,23
2024,PROV. D.K.I. JAKARTA,31,KOTA ADM. JAKARTA SELATAN,3174,Negeri,30,5,3,9,0,1,48
2024,PROV. D.K.I. JAKARTA,31,KOTA ADM. JAKARTA TIMUR,3175,Swasta,21,4,1,2,6,0,34
2024,PROV. D.K.I. JAKARTA,31,KOTA ADM. JAKARTA TIMUR,3175,Negeri,103,3,2,2,2,4,116
2024,PROV. JAWA BARAT,32,KAB. BOGOR,3201,Negeri,281,44,24,23,61,28,461
2024,PROV. JAWA BARAT,32,KAB. BOGOR,3201,Swasta,43,8,3,8,9,1,72
2024,PROV. JAWA BARAT,32,KAB. SUKABUMI,3202,Swasta,2,3,1,0,1,0,7
2024,PROV. JAWA BARAT,32,KAB. SUKABUMI,3202,Negeri,381,24,31,14,15,13,478
2024,PROV. JAWA BARAT,32,KAB. CIANJUR,3203,Negeri,268,37,18,13,17,12,365
2024,PROV. JAWA BARAT,32,KAB. CIANJUR,3203,Swasta,18,9,1,1,0,0,29
2024,PROV. JAWA BARAT,32,KAB. BANDUNG,3204,Negeri,199,41,19,29,19,18,325
2024,PROV. JAWA BARAT,32,KAB. BANDUNG,3204,Swasta,14,0,0,2,3,1,20
2024,PROV. JAWA BARAT,32,KAB. GARUT,3205,Negeri,245,18,3,3,80,14,363
2024,PROV. JAWA BARAT,32,KAB. GARUT,3205,Swasta,15,2,1,0,0,2,20
2024,PROV. JAWA BARAT,32,KAB. TASIKMALAYA,3206,Negeri,120,8,3,7,6,4,148
2024,PROV. JAWA BARAT,32,KAB. TASIKMALAYA,3206,Swasta,4,1,1,0,0,0,6
2024,PROV. JAWA BARAT,32,KAB. CIAMIS,3207,Swasta,1,0,3,0,0,0,4
2024,PROV. JAWA BARAT,32,KAB. CIAMIS,3207,Negeri,42,1,1,1,0,0,45
2024,PROV. JAWA BARAT,32,KAB. KUNINGAN,3208,Swasta,1,0,0,0,0,0,1
2024,PROV. JAWA BARAT,32,KAB. KUNINGAN,3208,Negeri,61,7,3,5,6,1,83
2024,PROV. JAWA BARAT,32,KAB. CIREBON,3209,Negeri,162,20,10,4,9,12,217
2024,PROV. JAWA BARAT,32,KAB. CIREBON,3209,Swasta,0,1,2,8,0,0,11
2024,PROV. JAWA BARAT,32,KAB. MAJALENGKA,3210,Swasta,1,2,0,1,0,0,4
2024,PROV. JAWA BARAT,32,KAB. MAJALENGKA,3210,Negeri,41,7,4,6,8,1,67
2024,PROV. JAWA BARAT,32,KAB. SUMEDANG,3211,Negeri,62,3,1,4,3,1,74
2024,PROV. JAWA BARAT,32,KAB. SUMEDANG,3211,Swasta,1,1,0,0,0,0,2
2024,PROV. JAWA BARAT,32,KAB. INDRAMAYU,3212,Negeri,127,17,13,10,14,15,196
2024,PROV. JAWA BARAT,32,KAB. INDRAMAYU,3212,Swasta,4,2,1,0,1,0,8
2024,PROV. JAWA BARAT,32,KAB. SUBANG,3213,Negeri,177,9,8,10,7,3,214
2024,PROV. JAWA BARAT,32,KAB. SUBANG,3213,Swasta,6,0,1,0,0,0,7
2024,PROV. JAWA BARAT,32,KAB. PURWAKARTA,3214,Swasta,4,0,0,0,0,0,4
2024,PROV. JAWA BARAT,32,KAB. PURWAKARTA,3214,Negeri,45,9,16,2,7,3,82
2024,PROV. JAWA BARAT,32,KAB. KARAWANG,3215,Negeri,298,44,14,22,12,15,405
2024,PROV. JAWA BARAT,32,KAB. KARAWANG,3215,Swasta,8,3,0,2,0,0,13
2024,PROV. JAWA BARAT,32,KAB. BEKASI,3216,Swasta,96,8,7,0,1,0,112
2024,PROV. JAWA BARAT,32,KAB. BEKASI,3216,Negeri,322,30,20,25,21,15,433
2024,PROV. JAWA BARAT,32,KAB. BANDUNG BARAT,3217,Negeri,151,16,8,5,4,4,188
2024,PROV. JAWA BARAT,32,KAB. BANDUNG BARAT,3217,Swasta,3,2,0,0,1,1,7
2024,PROV. JAWA BARAT,32,KAB. PANGANDARAN,3218,Swasta,1,0,0,0,0,0,1
2024,PROV. JAWA BARAT,32,KAB. PANGANDARAN,3218,Negeri,19,1,0,2,0,0,22
2024,PROV. JAWA BARAT,32,KOTA BOGOR,3271,Swasta,15,3,0,0,1,1,20
2024,PROV. JAWA BARAT,32,KOTA BOGOR,3271,Negeri,70,1,2,1,0,0,74
2024,PROV. JAWA BARAT,32,KOTA SUKABUMI,3272,Swasta,8,0,0,0,0,0,8
2024,PROV. JAWA BARAT,32,KOTA SUKABUMI,3272,Negeri,19,1,0,2,0,2,24
2024,PROV. JAWA BARAT,32,KOTA BANDUNG,3273,Swasta,17,5,0,1,2,0,25
2024,PROV. JAWA BARAT,32,KOTA BANDUNG,3273,Negeri,79,2,0,3,0,0,84
2024,PROV. JAWA BARAT,32,KOTA CIREBON,3274,Negeri,46,0,0,0,0,0,46
2024,PROV. JAWA BARAT,32,KOTA CIREBON,3274,Swasta,0,0,0,0,0,0,0
2024,PROV. JAWA BARAT,32,KOTA BEKASI,3275,Negeri,90,42,4,5,9,10,160
2024,PROV. JAWA BARAT,32,KOTA BEKASI,3275,Swasta,32,8,4,1,3,1,49
2024,PROV. JAWA BARAT,32,KOTA DEPOK,3276,Negeri,23,3,0,2,3,1,32
2024,PROV. JAWA BARAT,32,KOTA DEPOK,3276,Swasta,22,4,2,1,4,0,33
2024,PROV. JAWA BARAT,32,KOTA CIMAHI,3277,Negeri,20,1,2,0,1,0,24
2024,PROV. JAWA BARAT,32,KOTA CIMAHI,3277,Swasta,2,0,0,0,0,0,2
2024,PROV. JAWA BARAT,32,KOTA TASIKMALAYA,3278,Swasta,41,0,1,1,0,0,43
2024,PROV. JAWA BARAT,32,KOTA TASIKMALAYA,3278,Negeri,41,3,1,1,1,0,47
2024,PROV. JAWA BARAT,32,KOTA BANJAR,3279,Swasta,0,0,0,0,0,0,0
2024,PROV. JAWA BARAT,32,KOTA BANJAR,3279,Negeri,22,0,0,1,1,0,24
2024,PROV. JAWA TENGAH,33,KAB. CILACAP,3301,Negeri,53,4,0,1,3,3,64
2024,PROV. JAWA TENGAH,33,KAB. CILACAP,3301,Swasta,4,0,0,0,0,1,5
2024,PROV. JAWA TENGAH,33,KAB. BANYUMAS,3302,Swasta,4,2,0,0,0,0,6
2024,PROV. JAWA TENGAH,33,KAB. BANYUMAS,3302,Negeri,38,5,1,6,6,4,60
2024,PROV. JAWA TENGAH,33,KAB. PURBALINGGA,3303,Swasta,0,0,0,0,0,0,0
2024,PROV. JAWA TENGAH,33,KAB. PURBALINGGA,3303,Negeri,37,4,0,2,3,4,50
2024,PROV. JAWA TENGAH,33,KAB. BANJARNEGARA,3304,Swasta,1,1,0,0,0,0,2
2024,PROV. JAWA TENGAH,33,KAB. BANJARNEGARA,3304,Negeri,49,5,4,4,5,3,70
2024,PROV. JAWA TENGAH,33,KAB. KEBUMEN,3305,Negeri,11,1,2,0,3,2,19
2024,PROV. JAWA TENGAH,33,KAB. KEBUMEN,3305,Swasta,0,0,0,1,1,0,2
2024,PROV. JAWA TENGAH,33,KAB. PURWOREJO,3306,Negeri,10,0,0,0,2,0,12
2024,PROV. JAWA TENGAH,33,KAB. PURWOREJO,3306,Swasta,5,0,0,0,0,0,5
2024,PROV. JAWA TENGAH,33,KAB. WONOSOBO,3307,Swasta,0,0,0,0,0,0,0
2024,PROV. JAWA TENGAH,33,KAB. WONOSOBO,3307,Negeri,5,0,2,1,4,4,16
2024,PROV. JAWA TENGAH,33,KAB. MAGELANG,3308,Negeri,5,1,5,6,3,3,23
2024,PROV. JAWA TENGAH,33,KAB. MAGELANG,3308,Swasta,0,2,3,1,1,0,7
2024,PROV. JAWA TENGAH,33,KAB. BOYOLALI,3309,Swasta,1,2,0,0,1,0,4
2024,PROV. JAWA TENGAH,33,KAB. BOYOLALI,3309,Negeri,8,1,2,2,1,0,14
2024,PROV. JAWA TENGAH,33,KAB. KLATEN,3310,Negeri,11,3,0,1,2,1,18
2024,PROV. JAWA TENGAH,33,KAB. KLATEN,3310,Swasta,3,0,2,0,1,0,6
2024,PROV. JAWA TENGAH,33,KAB. SUKOHARJO,3311,Swasta,0,0,0,0,0,0,0
2024,PROV. JAWA TENGAH,33,KAB. SUKOHARJO,3311,Negeri,9,2,1,1,4,0,17
2024,PROV. JAWA TENGAH,33,KAB. WONOGIRI,3312,Swasta,3,0,0,0,0,0,3
2024,PROV. JAWA TENGAH,33,KAB. WONOGIRI,3312,Negeri,23,4,0,2,1,2,32
2024,PROV. JAWA TENGAH,33,KAB. KARANGANYAR,3313,Negeri,5,0,1,0,1,0,7
2024,PROV. JAWA TENGAH,33,KAB. KARANGANYAR,3313,Swasta,0,0,0,0,0,0,0
2024,PROV. JAWA TENGAH,33,KAB. SRAGEN,3314,Negeri,25,2,0,1,3,2,33
2024,PROV. JAWA TENGAH,33,KAB. SRAGEN,3314,Swasta,7,0,0,0,0,0,7
2024,PROV. JAWA TENGAH,33,KAB. GROBOGAN,3315,Swasta,4,1,0,0,0,0,5
2024,PROV. JAWA TENGAH,33,KAB. GROBOGAN,3315,Negeri,65,6,0,5,5,0,81
2024,PROV. JAWA TENGAH,33,KAB. BLORA,3316,Negeri,10,0,2,0,1,0,13
2024,PROV. JAWA TENGAH,33,KAB. BLORA,3316,Swasta,1,0,0,0,0,0,1
2024,PROV. JAWA TENGAH,33,KAB. REMBANG,3317,Negeri,5,1,1,1,0,0,8
2024,PROV. JAWA TENGAH,33,KAB. REMBANG,3317,Swasta,1,0,0,0,0,0,1
2024,PROV. JAWA TENGAH,33,KAB. PATI,3318,Negeri,10,2,2,0,0,1,15
2024,PROV. JAWA TENGAH,33,KAB. PATI,3318,Swasta,1,0,0,0,0,0,1
2024,PROV. JAWA TENGAH,33,KAB. KUDUS,3319,Swasta,3,0,0,0,0,0,3
2024,PROV. JAWA TENGAH,33,KAB. KUDUS,3319,Negeri,21,1,0,1,1,0,24
2024,PROV. JAWA TENGAH,33,KAB. JEPARA,3320,Swasta,3,0,0,0,0,0,3
2024,PROV. JAWA TENGAH,33,KAB. JEPARA,3320,Negeri,18,2,1,4,0,2,27
2024,PROV. JAWA TENGAH,33,KAB. DEMAK,3321,Negeri,25,0,1,5,1,3,35
2024,PROV. JAWA TENGAH,33,KAB. DEMAK,3321,Swasta,3,0,0,0,0,0,3
2024,PROV. JAWA TENGAH,33,KAB. SEMARANG,3322,Negeri,46,2,1,2,2,1,54
2024,PROV. JAWA TENGAH,33,KAB. SEMARANG,3322,Swasta,7,0,0,0,1,1,9
2024,PROV. JAWA TENGAH,33,KAB. TEMANGGUNG,3323,Swasta,0,1,1,0,1,1,4
2024,PROV. JAWA TENGAH,33,KAB. TEMANGGUNG,3323,Negeri,3,1,0,2,3,1,10
2024,PROV. JAWA TENGAH,33,KAB. KENDAL,3324,Swasta,3,1,0,0,0,0,4
2024,PROV. JAWA TENGAH,33,KAB. KENDAL,3324,Negeri,6,0,1,0,2,0,9
2024,PROV. JAWA TENGAH,33,KAB. BATANG,3325,Negeri,20,0,6,0,4,2,32
2024,PROV. JAWA TENGAH,33,KAB. BATANG,3325,Swasta,0,0,0,0,0,0,0
2024,PROV. JAWA TENGAH,33,KAB. PEKALONGAN,3326,Negeri,23,1,1,2,1,1,29
2024,PROV. JAWA TENGAH,33,KAB. PEKALONGAN,3326,Swasta,0,0,0,0,0,0,0
2024,PROV. JAWA TENGAH,33,KAB. PEMALANG,3327,Negeri,54,10,5,5,3,4,81
2024,PROV. JAWA TENGAH,33,KAB. PEMALANG,3327,Swasta,11,1,0,0,0,0,12
2024,PROV. JAWA TENGAH,33,KAB. TEGAL,3328,Swasta,1,1,0,2,1,2,7
2024,PROV. JAWA TENGAH,33,KAB. TEGAL,3328,Negeri,63,12,5,10,11,4,105
2024,PROV. JAWA TENGAH,33,KAB. BREBES,3329,Negeri,124,16,5,6,15,19,185
2024,PROV. JAWA TENGAH,33,KAB. BREBES,3329,Swasta,8,1,0,0,0,0,9
2024,PROV. JAWA TENGAH,33,KOTA MAGELANG,3371,Swasta,0,0,0,0,0,0,0
2024,PROV. JAWA TENGAH,33,KOTA MAGELANG,3371,Negeri,1,0,0,0,0,0,1
2024,PROV. JAWA TENGAH,33,KOTA SURAKARTA,3372,Swasta,8,0,0,0,1,0,9
2024,PROV. JAWA TENGAH,33,KOTA SURAKARTA,3372,Negeri,9,0,0,1,0,0,10
2024,PROV. JAWA TENGAH,33,KOTA SALATIGA,3373,Negeri,3,0,0,0,0,0,3
2024,PROV. JAWA TENGAH,33,KOTA SALATIGA,3373,Swasta,0,0,0,0,0,0,0
2024,PROV. JAWA TENGAH,33,KOTA SEMARANG,3374,Swasta,43,1,1,1,3,0,49
2024,PROV. JAWA TENGAH,33,KOTA SEMARANG,3374,Negeri,11,0,0,0,1,0,12
2024,PROV. JAWA TENGAH,33,KOTA PEKALONGAN,3375,Negeri,5,0,1,1,4,0,11
2024,PROV. JAWA TENGAH,33,KOTA PEKALONGAN,3375,Swasta,0,0,0,0,1,0,1
2024,PROV. JAWA TENGAH,33,KOTA TEGAL,3376,Swasta,0,0,0,0,0,0,0
2024,PROV. JAWA TENGAH,33,KOTA TEGAL,3376,Negeri,3,0,0,1,1,0,5
2024,PROV. D.I. YOGYAKARTA,34,KAB. KULON PROGO,3401,Negeri,5,1,0,2,0,1,9
2024,PROV. D.I. YOGYAKARTA,34,KAB. KULON PROGO,3401,Swasta,1,0,0,0,0,0,1
2024,PROV. D.I. YOGYAKARTA,34,KAB. BANTUL,3402,Swasta,11,0,0,0,0,0,11
2024,PROV. D.I. YOGYAKARTA,34,KAB. BANTUL,3402,Negeri,3,0,0,1,1,1,6
2024,PROV. D.I. YOGYAKARTA,34,KAB. GUNUNGKIDUL,3403,Swasta,0,0,0,0,0,0,0
2024,PROV. D.I. YOGYAKARTA,34,KAB. GUNUNGKIDUL,3403,Negeri,3,0,0,0,2,1,6
2024,PROV. D.I. YOGYAKARTA,34,KAB. SLEMAN,3404,Swasta,9,0,0,0,0,1,10
2024,PROV. D.I. YOGYAKARTA,34,KAB. SLEMAN,3404,Negeri,2,0,0,0,1,0,3
2024,PROV. D.I. YOGYAKARTA,34,KOTA YOGYAKARTA,3471,Swasta,3,0,0,0,0,1,4
2024,PROV. D.I. YOGYAKARTA,34,KOTA YOGYAKARTA,3471,Negeri,0,1,1,0,1,1,4
2024,PROV. JAWA TIMUR,35,KAB. PACITAN,3501,Negeri,15,1,1,1,3,1,22
2024,PROV. JAWA TIMUR,35,KAB. PACITAN,3501,Swasta,1,0,0,0,0,0,1
2024,PROV. JAWA TIMUR,35,KAB. PONOROGO,3502,Negeri,2,1,0,0,1,0,4
2024,PROV. JAWA TIMUR,35,KAB. PONOROGO,3502,Swasta,0,0,0,0,0,0,0
2024,PROV. JAWA TIMUR,35,KAB. TRENGGALEK,3503,Negeri,5,0,0,0,1,0,6
2024,PROV. JAWA TIMUR,35,KAB. TRENGGALEK,3503,Swasta,22,0,0,0,0,0,22
2024,PROV. JAWA TIMUR,35,KAB. TULUNGAGUNG,3504,Negeri,6,0,0,1,1,1,9
2024,PROV. JAWA TIMUR,35,KAB. TULUNGAGUNG,3504,Swasta,3,1,0,0,0,0,4
2024,PROV. JAWA TIMUR,35,KAB. BLITAR,3505,Swasta,1,0,0,0,0,0,1
2024,PROV. JAWA TIMUR,35,KAB. BLITAR,3505,Negeri,15,0,0,2,3,3,23
2024,PROV. JAWA TIMUR,35,KAB. KEDIRI,3506,Negeri,24,0,0,1,2,1,28
2024,PROV. JAWA TIMUR,35,KAB. KEDIRI,3506,Swasta,2,0,0,1,1,0,4
2024,PROV. JAWA TIMUR,35,KAB. MALANG,3507,Negeri,91,4,2,5,12,9,123
2024,PROV. JAWA TIMUR,35,KAB. MALANG,3507,Swasta,7,1,0,0,2,1,11
2024,PROV. JAWA TIMUR,35,KAB. LUMAJANG,3508,Negeri,24,5,1,0,2,4,36
2024,PROV. JAWA TIMUR,35,KAB. LUMAJANG,3508,Swasta,0,0,0,0,0,0,0
2024,PROV. JAWA TIMUR,35,KAB. JEMBER,3509,Negeri,125,13,11,12,16,14,191
2024,PROV. JAWA TIMUR,35,KAB. JEMBER,3509,Swasta,5,2,2,1,2,3,15
2024,PROV. JAWA TIMUR,35,KAB. BANYUWANGI,3510,Negeri,48,3,1,1,4,2,59
2024,PROV. JAWA TIMUR,35,KAB. BANYUWANGI,3510,Swasta,1,1,0,1,1,1,5
2024,PROV. JAWA TIMUR,35,KAB. BONDOWOSO,3511,Swasta,3,0,0,0,1,0,4
2024,PROV. JAWA TIMUR,35,KAB. BONDOWOSO,3511,Negeri,49,3,2,1,4,1,60
2024,PROV. JAWA TIMUR,35,KAB. SITUBONDO,3512,Swasta,0,0,0,0,3,1,4
2024,PROV. JAWA TIMUR,35,KAB. SITUBONDO,3512,Negeri,54,5,0,2,8,2,71
2024,PROV. JAWA TIMUR,35,KAB. PROBOLINGGO,3513,Negeri,18,5,2,8,3,3,39
2024,PROV. JAWA TIMUR,35,KAB. PROBOLINGGO,3513,Swasta,7,3,5,0,4,2,21
2024,PROV. JAWA TIMUR,35,KAB. PASURUAN,3514,Swasta,7,0,0,0,0,0,7
2024,PROV. JAWA TIMUR,35,KAB. PASURUAN,3514,Negeri,33,5,2,4,13,6,63
2024,PROV. JAWA TIMUR,35,KAB. SIDOARJO,3515,Negeri,23,7,4,7,6,4,51
2024,PROV. JAWA TIMUR,35,KAB. SIDOARJO,3515,Swasta,16,0,0,3,1,1,21
2024,PROV. JAWA TIMUR,35,KAB. MOJOKERTO,3516,Negeri,7,1,11,0,0,1,20
2024,PROV. JAWA TIMUR,35,KAB. MOJOKERTO,3516,Swasta,1,0,0,0,0,0,1
2024,PROV. JAWA TIMUR,35,KAB. JOMBANG,3517,Negeri,28,3,2,0,1,0,34
2024,PROV. JAWA TIMUR,35,KAB. JOMBANG,3517,Swasta,0,0,0,0,0,0,0
2024,PROV. JAWA TIMUR,35,KAB. NGANJUK,3518,Negeri,7,2,1,0,2,1,13
2024,PROV. JAWA TIMUR,35,KAB. NGANJUK,3518,Swasta,1,1,0,2,0,2,6
2024,PROV. JAWA TIMUR,35,KAB. MADIUN,3519,Negeri,16,1,0,0,0,0,17
2024,PROV. JAWA TIMUR,35,KAB. MADIUN,3519,Swasta,2,0,0,0,0,0,2
2024,PROV. JAWA TIMUR,35,KAB. MAGETAN,3520,Negeri,9,0,0,1,0,0,10
2024,PROV. JAWA TIMUR,35,KAB. MAGETAN,3520,Swasta,0,0,0,0,0,0,0
2024,PROV. JAWA TIMUR,35,KAB. NGAWI,3521,Negeri,19,1,2,0,0,2,24
2024,PROV. JAWA TIMUR,35,KAB. NGAWI,3521,Swasta,0,0,0,0,0,0,0
2024,PROV. JAWA TIMUR,35,KAB. BOJONEGORO,3522,Negeri,12,3,1,1,2,1,20
2024,PROV. JAWA TIMUR,35,KAB. BOJONEGORO,3522,Swasta,1,0,0,0,0,0,1
2024,PROV. JAWA TIMUR,35,KAB. TUBAN,3523,Swasta,2,0,0,0,0,0,2
2024,PROV. JAWA TIMUR,35,KAB. TUBAN,3523,Negeri,9,1,1,6,6,2,25
2024,PROV. JAWA TIMUR,35,KAB. LAMONGAN,3524,Negeri,11,2,1,0,0,0,14
2024,PROV. JAWA TIMUR,35,KAB. LAMONGAN,3524,Swasta,2,0,0,0,0,0,2
2024,PROV. JAWA TIMUR,35,KAB. GRESIK,3525,Negeri,21,5,4,0,2,1,33
2024,PROV. JAWA TIMUR,35,KAB. GRESIK,3525,Swasta,6,3,2,0,3,4,18
2024,PROV. JAWA TIMUR,35,KAB. BANGKALAN,3526,Swasta,42,16,18,13,7,3,99
2024,PROV. JAWA TIMUR,35,KAB. BANGKALAN,3526,Negeri,72,22,22,22,21,11,170
2024,PROV. JAWA TIMUR,35,KAB. SAMPANG,3527,Swasta,30,30,33,12,5,5,115
2024,PROV. JAWA TIMUR,35,KAB. SAMPANG,3527,Negeri,100,16,6,10,34,14,180
2024,PROV. JAWA TIMUR,35,KAB. PAMEKASAN,3528,Negeri,40,15,2,2,8,5,72
2024,PROV. JAWA TIMUR,35,KAB. PAMEKASAN,3528,Swasta,5,6,0,0,0,0,11
2024,PROV. JAWA TIMUR,35,KAB. SUMENEP,3529,Swasta,24,3,1,0,1,0,29
2024,PROV. JAWA TIMUR,35,KAB. SUMENEP,3529,Negeri,102,7,3,4,3,1,120
2024,PROV. JAWA TIMUR,35,KOTA KEDIRI,3571,Negeri,1,0,0,0,0,0,1
2024,PROV. JAWA TIMUR,35,KOTA KEDIRI,3571,Swasta,0,0,0,0,0,0,0
2024,PROV. JAWA TIMUR,35,KOTA BLITAR,3572,Swasta,1,1,0,0,0,0,2
2024,PROV. JAWA TIMUR,35,KOTA BLITAR,3572,Negeri,2,0,2,0,0,0,4
2024,PROV. JAWA TIMUR,35,KOTA MALANG,3573,Swasta,1,3,1,2,4,0,11
2024,PROV. JAWA TIMUR,35,KOTA MALANG,3573,Negeri,6,0,0,0,0,1,7
2024,PROV. JAWA TIMUR,35,KOTA PROBOLINGGO,3574,Negeri,3,0,0,0,0,0,3
2024,PROV. JAWA TIMUR,35,KOTA PROBOLINGGO,3574,Swasta,0,0,0,0,0,0,0
2024,PROV. JAWA TIMUR,35,KOTA PASURUAN,3575,Negeri,0,0,0,0,0,1,1
2024,PROV. JAWA TIMUR,35,KOTA PASURUAN,3575,Swasta,0,1,0,0,0,1,2
2024,PROV. JAWA TIMUR,35,KOTA MOJOKERTO,3576,Negeri,0,0,0,0,0,0,0
2024,PROV. JAWA TIMUR,35,KOTA MOJOKERTO,3576,Swasta,1,0,0,0,0,0,1
2024,PROV. JAWA TIMUR,35,KOTA MADIUN,3577,Swasta,2,1,0,0,0,0,3
2024,PROV. JAWA TIMUR,35,KOTA MADIUN,3577,Negeri,1,0,0,0,0,0,1
2024,PROV. JAWA TIMUR,35,KOTA SURABAYA,3578,Swasta,60,8,8,5,11,5,97
2024,PROV. JAWA TIMUR,35,KOTA SURABAYA,3578,Negeri,50,4,5,1,2,0,62
2024,PROV. JAWA TIMUR,35,KOTA BATU,3579,Negeri,2,0,0,0,0,0,2
2024,PROV. JAWA TIMUR,35,KOTA BATU,3579,Swasta,0,0,0,0,0,1,1
2024,PROV. BANTEN,36,KAB. PANDEGLANG,3601,Swasta,4,1,1,0,0,0,6
2024,PROV. BANTEN,36,KAB. PANDEGLANG,3601,Negeri,165,32,25,23,17,15,277
2024,PROV. BANTEN,36,KAB. LEBAK,3602,Negeri,235,17,14,6,24,4,300
2024,PROV. BANTEN,36,KAB. LEBAK,3602,Swasta,9,3,1,0,1,0,14
2024,PROV. BANTEN,36,KAB. TANGERANG,3603,Swasta,44,15,14,14,6,20,113
2024,PROV. BANTEN,36,KAB. TANGERANG,3603,Negeri,350,45,20,25,20,17,477
2024,PROV. BANTEN,36,KAB. SERANG,3604,Swasta,32,0,1,0,0,0,33
2024,PROV. BANTEN,36,KAB. SERANG,3604,Negeri,163,14,13,9,7,8,214
2024,PROV. BANTEN,36,KOTA TANGERANG,3671,Swasta,4,4,3,1,1,0,13
2024,PROV. BANTEN,36,KOTA TANGERANG,3671,Negeri,72,1,1,1,2,4,81
2024,PROV. BANTEN,36,KOTA CILEGON,3672,Negeri,8,0,2,1,3,2,16
2024,PROV. BANTEN,36,KOTA CILEGON,3672,Swasta,1,0,0,0,0,0,1
2024,PROV. BANTEN,36,KOTA SERANG,3673,Swasta,10,1,0,2,0,0,13
2024,PROV. BANTEN,36,KOTA SERANG,3673,Negeri,61,6,3,3,8,8,89
2024,PROV. BANTEN,36,KOTA TANGERANG SELATAN,3674,Negeri,68,15,4,2,3,6,98
2024,PROV. BANTEN,36,KOTA TANGERANG SELATAN,3674,Swasta,19,6,1,2,1,0,29
2024,PROV. BALI,51,KAB. JEMBRANA,5101,Swasta,0,0,0,0,0,0,0
2024,PROV. BALI,51,KAB. JEMBRANA,5101,Negeri,2,0,0,0,0,0,2
2024,PROV. BALI,51,KAB. TABANAN,5102,Swasta,5,0,0,0,0,0,5
2024,PROV. BALI,51,KAB. TABANAN,5102,Negeri,5,1,0,1,1,0,8
2024,PROV. BALI,51,KAB. BADUNG,5103,Swasta,2,0,2,0,1,2,7
2024,PROV. BALI,51,KAB. BADUNG,5103,Negeri,3,2,0,1,2,1,9
2024,PROV. BALI,51,KAB. GIANYAR,5104,Swasta,3,0,0,0,0,0,3
2024,PROV. BALI,51,KAB. GIANYAR,5104,Negeri,6,0,0,0,1,1,8
2024,PROV. BALI,51,KAB. KLUNGKUNG,5105,Swasta,0,0,0,0,0,0,0
2024,PROV. BALI,51,KAB. KLUNGKUNG,5105,Negeri,1,1,0,0,0,0,2
2024,PROV. BALI,51,KAB. BANGLI,5106,Negeri,4,0,0,0,0,3,7
2024,PROV. BALI,51,KAB. BANGLI,5106,Swasta,0,0,0,0,0,0,0
2024,PROV. BALI,51,KAB. KARANGASEM,5107,Negeri,10,4,4,7,16,11,52
2024,PROV. BALI,51,KAB. KARANGASEM,5107,Swasta,0,0,0,0,0,0,0
2024,PROV. BALI,51,KAB. BULELENG,5108,Swasta,0,0,0,0,0,0,0
2024,PROV. BALI,51,KAB. BULELENG,5108,Negeri,5,0,1,0,1,2,9
2024,PROV. BALI,51,KOTA DENPASAR,5171,Swasta,0,1,2,9,0,2,14
2024,PROV. BALI,51,KOTA DENPASAR,5171,Negeri,5,1,2,1,1,0,10
2024,PROV. NUSA TENGGARA BARAT,52,KAB. LOMBOK BARAT,5201,Swasta,5,0,0,1,0,1,7
2024,PROV. NUSA TENGGARA BARAT,52,KAB. LOMBOK BARAT,5201,Negeri,63,12,6,4,7,2,94
2024,PROV. NUSA TENGGARA BARAT,52,KAB. LOMBOK TENGAH,5202,Negeri,99,26,22,15,29,12,203
2024,PROV. NUSA TENGGARA BARAT,52,KAB. LOMBOK TENGAH,5202,Swasta,15,18,6,4,3,2,48
2024,PROV. NUSA TENGGARA BARAT,52,KAB. LOMBOK TIMUR,5203,Swasta,9,7,6,1,4,1,28
2024,PROV. NUSA TENGGARA BARAT,52,KAB. LOMBOK TIMUR,5203,Negeri,89,7,3,2,9,3,113
2024,PROV. NUSA TENGGARA BARAT,52,KAB. SUMBAWA,5204,Swasta,0,0,0,1,0,0,1
2024,PROV. NUSA TENGGARA BARAT,52,KAB. SUMBAWA,5204,Negeri,51,1,4,1,1,4,62
2024,PROV. NUSA TENGGARA BARAT,52,KAB. DOMPU,5205,Swasta,3,0,0,1,1,1,6
2024,PROV. NUSA TENGGARA BARAT,52,KAB. DOMPU,5205,Negeri,44,17,8,19,33,28,149
2024,PROV. NUSA TENGGARA BARAT,52,KAB. BIMA,5206,Negeri,114,22,16,9,13,36,210
2024,PROV. NUSA TENGGARA BARAT,52,KAB. BIMA,5206,Swasta,10,2,0,1,1,0,14
2024,PROV. NUSA TENGGARA BARAT,52,KAB. SUMBAWA BARAT,5207,Negeri,4,0,0,0,2,0,6
2024,PROV. NUSA TENGGARA BARAT,52,KAB. SUMBAWA BARAT,5207,Swasta,5,0,0,1,1,0,7
2024,PROV. NUSA TENGGARA BARAT,52,KAB. LOMBOK UTARA,5208,Swasta,0,0,0,0,0,2,2
2024,PROV. NUSA TENGGARA BARAT,52,KAB. LOMBOK UTARA,5208,Negeri,42,1,2,1,4,2,52
2024,PROV. NUSA TENGGARA BARAT,52,KOTA MATARAM,5271,Negeri,9,1,0,2,2,1,15
2024,PROV. NUSA TENGGARA BARAT,52,KOTA MATARAM,5271,Swasta,5,1,0,0,0,0,6
2024,PROV. NUSA TENGGARA BARAT,52,KOTA BIMA,5272,Swasta,2,1,1,0,1,0,5
2024,PROV. NUSA TENGGARA BARAT,52,KOTA BIMA,5272,Negeri,26,2,3,1,5,3,40
2024,PROV. NUSA TENGGARA TIMUR,53,KAB. KUPANG,5301,Swasta,8,4,6,2,1,1,22
2024,PROV. NUSA TENGGARA TIMUR,53,KAB. KUPANG,5301,Negeri,26,7,8,8,22,5,76
2024,PROV. NUSA TENGGARA TIMUR,53,KAB. TIMOR TENGAH SELATAN,5302,Negeri,53,37,24,25,34,33,206
2024,PROV. NUSA TENGGARA TIMUR,53,KAB. TIMOR TENGAH SELATAN,5302,Swasta,12,14,8,1,13,5,53
2024,PROV. NUSA TENGGARA TIMUR,53,KAB. TIMOR TENGAH UTARA,5303,Swasta,22,5,4,2,0,3,36
2024,PROV. NUSA TENGGARA TIMUR,53,KAB. TIMOR TENGAH UTARA,5303,Negeri,16,5,6,3,9,4,43
2024,PROV. NUSA TENGGARA TIMUR,53,KAB. BELU,5304,Negeri,15,13,7,6,12,11,64
2024,PROV. NUSA TENGGARA TIMUR,53,KAB. BELU,5304,Swasta,11,1,2,2,3,1,20
2024,PROV. NUSA TENGGARA TIMUR,53,KAB. ALOR,5305,Negeri,32,16,12,16,11,17,104
2024,PROV. NUSA TENGGARA TIMUR,53,KAB. ALOR,5305,Swasta,11,4,5,3,8,1,32
2024,PROV. NUSA TENGGARA TIMUR,53,KAB. FLORES TIMUR,5306,Negeri,25,3,3,5,5,6,47
2024,PROV. NUSA TENGGARA TIMUR,53,KAB. FLORES TIMUR,5306,Swasta,15,5,2,3,5,1,31
2024,PROV. NUSA TENGGARA TIMUR,53,KAB. SIKKA,5307,Negeri,42,14,3,7,21,11,98
2024,PROV. NUSA TENGGARA TIMUR,53,KAB. SIKKA,5307,Swasta,20,4,6,2,12,8,52
2024,PROV. NUSA TENGGARA TIMUR,53,KAB. ENDE,5308,Negeri,18,4,0,3,4,1,30
2024,PROV. NUSA TENGGARA TIMUR,53,KAB. ENDE,5308,Swasta,7,8,1,3,2,4,25
2024,PROV. NUSA TENGGARA TIMUR,53,KAB. NGADA,5309,Negeri,13,2,0,0,0,2,17
2024,PROV. NUSA TENGGARA TIMUR,53,KAB. NGADA,5309,Swasta,1,3,2,4,0,4,14
2024,PROV. NUSA TENGGARA TIMUR,53,KAB. MANGGARAI,5310,Negeri,38,11,3,2,7,6,67
2024,PROV. NUSA TENGGARA TIMUR,53,KAB. MANGGARAI,5310,Swasta,20,3,1,1,2,4,31
2024,PROV. NUSA TENGGARA TIMUR,53,KAB. SUMBA TIMUR,5311,Negeri,32,3,4,2,6,4,51
2024,PROV. NUSA TENGGARA TIMUR,53,KAB. SUMBA TIMUR,5311,Swasta,4,2,4,2,13,3,28
2024,PROV. NUSA TENGGARA TIMUR,53,KAB. SUMBA BARAT,5312,Swasta,31,3,0,1,3,2,40
2024,PROV. NUSA TENGGARA TIMUR,53,KAB. SUMBA BARAT,5312,Negeri,16,2,0,2,7,3,30
2024,PROV. NUSA TENGGARA TIMUR,53,KAB. LEMBATA,5313,Negeri,8,4,0,1,5,4,22
2024,PROV. NUSA TENGGARA TIMUR,53,KAB. LEMBATA,5313,Swasta,1,1,1,0,0,4,7
2024,PROV. NUSA TENGGARA TIMUR,53,KAB. ROTE NDAO,5314,Negeri,31,0,0,0,4,29,64
2024,PROV. NUSA TENGGARA TIMUR,53,KAB. ROTE NDAO,5314,Swasta,2,0,0,0,0,0,2
2024,PROV. NUSA TENGGARA TIMUR,53,KAB. MANGGARAI BARAT,5315,Negeri,12,5,5,17,2,4,45
2024,PROV. NUSA TENGGARA TIMUR,53,KAB. MANGGARAI BARAT,5315,Swasta,18,6,0,0,0,0,24
2024,PROV. NUSA TENGGARA TIMUR,53,KAB. NAGEKEO,5316,Negeri,14,0,0,3,4,1,22
2024,PROV. NUSA TENGGARA TIMUR,53,KAB. NAGEKEO,5316,Swasta,3,1,0,0,1,1,6
2024,PROV. NUSA TENGGARA TIMUR,53,KAB. SUMBA TENGAH,5317,Swasta,1,0,0,0,5,0,6
2024,PROV. NUSA TENGGARA TIMUR,53,KAB. SUMBA TENGAH,5317,Negeri,1,0,0,0,1,0,2
2024,PROV. NUSA TENGGARA TIMUR,53,KAB. SUMBA BARAT DAYA,5318,Swasta,116,94,50,57,74,42,433
2024,PROV. NUSA TENGGARA TIMUR,53,KAB. SUMBA BARAT DAYA,5318,Negeri,98,49,56,66,135,88,492
2024,PROV. NUSA TENGGARA TIMUR,53,KAB. MANGGARAI TIMUR,5319,Swasta,3,1,1,3,3,2,13
2024,PROV. NUSA TENGGARA TIMUR,53,KAB. MANGGARAI TIMUR,5319,Negeri,35,8,1,1,4,1,50
2024,PROV. NUSA TENGGARA TIMUR,53,KAB. SABU RAIJUA,5320,Swasta,24,2,0,1,0,0,27
2024,PROV. NUSA TENGGARA TIMUR,53,KAB. SABU RAIJUA,5320,Negeri,31,3,2,0,1,0,37
2024,PROV. NUSA TENGGARA TIMUR,53,KAB. MALAKA,5321,Negeri,65,9,12,23,6,8,123
2024,PROV. NUSA TENGGARA TIMUR,53,KAB. MALAKA,5321,Swasta,24,12,5,10,26,8,85
2024,PROV. NUSA TENGGARA TIMUR,53,KOTA KUPANG,5371,Negeri,34,2,3,1,6,1,47
2024,PROV. NUSA TENGGARA TIMUR,53,KOTA KUPANG,5371,Swasta,25,12,1,0,3,0,41
2024,PROV. KALIMANTAN BARAT,61,KAB. SAMBAS,6101,Swasta,4,0,0,0,0,0,4
2024,PROV. KALIMANTAN BARAT,61,KAB. SAMBAS,6101,Negeri,73,11,6,5,7,6,108
2024,PROV. KALIMANTAN BARAT,61,KAB. MEMPAWAH,6102,Negeri,31,4,0,1,1,2,39
2024,PROV. KALIMANTAN BARAT,61,KAB. MEMPAWAH,6102,Swasta,0,0,0,0,0,0,0
2024,PROV. KALIMANTAN BARAT,61,KAB. SANGGAU,6103,Negeri,41,6,6,3,23,2,81
2024,PROV. KALIMANTAN BARAT,61,KAB. SANGGAU,6103,Swasta,0,0,0,0,0,0,0
2024,PROV. KALIMANTAN BARAT,61,KAB. KETAPANG,6104,Swasta,5,2,0,1,1,1,10
2024,PROV. KALIMANTAN BARAT,61,KAB. KETAPANG,6104,Negeri,74,9,8,13,27,19,150
2024,PROV. KALIMANTAN BARAT,61,KAB. SINTANG,6105,Swasta,2,1,0,0,0,0,3
2024,PROV. KALIMANTAN BARAT,61,KAB. SINTANG,6105,Negeri,45,13,8,9,31,9,115
2024,PROV. KALIMANTAN BARAT,61,KAB. KAPUAS HULU,6106,Swasta,0,1,2,0,3,2,8
2024,PROV. KALIMANTAN BARAT,61,KAB. KAPUAS HULU,6106,Negeri,24,3,3,5,7,6,48
2024,PROV. KALIMANTAN BARAT,61,KAB. BENGKAYANG,6107,Swasta,0,0,0,0,0,0,0
2024,PROV. KALIMANTAN BARAT,61,KAB. BENGKAYANG,6107,Negeri,13,5,2,3,6,4,33
2024,PROV. KALIMANTAN BARAT,61,KAB. LANDAK,6108,Swasta,0,0,0,0,0,0,0
2024,PROV. KALIMANTAN BARAT,61,KAB. LANDAK,6108,Negeri,12,4,0,0,8,1,25
2024,PROV. KALIMANTAN BARAT,61,KAB. SEKADAU,6109,Negeri,32,5,6,2,10,4,59
2024,PROV. KALIMANTAN BARAT,61,KAB. SEKADAU,6109,Swasta,0,0,0,0,0,0,0
2024,PROV. KALIMANTAN BARAT,61,KAB. MELAWI,6110,Swasta,0,1,0,0,0,0,1
2024,PROV. KALIMANTAN BARAT,61,KAB. MELAWI,6110,Negeri,40,6,5,7,12,5,75
2024,PROV. KALIMANTAN BARAT,61,KAB. KAYONG UTARA,6111,Negeri,30,9,5,7,7,16,74
2024,PROV. KALIMANTAN BARAT,61,KAB. KAYONG UTARA,6111,Swasta,0,0,0,0,0,0,0
2024,PROV. KALIMANTAN BARAT,61,KAB. KUBU RAYA,6112,Swasta,2,1,0,0,1,5,9
2024,PROV. KALIMANTAN BARAT,61,KAB. KUBU RAYA,6112,Negeri,23,6,3,6,12,4,54
2024,PROV. KALIMANTAN BARAT,61,KOTA PONTIANAK,6171,Swasta,14,4,0,0,2,0,20
2024,PROV. KALIMANTAN BARAT,61,KOTA PONTIANAK,6171,Negeri,54,7,7,6,16,6,96
2024,PROV. KALIMANTAN BARAT,61,KOTA SINGKAWANG,6172,Negeri,11,5,1,1,5,2,25
2024,PROV. KALIMANTAN BARAT,61,KOTA SINGKAWANG,6172,Swasta,6,0,0,0,0,0,6
2024,PROV. KALIMANTAN TENGAH,62,KAB. KOTAWARINGIN BARAT,6201,Negeri,4,2,0,1,5,3,15
2024,PROV. KALIMANTAN TENGAH,62,KAB. KOTAWARINGIN BARAT,6201,Swasta,2,0,0,1,0,0,3
2024,PROV. KALIMANTAN TENGAH,62,KAB. KOTAWARINGIN TIMUR,6202,Negeri,12,5,1,6,11,10,45
2024,PROV. KALIMANTAN TENGAH,62,KAB. KOTAWARINGIN TIMUR,6202,Swasta,8,5,0,6,6,1,26
2024,PROV. KALIMANTAN TENGAH,62,KAB. KAPUAS,6203,Swasta,1,3,0,2,1,0,7
2024,PROV. KALIMANTAN TENGAH,62,KAB. KAPUAS,6203,Negeri,50,14,10,14,18,8,114
2024,PROV. KALIMANTAN TENGAH,62,KAB. BARITO SELATAN,6204,Swasta,0,0,0,0,0,0,0
2024,PROV. KALIMANTAN TENGAH,62,KAB. BARITO SELATAN,6204,Negeri,7,1,1,0,1,0,10
2024,PROV. KALIMANTAN TENGAH,62,KAB. BARITO UTARA,6205,Negeri,9,0,1,3,3,4,20
2024,PROV. KALIMANTAN TENGAH,62,KAB. BARITO UTARA,6205,Swasta,0,0,0,0,0,0,0
2024,PROV. KALIMANTAN TENGAH,62,KAB. KATINGAN,6206,Negeri,10,4,1,1,5,1,22
2024,PROV. KALIMANTAN TENGAH,62,KAB. KATINGAN,6206,Swasta,0,0,0,0,0,0,0
2024,PROV. KALIMANTAN TENGAH,62,KAB. SERUYAN,6207,Negeri,9,3,7,1,4,9,33
2024,PROV. KALIMANTAN TENGAH,62,KAB. SERUYAN,6207,Swasta,2,0,1,0,1,1,5
2024,PROV. KALIMANTAN TENGAH,62,KAB. SUKAMARA,6208,Negeri,5,0,0,1,0,1,7
2024,PROV. KALIMANTAN TENGAH,62,KAB. SUKAMARA,6208,Swasta,0,0,0,0,0,0,0
2024,PROV. KALIMANTAN TENGAH,62,KAB. LAMANDAU,6209,Negeri,2,0,3,6,2,3,16
2024,PROV. KALIMANTAN TENGAH,62,KAB. LAMANDAU,6209,Swasta,2,0,0,1,1,1,5
2024,PROV. KALIMANTAN TENGAH,62,KAB. GUNUNG MAS,6210,Negeri,4,0,0,1,3,5,13
2024,PROV. KALIMANTAN TENGAH,62,KAB. GUNUNG MAS,6210,Swasta,0,0,0,1,0,1,2
2024,PROV. KALIMANTAN TENGAH,62,KAB. PULANG PISAU,6211,Swasta,3,3,1,1,1,0,9
2024,PROV. KALIMANTAN TENGAH,62,KAB. PULANG PISAU,6211,Negeri,6,0,0,0,5,2,13
2024,PROV. KALIMANTAN TENGAH,62,KAB. MURUNG RAYA,6212,Swasta,2,0,0,0,0,0,2
2024,PROV. KALIMANTAN TENGAH,62,KAB. MURUNG RAYA,6212,Negeri,8,3,3,3,7,3,27
2024,PROV. KALIMANTAN TENGAH,62,KAB. BARITO TIMUR,6213,Negeri,5,0,2,0,2,1,10
2024,PROV. KALIMANTAN TENGAH,62,KAB. BARITO TIMUR,6213,Swasta,0,0,0,0,0,0,0
2024,PROV. KALIMANTAN TENGAH,62,KOTA PALANGKA RAYA,6271,Negeri,20,0,0,0,5,0,25
2024,PROV. KALIMANTAN TENGAH,62,KOTA PALANGKA RAYA,6271,Swasta,3,1,0,0,0,0,4
2024,PROV. KALIMANTAN SELATAN,63,KAB. TANAH LAUT,6301,Swasta,1,0,0,0,0,0,1
2024,PROV. KALIMANTAN SELATAN,63,KAB. TANAH LAUT,6301,Negeri,6,4,2,3,12,6,33
2024,PROV. KALIMANTAN SELATAN,63,KAB. KOTABARU,6302,Swasta,0,0,0,0,0,0,0
2024,PROV. KALIMANTAN SELATAN,63,KAB. KOTABARU,6302,Negeri,8,3,1,1,6,1,20
2024,PROV. KALIMANTAN SELATAN,63,KAB. BANJAR,6303,Swasta,0,0,0,0,0,0,0
2024,PROV. KALIMANTAN SELATAN,63,KAB. BANJAR,6303,Negeri,18,1,7,6,15,0,47
2024,PROV. KALIMANTAN SELATAN,63,KAB. BARITO KUALA,6304,Swasta,0,0,0,0,0,0,0
2024,PROV. KALIMANTAN SELATAN,63,KAB. BARITO KUALA,6304,Negeri,36,10,4,16,6,8,80
2024,PROV. KALIMANTAN SELATAN,63,KAB. TAPIN,6305,Negeri,5,1,3,2,4,1,16
2024,PROV. KALIMANTAN SELATAN,63,KAB. TAPIN,6305,Swasta,0,0,0,0,0,0,0
2024,PROV. KALIMANTAN SELATAN,63,KAB. HULU SUNGAI SELATAN,6306,Negeri,9,0,1,2,3,3,18
2024,PROV. KALIMANTAN SELATAN,63,KAB. HULU SUNGAI SELATAN,6306,Swasta,1,0,0,1,0,0,2
2024,PROV. KALIMANTAN SELATAN,63,KAB. HULU SUNGAI TENGAH,6307,Swasta,0,0,0,0,0,0,0
2024,PROV. KALIMANTAN SELATAN,63,KAB. HULU SUNGAI TENGAH,6307,Negeri,10,2,2,1,2,1,18
2024,PROV. KALIMANTAN SELATAN,63,KAB. HULU SUNGAI UTARA,6308,Swasta,0,0,0,0,0,1,1
2024,PROV. KALIMANTAN SELATAN,63,KAB. HULU SUNGAI UTARA,6308,Negeri,13,1,3,5,1,1,24
2024,PROV. KALIMANTAN SELATAN,63,KAB. TABALONG,6309,Swasta,1,0,0,0,0,0,1
2024,PROV. KALIMANTAN SELATAN,63,KAB. TABALONG,6309,Negeri,4,0,1,0,2,2,9
2024,PROV. KALIMANTAN SELATAN,63,KAB. TANAH BUMBU,6310,Swasta,1,1,1,0,5,3,11
2024,PROV. KALIMANTAN SELATAN,63,KAB. TANAH BUMBU,6310,Negeri,6,3,1,1,4,4,19
2024,PROV. KALIMANTAN SELATAN,63,KAB. BALANGAN,6311,Swasta,0,0,0,0,0,0,0
2024,PROV. KALIMANTAN SELATAN,63,KAB. BALANGAN,6311,Negeri,10,3,0,1,1,0,15
2024,PROV. KALIMANTAN SELATAN,63,KOTA BANJARMASIN,6371,Negeri,13,3,6,6,10,0,38
2024,PROV. KALIMANTAN SELATAN,63,KOTA BANJARMASIN,6371,Swasta,10,0,0,1,2,0,13
2024,PROV. KALIMANTAN SELATAN,63,KOTA BANJARBARU,6372,Negeri,4,1,1,3,0,0,9
2024,PROV. KALIMANTAN SELATAN,63,KOTA BANJARBARU,6372,Swasta,0,0,1,0,0,0,1
2024,PROV. KALIMANTAN TIMUR,64,KAB. PASER,6401,Negeri,11,2,7,4,3,4,31
2024,PROV. KALIMANTAN TIMUR,64,KAB. PASER,6401,Swasta,2,0,0,0,0,0,2
2024,PROV. KALIMANTAN TIMUR,64,KAB. KUTAI KARTANEGARA,6402,Swasta,5,1,0,1,0,0,7
2024,PROV. KALIMANTAN TIMUR,64,KAB. KUTAI KARTANEGARA,6402,Negeri,104,6,7,4,10,7,138
2024,PROV. KALIMANTAN TIMUR,64,KAB. BERAU,6403,Negeri,18,1,4,3,8,7,41
2024,PROV. KALIMANTAN TIMUR,64,KAB. BERAU,6403,Swasta,1,0,0,0,0,0,1
2024,PROV. KALIMANTAN TIMUR,64,KAB. KUTAI BARAT,6407,Swasta,1,0,1,0,0,0,2
2024,PROV. KALIMANTAN TIMUR,64,KAB. KUTAI BARAT,6407,Negeri,13,3,1,2,2,2,23
2024,PROV. KALIMANTAN TIMUR,64,KAB. KUTAI TIMUR,6408,Negeri,40,15,3,16,7,19,100
2024,PROV. KALIMANTAN TIMUR,64,KAB. KUTAI TIMUR,6408,Swasta,4,0,3,0,7,1,15
2024,PROV. KALIMANTAN TIMUR,64,KAB. PENAJAM PASER UTARA,6409,Negeri,24,4,2,1,2,2,35
2024,PROV. KALIMANTAN TIMUR,64,KAB. PENAJAM PASER UTARA,6409,Swasta,3,0,0,0,0,0,3
2024,PROV. KALIMANTAN TIMUR,64,KAB. MAHAKAM ULU,6411,Negeri,2,0,0,1,5,3,11
2024,PROV. KALIMANTAN TIMUR,64,KAB. MAHAKAM ULU,6411,Swasta,0,0,0,0,0,0,0
2024,PROV. KALIMANTAN TIMUR,64,KOTA BALIKPAPAN,6471,Swasta,8,6,5,3,1,0,23
2024,PROV. KALIMANTAN TIMUR,64,KOTA BALIKPAPAN,6471,Negeri,45,2,4,3,1,1,56
2024,PROV. KALIMANTAN TIMUR,64,KOTA SAMARINDA,6472,Negeri,39,2,1,3,2,1,48
2024,PROV. KALIMANTAN TIMUR,64,KOTA SAMARINDA,6472,Swasta,5,0,2,0,0,1,8
2024,PROV. KALIMANTAN TIMUR,64,KOTA BONTANG,6474,Negeri,3,0,0,0,3,0,6
2024,PROV. KALIMANTAN TIMUR,64,KOTA BONTANG,6474,Swasta,0,0,0,0,0,0,0
2024,PROV. KALIMANTAN UTARA,65,KAB. BULUNGAN,6501,Negeri,9,0,1,0,3,1,14
2024,PROV. KALIMANTAN UTARA,65,KAB. BULUNGAN,6501,Swasta,0,0,0,0,0,0,0
2024,PROV. KALIMANTAN UTARA,65,KAB. MALINAU,6502,Swasta,0,1,0,0,0,0,1
2024,PROV. KALIMANTAN UTARA,65,KAB. MALINAU,6502,Negeri,5,6,1,2,5,2,21
2024,PROV. KALIMANTAN UTARA,65,KAB. NUNUKAN,6503,Negeri,37,8,4,4,6,4,63
2024,PROV. KALIMANTAN UTARA,65,KAB. NUNUKAN,6503,Swasta,15,3,1,1,1,2,23
2024,PROV. KALIMANTAN UTARA,65,KAB. TANA TIDUNG,6504,Swasta,2,0,0,0,0,0,2
2024,PROV. KALIMANTAN UTARA,65,KAB. TANA TIDUNG,6504,Negeri,0,0,0,0,1,0,1
2024,PROV. KALIMANTAN UTARA,65,KOTA TARAKAN,6571,Negeri,10,0,0,1,2,2,15
2024,PROV. KALIMANTAN UTARA,65,KOTA TARAKAN,6571,Swasta,3,2,1,1,1,0,8
2024,PROV. SULAWESI UTARA,71,KAB. BOLAANG MONGONDOW,7101,Swasta,0,0,0,1,0,0,1
2024,PROV. SULAWESI UTARA,71,KAB. BOLAANG MONGONDOW,7101,Negeri,7,7,3,0,2,1,20
2024,PROV. SULAWESI UTARA,71,KAB. MINAHASA,7102,Swasta,21,1,5,3,5,0,35
2024,PROV. SULAWESI UTARA,71,KAB. MINAHASA,7102,Negeri,16,17,12,14,4,3,66
2024,PROV. SULAWESI UTARA,71,KAB. KEPULAUAN SANGIHE,7103,Swasta,0,1,0,1,4,1,7
2024,PROV. SULAWESI UTARA,71,KAB. KEPULAUAN SANGIHE,7103,Negeri,14,0,2,0,3,0,19
2024,PROV. SULAWESI UTARA,71,KAB. KEPULAUAN TALAUD,7104,Negeri,4,2,1,0,2,1,10
2024,PROV. SULAWESI UTARA,71,KAB. KEPULAUAN TALAUD,7104,Swasta,10,0,1,3,1,2,17
2024,PROV. SULAWESI UTARA,71,KAB. MINAHASA SELATAN,7105,Swasta,9,4,2,2,6,2,25
2024,PROV. SULAWESI UTARA,71,KAB. MINAHASA SELATAN,7105,Negeri,11,4,3,4,2,1,25
2024,PROV. SULAWESI UTARA,71,KAB. MINAHASA UTARA,7106,Swasta,3,2,0,0,3,0,8
2024,PROV. SULAWESI UTARA,71,KAB. MINAHASA UTARA,7106,Negeri,8,4,4,0,6,6,28
2024,PROV. SULAWESI UTARA,71,KAB. MINAHASA TENGGARA,7107,Swasta,1,0,0,2,0,0,3
2024,PROV. SULAWESI UTARA,71,KAB. MINAHASA TENGGARA,7107,Negeri,1,0,1,2,4,1,9
2024,PROV. SULAWESI UTARA,71,KAB. BOLAANG MONGONDOW UTARA,7108,Swasta,0,0,0,0,0,0,0
2024,PROV. SULAWESI UTARA,71,KAB. BOLAANG MONGONDOW UTARA,7108,Negeri,14,4,0,2,0,0,20
2024,PROV. SULAWESI UTARA,71,KAB. KEP. SIAU TAGULANDANG BIARO,7109,Swasta,1,0,0,0,0,2,3
2024,PROV. SULAWESI UTARA,71,KAB. KEP. SIAU TAGULANDANG BIARO,7109,Negeri,3,1,0,0,0,1,5
2024,PROV. SULAWESI UTARA,71,KAB. BOLAANG MONGONDOW TIMUR,7110,Swasta,0,0,0,0,1,0,1
2024,PROV. SULAWESI UTARA,71,KAB. BOLAANG MONGONDOW TIMUR,7110,Negeri,4,2,1,0,0,0,7
2024,PROV. SULAWESI UTARA,71,KAB. BOLAANG MONGONDOW SELATAN,7111,Negeri,4,0,0,2,5,3,14
2024,PROV. SULAWESI UTARA,71,KAB. BOLAANG MONGONDOW SELATAN,7111,Swasta,0,0,0,1,0,0,1
2024,PROV. SULAWESI UTARA,71,KOTA MANADO,7171,Swasta,23,10,8,4,4,4,53
2024,PROV. SULAWESI UTARA,71,KOTA MANADO,7171,Negeri,20,5,2,5,12,5,49
2024,PROV. SULAWESI UTARA,71,KOTA BITUNG,7172,Swasta,4,0,0,1,0,1,6
2024,PROV. SULAWESI UTARA,71,KOTA BITUNG,7172,Negeri,5,0,0,0,1,0,6
2024,PROV. SULAWESI UTARA,71,KOTA TOMOHON,7173,Swasta,0,0,0,0,1,0,1
2024,PROV. SULAWESI UTARA,71,KOTA TOMOHON,7173,Negeri,0,0,0,0,1,0,1
2024,PROV. SULAWESI UTARA,71,KOTA KOTAMOBAGU,7174,Swasta,0,0,0,0,1,0,1
2024,PROV. SULAWESI UTARA,71,KOTA KOTAMOBAGU,7174,Negeri,3,0,0,0,1,0,4
2024,PROV. SULAWESI TENGAH,72,KAB. BANGGAI,7201,Swasta,4,0,0,1,0,0,5
2024,PROV. SULAWESI TENGAH,72,KAB. BANGGAI,7201,Negeri,18,9,6,14,8,3,58
2024,PROV. SULAWESI TENGAH,72,KAB. POSO,7202,Swasta,0,0,0,0,1,0,1
2024,PROV. SULAWESI TENGAH,72,KAB. POSO,7202,Negeri,15,4,0,0,3,2,24
2024,PROV. SULAWESI TENGAH,72,KAB. DONGGALA,7203,Negeri,40,7,5,3,20,2,77
2024,PROV. SULAWESI TENGAH,72,KAB. DONGGALA,7203,Swasta,1,1,2,1,1,1,7
2024,PROV. SULAWESI TENGAH,72,KAB. TOLITOLI,7204,Swasta,0,0,0,0,0,0,0
2024,PROV. SULAWESI TENGAH,72,KAB. TOLITOLI,7204,Negeri,34,6,11,2,11,6,70
2024,PROV. SULAWESI TENGAH,72,KAB. BUOL,7205,Swasta,1,0,0,0,0,0,1
2024,PROV. SULAWESI TENGAH,72,KAB. BUOL,7205,Negeri,23,2,7,7,22,4,65
2024,PROV. SULAWESI TENGAH,72,KAB. MOROWALI,7206,Negeri,13,2,4,3,7,3,32
2024,PROV. SULAWESI TENGAH,72,KAB. MOROWALI,7206,Swasta,1,0,0,0,0,0,1
2024,PROV. SULAWESI TENGAH,72,KAB. BANGGAI KEPULAUAN,7207,Swasta,0,1,1,1,3,0,6
2024,PROV. SULAWESI TENGAH,72,KAB. BANGGAI KEPULAUAN,7207,Negeri,13,4,1,4,3,4,29
2024,PROV. SULAWESI TENGAH,72,KAB. PARIGI MOUTONG,7208,Negeri,78,22,28,58,71,24,281
2024,PROV. SULAWESI TENGAH,72,KAB. PARIGI MOUTONG,7208,Swasta,10,1,1,1,1,0,14
2024,PROV. SULAWESI TENGAH,72,KAB. TOJO UNA UNA,7209,Negeri,18,4,1,5,11,6,45
2024,PROV. SULAWESI TENGAH,72,KAB. TOJO UNA UNA,7209,Swasta,0,0,0,0,1,0,1
2024,PROV. SULAWESI TENGAH,72,KAB. SIGI,7210,Negeri,36,5,5,15,5,2,68
2024,PROV. SULAWESI TENGAH,72,KAB. SIGI,7210,Swasta,2,1,1,1,1,2,8
2024,PROV. SULAWESI TENGAH,72,KAB. BANGGAI LAUT,7211,Negeri,4,1,2,7,4,0,18
2024,PROV. SULAWESI TENGAH,72,KAB. BANGGAI LAUT,7211,Swasta,0,0,0,0,0,0,0
2024,PROV. SULAWESI TENGAH,72,KAB. MOROWALI UTARA,7212,Negeri,4,3,1,1,2,1,12
2024,PROV. SULAWESI TENGAH,72,KAB. MOROWALI UTARA,7212,Swasta,1,0,0,0,1,0,2
2024,PROV. SULAWESI TENGAH,72,KOTA PALU,7271,Negeri,21,6,0,1,4,1,33
2024,PROV. SULAWESI TENGAH,72,KOTA PALU,7271,Swasta,5,0,0,0,2,0,7
2024,PROV. SULAWESI SELATAN,73,KAB. KEPULAUAN SELAYAR,7301,Negeri,5,5,3,5,11,2,31
2024,PROV. SULAWESI SELATAN,73,KAB. KEPULAUAN SELAYAR,7301,Swasta,0,0,0,0,0,0,0
2024,PROV. SULAWESI SELATAN,73,KAB. BULUKUMBA,7302,Negeri,24,7,4,1,4,8,48
2024,PROV. SULAWESI SELATAN,73,KAB. BULUKUMBA,7302,Swasta,0,0,0,0,0,0,0
2024,PROV. SULAWESI SELATAN,73,KAB. BANTAENG,7303,Swasta,0,0,0,0,0,0,0
2024,PROV. SULAWESI SELATAN,73,KAB. BANTAENG,7303,Negeri,19,4,3,2,9,4,41
2024,PROV. SULAWESI SELATAN,73,KAB. JENEPONTO,7304,Swasta,0,0,0,0,0,0,0
2024,PROV. SULAWESI SELATAN,73,KAB. JENEPONTO,7304,Negeri,110,20,25,21,30,36,242
2024,PROV. SULAWESI SELATAN,73,KAB. TAKALAR,7305,Swasta,1,0,0,0,0,0,1
2024,PROV. SULAWESI SELATAN,73,KAB. TAKALAR,7305,Negeri,37,12,8,4,2,3,66
2024,PROV. SULAWESI SELATAN,73,KAB. GOWA,7306,Negeri,92,36,23,14,21,11,197
2024,PROV. SULAWESI SELATAN,73,KAB. GOWA,7306,Swasta,3,0,2,1,1,0,7
2024,PROV. SULAWESI SELATAN,73,KAB. SINJAI,7307,Swasta,0,0,0,0,1,0,1
2024,PROV. SULAWESI SELATAN,73,KAB. SINJAI,7307,Negeri,36,2,4,6,6,2,56
2024,PROV. SULAWESI SELATAN,73,KAB. BONE,7308,Swasta,2,2,0,0,0,0,4
2024,PROV. SULAWESI SELATAN,73,KAB. BONE,7308,Negeri,50,12,11,16,26,20,135
2024,PROV. SULAWESI SELATAN,73,KAB. MAROS,7309,Negeri,8,3,2,1,2,5,21
2024,PROV. SULAWESI SELATAN,73,KAB. MAROS,7309,Swasta,3,0,0,0,0,0,3
2024,PROV. SULAWESI SELATAN,73,KAB. PANGKAJENE DAN KEPULAUAN,7310,Swasta,3,0,0,0,0,0,3
2024,PROV. SULAWESI SELATAN,73,KAB. PANGKAJENE DAN KEPULAUAN,7310,Negeri,34,8,7,4,8,4,65
2024,PROV. SULAWESI SELATAN,73,KAB. BARRU,7311,Swasta,0,0,0,0,0,0,0
2024,PROV. SULAWESI SELATAN,73,KAB. BARRU,7311,Negeri,11,0,1,0,4,4,20
2024,PROV. SULAWESI SELATAN,73,KAB. SOPPENG,7312,Negeri,1,0,1,4,2,2,10
2024,PROV. SULAWESI SELATAN,73,KAB. SOPPENG,7312,Swasta,0,0,0,0,0,0,0
2024,PROV. SULAWESI SELATAN,73,KAB. WAJO,7313,Negeri,42,8,8,9,12,3,82
2024,PROV. SULAWESI SELATAN,73,KAB. WAJO,7313,Swasta,0,1,0,1,1,0,3
2024,PROV. SULAWESI SELATAN,73,KAB. SIDENRENG RAPPANG,7314,Negeri,8,8,8,10,5,10,49
2024,PROV. SULAWESI SELATAN,73,KAB. SIDENRENG RAPPANG,7314,Swasta,0,0,0,0,1,0,1
2024,PROV. SULAWESI SELATAN,73,KAB. PINRANG,7315,Negeri,30,2,1,1,17,6,57
2024,PROV. SULAWESI SELATAN,73,KAB. PINRANG,7315,Swasta,2,1,9,8,0,0,20
2024,PROV. SULAWESI SELATAN,73,KAB. ENREKANG,7316,Swasta,0,0,0,0,0,0,0
2024,PROV. SULAWESI SELATAN,73,KAB. ENREKANG,7316,Negeri,5,1,2,1,0,1,10
2024,PROV. SULAWESI SELATAN,73,KAB. LUWU,7317,Swasta,0,0,0,0,0,0,0
2024,PROV. SULAWESI SELATAN,73,KAB. LUWU,7317,Negeri,30,0,6,0,4,6,46
2024,PROV. SULAWESI SELATAN,73,KAB. TANA TORAJA,7318,Negeri,19,1,0,4,6,2,32
2024,PROV. SULAWESI SELATAN,73,KAB. TANA TORAJA,7318,Swasta,0,0,0,0,0,0,0
2024,PROV. SULAWESI SELATAN,73,KAB. LUWU UTARA,7322,Negeri,13,3,1,1,3,0,21
2024,PROV. SULAWESI SELATAN,73,KAB. LUWU UTARA,7322,Swasta,0,0,0,0,0,0,0
2024,PROV. SULAWESI SELATAN,73,KAB. LUWU TIMUR,7324,Negeri,3,1,1,1,3,0,9
2024,PROV. SULAWESI SELATAN,73,KAB. LUWU TIMUR,7324,Swasta,0,0,0,0,0,0,0
2024,PROV. SULAWESI SELATAN,73,KAB. TORAJA UTARA,7326,Negeri,32,7,6,10,9,3,67
2024,PROV. SULAWESI SELATAN,73,KAB. TORAJA UTARA,7326,Swasta,2,0,0,2,0,2,6
2024,PROV. SULAWESI SELATAN,73,KOTA MAKASSAR,7371,Swasta,15,6,4,5,7,6,43
2024,PROV. SULAWESI SELATAN,73,KOTA MAKASSAR,7371,Negeri,44,2,5,9,7,14,81
2024,PROV. SULAWESI SELATAN,73,KOTA PAREPARE,7372,Negeri,5,0,0,3,1,1,10
2024,PROV. SULAWESI SELATAN,73,KOTA PAREPARE,7372,Swasta,1,0,0,0,0,0,1
2024,PROV. SULAWESI SELATAN,73,KOTA PALOPO,7373,Negeri,8,2,3,2,0,0,15
2024,PROV. SULAWESI SELATAN,73,KOTA PALOPO,7373,Swasta,1,2,0,0,1,0,4
2024,PROV. SULAWESI TENGGARA,74,KAB. KOLAKA,7401,Negeri,41,11,2,3,10,11,78
2024,PROV. SULAWESI TENGGARA,74,KAB. KOLAKA,7401,Swasta,0,0,0,0,0,0,0
2024,PROV. SULAWESI TENGGARA,74,KAB. KONAWE,7402,Negeri,22,9,6,3,13,7,60
2024,PROV. SULAWESI TENGGARA,74,KAB. KONAWE,7402,Swasta,0,0,0,0,0,0,0
2024,PROV. SULAWESI TENGGARA,74,KAB. MUNA,7403,Negeri,24,9,10,10,14,3,70
2024,PROV. SULAWESI TENGGARA,74,KAB. MUNA,7403,Swasta,1,0,1,3,0,0,5
2024,PROV. SULAWESI TENGGARA,74,KAB. BUTON,7404,Negeri,6,2,1,2,3,5,19
2024,PROV. SULAWESI TENGGARA,74,KAB. BUTON,7404,Swasta,0,0,0,0,0,0,0
2024,PROV. SULAWESI TENGGARA,74,KAB. KONAWE SELATAN,7405,Swasta,0,0,0,0,0,0,0
2024,PROV. SULAWESI TENGGARA,74,KAB. KONAWE SELATAN,7405,Negeri,42,20,2,10,11,2,87
2024,PROV. SULAWESI TENGGARA,74,KAB. BOMBANA,7406,Swasta,1,0,1,0,0,0,2
2024,PROV. SULAWESI TENGGARA,74,KAB. BOMBANA,7406,Negeri,23,11,3,5,7,4,53
2024,PROV. SULAWESI TENGGARA,74,KAB. WAKATOBI,7407,Negeri,25,1,2,2,2,2,34
2024,PROV. SULAWESI TENGGARA,74,KAB. WAKATOBI,7407,Swasta,0,0,0,0,0,0,0
2024,PROV. SULAWESI TENGGARA,74,KAB. KOLAKA UTARA,7408,Negeri,13,1,0,0,1,9,24
2024,PROV. SULAWESI TENGGARA,74,KAB. KOLAKA UTARA,7408,Swasta,0,0,0,0,0,0,0
2024,PROV. SULAWESI TENGGARA,74,KAB. KONAWE UTARA,7409,Swasta,0,0,0,0,0,0,0
2024,PROV. SULAWESI TENGGARA,74,KAB. KONAWE UTARA,7409,Negeri,40,10,7,14,12,7,90
2024,PROV. SULAWESI TENGGARA,74,KAB. BUTON UTARA,7410,Swasta,0,0,0,0,0,0,0
2024,PROV. SULAWESI TENGGARA,74,KAB. BUTON UTARA,7410,Negeri,1,0,1,1,2,0,5
2024,PROV. SULAWESI TENGGARA,74,KAB. KOLAKA TIMUR,7411,Swasta,0,0,0,0,0,0,0
2024,PROV. SULAWESI TENGGARA,74,KAB. KOLAKA TIMUR,7411,Negeri,10,3,3,4,1,2,23
2024,PROV. SULAWESI TENGGARA,74,KAB. KONAWE KEPULAUAN,7412,Swasta,0,0,0,0,0,0,0
2024,PROV. SULAWESI TENGGARA,74,KAB. KONAWE KEPULAUAN,7412,Negeri,4,5,2,0,4,1,16
2024,PROV. SULAWESI TENGGARA,74,KAB. MUNA BARAT,7413,Negeri,7,9,0,1,3,2,22
2024,PROV. SULAWESI TENGGARA,74,KAB. MUNA BARAT,7413,Swasta,0,0,0,0,0,0,0
2024,PROV. SULAWESI TENGGARA,74,KAB. BUTON TENGAH,7414,Swasta,0,0,0,0,0,0,0
2024,PROV. SULAWESI TENGGARA,74,KAB. BUTON TENGAH,7414,Negeri,6,8,3,2,0,2,21
2024,PROV. SULAWESI TENGGARA,74,KAB. BUTON SELATAN,7415,Negeri,3,1,0,0,2,1,7
2024,PROV. SULAWESI TENGGARA,74,KAB. BUTON SELATAN,7415,Swasta,0,0,0,0,0,0,0
2024,PROV. SULAWESI TENGGARA,74,KOTA KENDARI,7471,Swasta,15,2,1,1,0,0,19
2024,PROV. SULAWESI TENGGARA,74,KOTA KENDARI,7471,Negeri,8,1,2,2,2,0,15
2024,PROV. SULAWESI TENGGARA,74,KOTA BAU BAU,7472,Negeri,9,3,0,0,0,1,13
2024,PROV. SULAWESI TENGGARA,74,KOTA BAU BAU,7472,Swasta,2,0,0,0,0,0,2
2024,PROV. GORONTALO,75,KAB. GORONTALO,7501,Negeri,15,14,13,25,41,11,119
2024,PROV. GORONTALO,75,KAB. GORONTALO,7501,Swasta,1,0,0,1,3,0,5
2024,PROV. GORONTALO,75,KAB. BOALEMO,7502,Negeri,29,9,11,13,23,6,91
2024,PROV. GORONTALO,75,KAB. BOALEMO,7502,Swasta,0,0,0,0,0,0,0
2024,PROV. GORONTALO,75,KAB. BONE BOLANGO,7503,Negeri,30,2,5,2,12,4,55
2024,PROV. GORONTALO,75,KAB. BONE BOLANGO,7503,Swasta,0,0,0,0,0,0,0
2024,PROV. GORONTALO,75,KAB. POHUWATO,7504,Negeri,26,12,10,9,21,3,81
2024,PROV. GORONTALO,75,KAB. POHUWATO,7504,Swasta,3,0,0,0,1,0,4
2024,PROV. GORONTALO,75,KAB. GORONTALO UTARA,7505,Swasta,0,0,0,0,0,0,0
2024,PROV. GORONTALO,75,KAB. GORONTALO UTARA,7505,Negeri,10,2,6,3,8,2,31
2024,PROV. GORONTALO,75,KOTA GORONTALO,7571,Negeri,6,0,1,3,2,3,15
2024,PROV. GORONTALO,75,KOTA GORONTALO,7571,Swasta,2,0,0,0,0,0,2
2024,PROV. SULAWESI BARAT,76,KAB. PASANGKAYU,7601,Swasta,0,0,0,0,0,0,0
2024,PROV. SULAWESI BARAT,76,KAB. PASANGKAYU,7601,Negeri,13,0,2,0,6,2,23
2024,PROV. SULAWESI BARAT,76,KAB. MAMUJU,7602,Negeri,15,4,6,13,16,11,65
2024,PROV. SULAWESI BARAT,76,KAB. MAMUJU,7602,Swasta,0,0,0,0,0,0,0
2024,PROV. SULAWESI BARAT,76,KAB. MAMASA,7603,Swasta,1,0,0,0,0,0,1
2024,PROV. SULAWESI BARAT,76,KAB. MAMASA,7603,Negeri,29,3,2,4,14,3,55
2024,PROV. SULAWESI BARAT,76,KAB. POLEWALI MANDAR,7604,Swasta,0,0,0,0,0,0,0
2024,PROV. SULAWESI BARAT,76,KAB. POLEWALI MANDAR,7604,Negeri,48,8,12,7,13,5,93
2024,PROV. SULAWESI BARAT,76,KAB. MAJENE,7605,Swasta,0,0,0,0,0,0,0
2024,PROV. SULAWESI BARAT,76,KAB. MAJENE,7605,Negeri,6,7,2,3,3,6,27
2024,PROV. SULAWESI BARAT,76,KAB. MAMUJU TENGAH,7606,Negeri,25,1,0,0,4,0,30
2024,PROV. SULAWESI BARAT,76,KAB. MAMUJU TENGAH,7606,Swasta,0,0,0,0,0,0,0
2024,PROV. MALUKU,81,KAB. MALUKU TENGAH,8101,Negeri,86,43,32,25,34,16,236
2024,PROV. MALUKU,81,KAB. MALUKU TENGAH,8101,Swasta,30,0,0,0,1,0,31
2024,PROV. MALUKU,81,KAB. MALUKU TENGGARA,8102,Negeri,18,7,4,7,7,7,50
2024,PROV. MALUKU,81,KAB. MALUKU TENGGARA,8102,Swasta,17,12,11,15,12,7,74
2024,PROV. MALUKU,81,KAB. KEPULAUAN TANIMBAR,8103,Negeri,6,9,8,1,14,16,54
2024,PROV. MALUKU,81,KAB. KEPULAUAN TANIMBAR,8103,Swasta,8,27,3,9,9,4,60
2024,PROV. MALUKU,81,KAB. BURU,8104,Negeri,11,6,6,12,2,8,45
2024,PROV. MALUKU,81,KAB. BURU,8104,Swasta,2,14,1,0,1,5,23
2024,PROV. MALUKU,81,KAB. SERAM BAGIAN TIMUR,8105,Swasta,1,3,3,2,9,0,18
2024,PROV. MALUKU,81,KAB. SERAM BAGIAN TIMUR,8105,Negeri,18,4,8,11,30,6,77
2024,PROV. MALUKU,81,KAB. SERAM BAGIAN BARAT,8106,Negeri,29,12,9,4,3,1,58
2024,PROV. MALUKU,81,KAB. SERAM BAGIAN BARAT,8106,Swasta,11,3,1,5,3,3,26
2024,PROV. MALUKU,81,KAB. KEPULAUAN ARU,8107,Negeri,11,6,5,13,5,2,42
2024,PROV. MALUKU,81,KAB. KEPULAUAN ARU,8107,Swasta,0,2,0,0,0,1,3
2024,PROV. MALUKU,81,KAB. MALUKU BARAT DAYA,8108,Swasta,2,0,0,1,2,0,5
2024,PROV. MALUKU,81,KAB. MALUKU BARAT DAYA,8108,Negeri,20,4,2,0,3,2,31
2024,PROV. MALUKU,81,KAB. BURU SELATAN,8109,Negeri,15,13,15,16,32,8,99
2024,PROV. MALUKU,81,KAB. BURU SELATAN,8109,Swasta,13,10,9,11,10,13,66
2024,PROV. MALUKU,81,KOTA AMBON,8171,Swasta,42,3,4,2,0,4,55
2024,PROV. MALUKU,81,KOTA AMBON,8171,Negeri,115,13,16,12,10,11,177
2024,PROV. MALUKU,81,KOTA TUAL,8172,Swasta,3,0,0,0,0,0,3
2024,PROV. MALUKU,81,KOTA TUAL,8172,Negeri,12,6,5,2,6,5,36
2024,PROV. MALUKU UTARA,82,KAB. HALMAHERA BARAT,8201,Swasta,3,1,1,1,1,0,7
2024,PROV. MALUKU UTARA,82,KAB. HALMAHERA BARAT,8201,Negeri,29,23,16,8,5,3,84
2024,PROV. MALUKU UTARA,82,KAB. HALMAHERA TENGAH,8202,Negeri,29,1,5,3,2,2,42
2024,PROV. MALUKU UTARA,82,KAB. HALMAHERA TENGAH,8202,Swasta,0,0,0,0,0,0,0
2024,PROV. MALUKU UTARA,82,KAB. HALMAHERA UTARA,8203,Negeri,9,9,5,8,18,5,54
2024,PROV. MALUKU UTARA,82,KAB. HALMAHERA UTARA,8203,Swasta,10,0,3,10,3,3,29
2024,PROV. MALUKU UTARA,82,KAB. HALMAHERA SELATAN,8204,Swasta,2,1,0,1,0,1,5
2024,PROV. MALUKU UTARA,82,KAB. HALMAHERA SELATAN,8204,Negeri,38,25,26,29,55,33,206
2024,PROV. MALUKU UTARA,82,KAB. KEPULAUAN SULA,8205,Swasta,0,0,0,0,0,1,1
2024,PROV. MALUKU UTARA,82,KAB. KEPULAUAN SULA,8205,Negeri,5,14,4,4,4,3,34
2024,PROV. MALUKU UTARA,82,KAB. HALMAHERA TIMUR,8206,Negeri,7,8,3,1,3,4,26
2024,PROV. MALUKU UTARA,82,KAB. HALMAHERA TIMUR,8206,Swasta,0,0,0,0,0,0,0
2024,PROV. MALUKU UTARA,82,KAB. PULAU MOROTAI,8207,Negeri,10,1,2,0,0,0,13
2024,PROV. MALUKU UTARA,82,KAB. PULAU MOROTAI,8207,Swasta,2,1,0,0,0,1,4
2024,PROV. MALUKU UTARA,82,KAB. PULAU TALIABU,8208,Swasta,16,6,1,0,0,0,23
2024,PROV. MALUKU UTARA,82,KAB. PULAU TALIABU,8208,Negeri,18,6,7,9,2,6,48
2024,PROV. MALUKU UTARA,82,KOTA TERNATE,8271,Negeri,52,10,9,5,6,4,86
2024,PROV. MALUKU UTARA,82,KOTA TERNATE,8271,Swasta,9,1,4,0,2,0,16
2024,PROV. MALUKU UTARA,82,KOTA TIDORE KEPULAUAN,8272,Swasta,0,0,0,0,0,0,0
2024,PROV. MALUKU UTARA,82,KOTA TIDORE KEPULAUAN,8272,Negeri,8,4,1,1,3,0,17
2024,PROV. PAPUA,91,KAB. JAYAPURA,9103,Swasta,4,6,7,3,7,0,27
2024,PROV. PAPUA,91,KAB. JAYAPURA,9103,Negeri,15,1,11,8,6,7,48
2024,PROV. PAPUA,91,KAB. KEPULAUAN YAPEN,9105,Negeri,18,1,4,1,3,4,31
2024,PROV. PAPUA,91,KAB. KEPULAUAN YAPEN,9105,Swasta,35,3,5,5,6,8,62
2024,PROV. PAPUA,91,KAB. BIAK NUMFOR,9106,Swasta,22,26,16,23,22,22,131
2024,PROV. PAPUA,91,KAB. BIAK NUMFOR,9106,Negeri,27,26,24,2,23,4,106
2024,PROV. PAPUA,91,KAB. SARMI,9110,Swasta,6,0,2,3,19,0,30
2024,PROV. PAPUA,91,KAB. SARMI,9110,Negeri,10,0,0,2,4,2,18
2024,PROV. PAPUA,91,KAB. KEEROM,9111,Swasta,4,1,1,1,0,2,9
2024,PROV. PAPUA,91,KAB. KEEROM,9111,Negeri,9,2,1,3,1,6,22
2024,PROV. PAPUA,91,KAB. WAROPEN,9115,Negeri,4,0,0,3,2,9,18
2024,PROV. PAPUA,91,KAB. WAROPEN,9115,Swasta,0,0,0,0,1,0,1
2024,PROV. PAPUA,91,KAB. SUPIORI,9119,Negeri,7,3,7,1,7,3,28
2024,PROV. PAPUA,91,KAB. SUPIORI,9119,Swasta,0,0,0,1,0,0,1
2024,PROV. PAPUA,91,KAB. MAMBERAMO RAYA,9120,Swasta,3,2,0,0,0,5,10
2024,PROV. PAPUA,91,KAB. MAMBERAMO RAYA,9120,Negeri,33,2,8,4,8,6,61
2024,PROV. PAPUA,91,KOTA JAYAPURA,9171,Swasta,13,1,3,3,2,4,26
2024,PROV. PAPUA,91,KOTA JAYAPURA,9171,Negeri,13,4,5,5,9,4,40
2024,PROV. PAPUA BARAT,92,KAB. MANOKWARI,9202,Negeri,13,3,5,7,6,1,35
2024,PROV. PAPUA BARAT,92,KAB. MANOKWARI,9202,Swasta,11,0,0,0,0,1,12
2024,PROV. PAPUA BARAT,92,KAB. FAK FAK,9203,Swasta,3,3,1,1,3,2,13
2024,PROV. PAPUA BARAT,92,KAB. FAK FAK,9203,Negeri,9,2,1,6,6,1,25
2024,PROV. PAPUA BARAT,92,KAB. TELUK BINTUNI,9206,Swasta,8,2,2,1,8,22,43
2024,PROV. PAPUA BARAT,92,KAB. TELUK BINTUNI,9206,Negeri,3,6,1,2,8,9,29
2024,PROV. PAPUA BARAT,92,KAB. TELUK WONDAMA,9207,Swasta,7,1,0,5,3,4,20
2024,PROV. PAPUA BARAT,92,KAB. TELUK WONDAMA,9207,Negeri,5,3,1,0,1,2,12
2024,PROV. PAPUA BARAT,92,KAB. KAIMANA,9208,Swasta,1,1,0,0,1,1,4
2024,PROV. PAPUA BARAT,92,KAB. KAIMANA,9208,Negeri,2,1,0,0,0,3,6
2024,PROV. PAPUA BARAT,92,KAB. MANOKWARI SELATAN,9211,Negeri,2,0,2,0,3,2,9
2024,PROV. PAPUA BARAT,92,KAB. MANOKWARI SELATAN,9211,Swasta,0,0,0,0,0,0,0
2024,PROV. PAPUA BARAT,92,KAB. PEGUNUNGAN ARFAK,9212,Negeri,12,10,5,6,6,9,48
2024,PROV. PAPUA SELATAN,93,KAB. MERAUKE,9301,Swasta,17,5,11,5,3,17,58
2024,PROV. PAPUA SELATAN,93,KAB. MERAUKE,9301,Negeri,19,6,7,5,17,16,70
2024,PROV. PAPUA SELATAN,93,KAB. BOVEN DIGOEL,9302,Negeri,17,12,9,5,2,5,50
2024,PROV. PAPUA SELATAN,93,KAB. BOVEN DIGOEL,9302,Swasta,21,3,2,12,5,9,52
2024,PROV. PAPUA SELATAN,93,KAB. MAPPI,9303,Swasta,4,8,11,50,30,29,132
2024,PROV. PAPUA SELATAN,93,KAB. MAPPI,9303,Negeri,47,63,58,53,40,22,283
2024,PROV. PAPUA SELATAN,93,KAB. ASMAT,9304,Swasta,21,4,7,6,6,4,48
2024,PROV. PAPUA SELATAN,93,KAB. ASMAT,9304,Negeri,11,11,13,21,22,5,83
2024,PROV. PAPUA TENGAH,94,KAB. NABIRE,9401,Swasta,17,5,14,7,0,1,44
2024,PROV. PAPUA TENGAH,94,KAB. NABIRE,9401,Negeri,27,18,14,11,10,7,87
2024,PROV. PAPUA TENGAH,94,KAB. PUNCAK JAYA,9402,Swasta,0,0,0,1,0,3,4
2024,PROV. PAPUA TENGAH,94,KAB. PUNCAK JAYA,9402,Negeri,8,1,5,2,4,10,30
2024,PROV. PAPUA TENGAH,94,KAB. PANIAI,9403,Swasta,32,80,85,33,44,26,300
2024,PROV. PAPUA TENGAH,94,KAB. PANIAI,9403,Negeri,47,4,4,14,1,7,77
2024,PROV. PAPUA TENGAH,94,KAB. MIMIKA,9404,Negeri,72,38,30,12,13,10,175
2024,PROV. PAPUA TENGAH,94,KAB. MIMIKA,9404,Swasta,84,51,4,29,14,7,189
2024,PROV. PAPUA TENGAH,94,KAB. PUNCAK,9405,Swasta,0,0,0,0,0,1,1
2024,PROV. PAPUA TENGAH,94,KAB. PUNCAK,9405,Negeri,1,0,2,0,0,0,3
2024,PROV. PAPUA TENGAH,94,KAB. DOGIYAI,9406,Negeri,4,2,1,3,3,2,15
2024,PROV. PAPUA TENGAH,94,KAB. DOGIYAI,9406,Swasta,11,17,0,5,1,2,36
2024,PROV. PAPUA TENGAH,94,KAB. INTAN JAYA,9407,Negeri,0,0,0,0,0,0,0
2024,PROV. PAPUA TENGAH,94,KAB. INTAN JAYA,9407,Swasta,0,0,0,0,0,0,0
2024,PROV. PAPUA TENGAH,94,KAB. DEIYAI,9408,Negeri,0,19,6,4,3,1,33
2024,PROV. PAPUA TENGAH,94,KAB. DEIYAI,9408,Swasta,13,5,0,0,0,0,18
2024,PROV. PAPUA PEGUNUNGAN,95,KAB. JAYAWIJAYA,9501,Negeri,16,5,1,3,5,4,34
2024,PROV. PAPUA PEGUNUNGAN,95,KAB. JAYAWIJAYA,9501,Swasta,8,9,3,2,5,12,39
2024,PROV. PAPUA PEGUNUNGAN,95,KAB. PEGUNUNGAN BINTANG,9502,Swasta,2,0,1,1,0,0,4
2024,PROV. PAPUA PEGUNUNGAN,95,KAB. PEGUNUNGAN BINTANG,9502,Negeri,3,46,1,12,12,1,75
2024,PROV. PAPUA PEGUNUNGAN,95,KAB. YAHUKIMO,9503,Negeri,87,103,66,34,86,131,507
2024,PROV. PAPUA PEGUNUNGAN,95,KAB. YAHUKIMO,9503,Swasta,25,13,16,15,8,35,112
2024,PROV. PAPUA PEGUNUNGAN,95,KAB. TOLIKARA,9504,Swasta,8,7,5,3,3,3,29
2024,PROV. PAPUA PEGUNUNGAN,95,KAB. TOLIKARA,9504,Negeri,7,63,10,6,7,4,97
2024,PROV. PAPUA PEGUNUNGAN,95,KAB. MAMBERAMO TENGAH,9505,Negeri,4,2,0,1,1,0,8
2024,PROV. PAPUA PEGUNUNGAN,95,KAB. MAMBERAMO TENGAH,9505,Swasta,0,0,0,0,0,0,0
2024,PROV. PAPUA PEGUNUNGAN,95,KAB. YALIMO,9506,Swasta,13,7,0,0,4,2,26
2024,PROV. PAPUA PEGUNUNGAN,95,KAB. YALIMO,9506,Negeri,64,51,15,14,6,5,155
2024,PROV. PAPUA PEGUNUNGAN,95,KAB. LANNY JAYA,9507,Negeri,38,24,20,5,8,6,101
2024,PROV. PAPUA PEGUNUNGAN,95,KAB. LANNY JAYA,9507,Swasta,3,0,2,0,1,0,6
2024,PROV. PAPUA PEGUNUNGAN,95,KAB. NDUGA,9508,Swasta,0,0,0,0,0,0,0
2024,PROV. PAPUA PEGUNUNGAN,95,KAB. NDUGA,9508,Negeri,10,0,0,0,1,0,11
2024,PROV. PAPUA BARAT DAYA,96,KAB. SORONG,9601,Negeri,35,36,15,9,9,10,114
2024,PROV. PAPUA BARAT DAYA,96,KAB. SORONG,9601,Swasta,3,0,0,0,3,0,6
2024,PROV. PAPUA BARAT DAYA,96,KAB. SORONG SELATAN,9602,Swasta,10,1,2,1,1,4,19
2024,PROV. PAPUA BARAT DAYA,96,KAB. SORONG SELATAN,9602,Negeri,10,2,1,0,2,2,17
2024,PROV. PAPUA BARAT DAYA,96,KAB. RAJA AMPAT,9603,Swasta,3,0,0,0,0,0,3
2024,PROV. PAPUA BARAT DAYA,96,KAB. RAJA AMPAT,9603,Negeri,6,2,0,3,5,3,19
2024,PROV. PAPUA BARAT DAYA,96,KAB. TAMBRAUW,9604,Negeri,6,2,2,0,8,4,22
2024,PROV. PAPUA BARAT DAYA,96,KAB. TAMBRAUW,9604,Swasta,1,3,1,1,7,3,16
2024,PROV. PAPUA BARAT DAYA,96,KAB. MAYBRAT,9605,Swasta,11,0,0,2,0,1,14
2024,PROV. PAPUA BARAT DAYA,96,KAB. MAYBRAT,9605,Negeri,2,0,0,1,0,2,5
2024,PROV. PAPUA BARAT DAYA,96,KOTA SORONG,9671,Negeri,9,6,2,0,10,1,28
2024,PROV. PAPUA BARAT DAYA,96,KOTA SORONG,9671,Swasta,5,3,0,0,0,1,9
